movieId,title,genres,tmdbId,overview,poster_path,release_date,vote_average,tmdb_genres
1,Toy Story (1995),Adventure|Animation|Children|Comedy|Fantasy,862.0,"Led by Woody, Andy's toys live happily in his room until Andy's birthday brings Buzz Lightyear onto the scene. Afraid of losing his place in Andy's heart, Woody plots against Buzz. But when circumstances separate Buzz and Woody from their owner, the duo eventually learns to put aside their differences.",/uXDfjJbdP4ijW5hWSBrPrlKpxab.jpg,1995-11-22,7.971,"['Family', 'Comedy', 'Animation', 'Adventure']"
2,Jumanji (1995),Adventure|Children|Fantasy,8844.0,"When siblings Judy and Peter discover an enchanted board game that opens the door to a magical world, they unwittingly invite Alan -- an adult who's been trapped inside the game for 26 years -- into their living room. Alan's only hope for freedom is to finish the game, which proves risky as all three find themselves running from giant rhinoceroses, evil monkeys and other terrifying creatures.",/vgpXmVaVyUL7GGiDeiK1mKEKzcX.jpg,1995-12-15,7.244,"['Adventure', 'Fantasy', 'Family']"
3,Grumpier Old Men (1995),Comedy|Romance,15602.0,"A family wedding reignites the ancient feud between next-door neighbors and fishing buddies John and Max. Meanwhile, a sultry Italian divorcée opens a restaurant at the local bait shop, alarming the locals who worry she'll scare the fish away. But she's less interested in seafood than she is in cooking up a hot time with Max.",/1FSXpj5e8l4KH6nVFO5SPUeraOt.jpg,1995-12-22,6.5,"['Romance', 'Comedy']"
4,Waiting to Exhale (1995),Comedy|Drama|Romance,31357.0,"Cheated on, mistreated and stepped on, the women are holding their breath, waiting for the elusive ""good man"" to break a string of less-than-stellar lovers. Friends and confidants Vannah, Bernie, Glo and Robin talk it all out, determined to find a better way to breathe.",/8MprEuTY3EwkF9nBBPCUyjRjvs5.jpg,1995-12-22,6.2,"['Comedy', 'Drama', 'Romance']"
5,Father of the Bride Part II (1995),Comedy,11862.0,"Just when George Banks has recovered from his daughter's wedding, he receives the news that she's pregnant ... and that George's wife is expecting too. He was planning on selling their home, but that's a plan that—like George—will have to change with the arrival of both a grandchild and a kid of his own.",/rj4LBtwQ0uGrpBnCELr716Qo3mw.jpg,1995-12-08,6.3,"['Comedy', 'Family']"
6,Heat (1995),Action|Crime|Thriller,949.0,Obsessive master thief Neil McCauley leads a top-notch crew on various daring heists throughout Los Angeles while determined detective Vincent Hanna pursues him without rest. Each man recognizes and respects the ability and the dedication of the other even though they are aware their cat-and-mouse game may end in violence.,/umSVjVdbVwtx5ryCA2QXL44Durm.jpg,1995-12-15,7.931,"['Crime', 'Drama', 'Action']"
7,Sabrina (1995),Comedy|Romance,11860.0,"After her return from school in Paris, a playboy finally takes notice of his family's chauffeur's daughter Sabrina, who's long had a crush on him, but he questions his more serious brother's motives when he warns against getting involved with her.",/i8PbLJDPU7vCwwscWD625oHbJy.jpg,1995-12-15,6.214,"['Romance', 'Drama', 'Comedy']"
8,Tom and Huck (1995),Adventure|Children,45325.0,"A mischievous young boy, Tom Sawyer, witnesses a murder by the deadly Injun Joe. Tom becomes friends with Huckleberry Finn, a boy with no future and no family. Tom has to choose between honoring a friendship or honoring an oath because the town alcoholic is accused of the murder. Tom and Huck go through several adventures trying to retrieve evidence.",/bMY31ikEOIPOHqQwhPhII8UVBln.jpg,1995-12-22,5.288,"['Family', 'Action', 'Adventure', 'Drama']"
9,Sudden Death (1995),Action,9091.0,When a man's daughter is suddenly taken during a championship hockey game – with the captors demanding a billion dollars by game's end – he frantically sets a plan in motion to rescue her and abort an impending explosion before the final buzzer.,/1pylO6YX5XdOA6QCc5IRxrrffkg.jpg,1995-10-27,6.0,"['Action', 'Drama', 'Thriller', 'Crime']"
10,GoldenEye (1995),Action|Adventure|Thriller,710.0,"When a powerful satellite system falls into the hands of Alec Trevelyan, AKA Agent 006, a former ally-turned-enemy, only James Bond can save the world from a dangerous space weapon that -- in one short pulse -- could destroy the earth! As Bond squares off against his former compatriot, he also battles Xenia Onatopp, an assassin who uses pleasure as her ultimate weapon.",/z0ljRnNxIO7CRBhLEO0DvLgAFPR.jpg,1995-11-16,6.896,"['Adventure', 'Action', 'Thriller']"
11,"American President, The (1995)",Comedy|Drama|Romance,9087.0,"Widowed U.S. president Andrew Shepherd, one of the world's most powerful men, can have anything he wants -- and what he covets most is Sydney Ellen Wade, a Washington lobbyist. But Shepherd's attempts at courting her spark wild rumors and decimate his approval ratings.",/yObOAYFIHXHkFPQ3jhgkN2ezaD.jpg,1995-11-17,6.53,"['Drama', 'Romance']"
12,Dracula: Dead and Loving It (1995),Comedy|Horror,12110.0,"When a lawyer shows up at the vampire's doorstep, he falls prey to his charms and joins him in his search for fresh blood. Enter Professor Van Helsing, who may be the only one able to vanquish the Count.",/4rRfZz8YnHNRr16t3CFcJrPdXHi.jpg,1995-12-22,6.06,"['Comedy', 'Horror']"
13,Balto (1995),Adventure|Animation|Children,21032.0,"An outcast half-wolf risks his life to prevent a deadly epidemic from ravaging Nome, Alaska.",/dCVcdb5oxDizqFLz0F7TE60NoC9.jpg,1995-12-22,7.302,"['Family', 'Animation', 'Adventure', 'Drama', 'History']"
14,Nixon (1995),Drama,10858.0,A look at President Richard M. Nixon—a man carrying the fate of the world on his shoulders while battling the self-destructive demands from within—spanning his troubled boyhood in California to the shocking Watergate scandal that would end his Presidency.,/cz2MTGr2wpDZLirgV2rGHBdA2t3.jpg,1995-12-22,6.9,"['Drama', 'History']"
15,Cutthroat Island (1995),Action|Adventure|Romance,1408.0,"Morgan Adams and her slave, William Shaw, are on a quest to recover the three portions of a treasure map. Unfortunately, the final portion is held by her murderous uncle, Dawg. Her crew is skeptical of her leadership abilities, so she must complete her quest before they mutiny against her. This is made yet more difficult by the efforts of the British crown to end her pirate raids.",/hYdeBZ4BFXivdouxLfQGWNE6zRx.jpg,1995-12-22,5.787,"['Action', 'Adventure']"
16,Casino (1995),Crime|Drama,524.0,"In Las Vegas, two best friends--a casino executive and a Mafia enforcer--compete for a gambling empire and a fast-living, fast-loving socialite.",/gziIkUSnYuj9ChCi8qOu2ZunpSC.jpg,1995-11-22,7.991,"['Crime', 'Drama']"
17,Sense and Sensibility (1995),Drama|Romance,4584.0,"The Dashwood sisters, sensible Elinor and passionate Marianne, learn that their prospects of marriage seem doomed by their family's sudden loss of fortune. After Henry Dashwood dies unexpectedly, his estate must pass on by law to his son. These circumstances leave Mr. Dashwood's wife and daughters without a home and with barely enough money to live on. As Elinor and Marianne struggle to find romantic fulfillment in a society obsessed with financial and social status, they must learn to mix sense with sensibility in their dealings with both money and men.",/cBK2yL3HqhFvIVd7lLtazWlRZPR.jpg,1995-12-13,7.422,"['Drama', 'Romance']"
18,Four Rooms (1995),Comedy,5.0,It's Ted the Bellhop's first night on the job...and the hotel's very unusual guests are about to place him in some outrageous predicaments. It seems that this evening's room service is serving up one unbelievable happening after another.,/75aHn1NOYXh4M7L5shoeQ6NGykP.jpg,1995-12-09,5.895,['Comedy']
19,Ace Ventura: When Nature Calls (1995),Comedy,9273.0,"Summoned from an ashram in Tibet, Ace finds himself on a perilous journey into the jungles of Africa to find Shikaka, the missing sacred animal of the friendly Wachati tribe. He must accomplish this before the wedding of the Wachati's Princess to the prince of the warrior Wachootoos. If Ace fails, the result will be a vicious tribal war.",/wcinCf1ov2D6M3P7BBZkzQFOiIb.jpg,1995-11-10,6.324,"['Crime', 'Comedy', 'Adventure']"
20,Money Train (1995),Action|Comedy|Crime|Drama|Thriller,11517.0,"When a vengeful New York transit cop decides to steal a trainload of subway fares, his foster brother—a fellow cop—tries to protect him.",/jWBDz6Mf9aQVBiUS76JQsEhvoJl.jpg,1995-11-21,5.854,"['Action', 'Comedy', 'Crime']"
21,Get Shorty (1995),Comedy|Crime|Thriller,8012.0,"Chili Palmer is a Miami mobster who gets sent to L.A. to collect a bad debt from Harry Zimm, a Hollywood producer who specializes in cheesy horror films. When Chili meets Harry's leading lady, the romantic sparks fly. After pitching his own life story as a movie idea, Chili learns that being a mobster and being a Hollywood producer really aren't all that different.",/r82SdPhg4fnIcLt0ogIjQxqjdcO.jpg,1995-10-20,6.5,"['Comedy', 'Thriller', 'Crime']"
22,Copycat (1995),Crime|Drama|Horror|Mystery|Thriller,1710.0,An agoraphobic psychologist and a female detective must work together to take down a serial killer who copies serial killers from the past.,/oMgwJb016znNZcpDR20eXxZoW8A.jpg,1995-10-27,6.465,"['Thriller', 'Crime', 'Mystery']"
23,Assassins (1995),Action|Crime|Thriller,9691.0,"Assassin Robert Rath arrives at a funeral to kill a prominent mobster, only to witness a rival hired gun complete the job for him -- with grisly results. Horrified by the murder of innocent bystanders, Rath decides to take one last job and then return to civilian life. But finding his way out of the world of contract killing grows ever more dangerous as Rath falls for his female target and becomes a marked man himself.",/wPmZYnaQpxwoHmwNwVhZ2IY0UbF.jpg,1995-10-06,6.5,"['Action', 'Adventure', 'Crime', 'Thriller']"
24,Powder (1995),Drama|Sci-Fi,12665.0,"Harassed by classmates who won't accept his shocking appearance, a shy young man known as ""Powder"" struggles to fit in. But the cruel taunts stop when Powder displays a mysterious power that allows him to do incredible things. This phenomenon changes the lives of all those around him in ways they never could have imagined.",/aQSA63T7zyzZxBZxr2MQaxt1gtO.jpg,1995-10-27,7.002,"['Drama', 'Fantasy']"
25,Leaving Las Vegas (1995),Drama|Romance,451.0,"Ben Sanderson, an alcoholic Hollywood screenwriter who lost everything because of his drinking, arrives in Las Vegas to drink himself to death. There, he meets and forms an uneasy friendship and non-interference pact with prostitute Sera.",/wTrFpGe3U65kXTldIUxuM2hmOAK.jpg,1995-10-27,7.25,"['Drama', 'Romance']"
26,Othello (1995),Drama,16420.0,The evil Iago pretends to be friend of Othello in order to manipulate him to serve his own end in the film version of this Shakespeare classic.,/kyevuYzW36wKadiE8lftLac5VwQ.jpg,1995-12-15,6.3,['Drama']
27,Now and Then (1995),Children|Drama,9263.0,"Waxing nostalgic about the bittersweet passage from childhood to puberty, four childhood girlfriends — Teeny, Chrissy, Samantha and Roberta — recall the magical summer of 1970. During their walk down memory lane, they reconcile experiences with boys, secrets, bullies and more.",/q31Ks8oAmM4Nq2CcGjyYYpdBAmh.jpg,1995-10-20,6.9,"['Comedy', 'Drama', 'Romance']"
28,Persuasion (1995),Drama|Romance,17015.0,"In early 19th-century England, dire financial straits reacquaint the aristocratic Anne Elliot with her wealthy ex-fiance Frederick Wentworth. The two must choose between either putting the past behind them or listening to their hearts.",/10hycdhFLq3M3y0ONxIMSiY8Mrs.jpg,1995-05-01,7.144,"['Drama', 'Romance']"
29,"City of Lost Children, The (Cité des enfants perdus, La) (1995)",Adventure|Drama|Fantasy|Mystery|Sci-Fi,902.0,"A scientist in a surrealist society kidnaps children to steal their dreams, hoping that they slow his aging process.",/whwT3Q9JxbAYzEc3t7uYYcCbTMf.jpg,1995-05-17,7.2,"['Fantasy', 'Science Fiction', 'Adventure']"
30,Shanghai Triad (Yao a yao yao dao waipo qiao) (1995),Crime|Drama,37557.0,"Shanghai, China, 1930. When young Shuisheng arrives from the countryside, his uncle Liushu puts him at the service of Bijou, the mistress of Laoda, supreme boss of the Tang Triad, constantly threatened by his enemies, both those he knows and those lurking in the shadows.",/tzG1UxUSfPACREjgBrsPDRUvneH.jpg,1995-09-14,6.761,"['Drama', 'Crime']"
31,Dangerous Minds (1995),Drama,9909.0,"Former Marine Louanne Johnson lands a gig teaching in a pilot program for bright but underachieving teens at a notorious inner-city high school. After having a terrible first day, she decides she must throw decorum to the wind. When Johnson returns to the classroom, she does so armed with a no-nonsense attitude informed by her military training and a fearless determination to better the lives of her students -- no matter what the cost.",/yWHWC8fJRp2kLgiFrEa8o3krOH9.jpg,1995-08-11,7.0,['Drama']
32,Twelve Monkeys (a.k.a. 12 Monkeys) (1995),Mystery|Sci-Fi|Thriller,63.0,"In the year 2035, convict James Cole reluctantly volunteers to be sent back in time to discover the origin of a deadly virus that wiped out nearly all of the earth's population and forced the survivors into underground communities. But when Cole is mistakenly sent to 1990 instead of 1996, he's arrested and locked up in a mental hospital. There he meets psychiatrist Dr. Kathryn Railly and the son of a famous virus expert who may hold the key to the Army of the 12 Monkeys; thought to be responsible for unleashing the killer disease.",/gt3iyguaCIw8DpQZI1LIN5TohM2.jpg,1995-12-29,7.603,"['Science Fiction', 'Thriller', 'Mystery']"
34,Babe (1995),Children|Drama,9598.0,"Babe is a little pig who doesn't quite know his place in the world. With a bunch of odd friends, like Ferdinand the duck who thinks he is a rooster and Fly the dog he calls mum, Babe realises that he has the makings to become the greatest sheep pig of all time, and Farmer Hoggett knows it. With the help of the sheep dogs, Babe learns that a pig can be anything that he wants to be.",/zKuQMtnbVTz9DsOnOJmlW71v4qH.jpg,1995-07-18,6.3,"['Fantasy', 'Drama', 'Comedy', 'Family']"
36,Dead Man Walking (1995),Crime|Drama,687.0,A death row inmate turns for spiritual guidance to a local nun in the days leading up to his scheduled execution for the murders of a young couple.,/eShxyjhWoFl3BwsuEmVsr4nLaMZ.jpg,1995-12-29,7.321,['Drama']
38,It Takes Two (1995),Children|Comedy,33689.0,"Identical 9-year-olds from very different backgrounds: orphaned Amanda and wealthy Alyssa meet at summer camp and decide to switch places -- and play matchmaker between Alyssa's dad, Roger, and the kind social worker who cares for Amanda.",/4CptjFLiIJXtjc3dykS7vkEHMbw.jpg,1995-11-17,6.5,"['Comedy', 'Family', 'Romance']"
39,Clueless (1995),Comedy|Romance,9603.0,"Shallow, rich and socially successful Cher is at the top of her Beverly Hills high school's pecking scale. Seeing herself as a matchmaker, Cher first coaxes two teachers into dating each other. Emboldened by her success, she decides to give hopelessly klutzy new student Tai a makeover. When Tai becomes more popular than she is, Cher realizes that her disapproving ex-stepbrother was right about how misguided she was -- and falls for him.",/8AwVTcgpTnmeOs4TdTWqcFDXEsA.jpg,1995-07-19,7.3,"['Comedy', 'Romance']"
40,"Cry, the Beloved Country (1995)",Drama,34615.0,A South-African preacher goes to search for his wayward son who has committed a crime in the big city.,/96TZr6o4kuiIEryC5jkzaQoP6m5.jpg,1995-12-15,6.722,['Drama']
41,Richard III (1995),Drama|War,31174.0,"A murderous lust for the British throne sees Richard III descend into madness. Though the setting is transposed to the 1930s, England is torn by civil war, split between the rivaling houses of York and Lancaster. Richard aspires to a fascist dictatorship, but must first remove the obstacles to his ascension—among them his brother, his nephews and his brother's wife. When the Duke of Buckingham deserts him, Richard's plans are compromised.",/cBg1AMH1ucPsDlNMfcHlrreQXQX.jpg,1995-12-29,6.7,"['Drama', 'War']"
42,Dead Presidents (1995),Action|Crime|Drama,11443.0,On the streets they call cash dead presidents. And that's just what a Vietnam veteran is after when he returns home from the war only to find himself drawn into a life of crime. With the aid of his fellow vets he plans the ultimate heist -- a daring robbery of an armored car filled with unmarked U.S. currency!,/eGfsSXizR11tTHVo0kuOOFPAxZt.jpg,1995-09-29,6.7,"['Crime', 'Drama', 'Action']"
43,Restoration (1995),Drama,35196.0,"An aspiring young physician, Robert Merivel found himself in the service of King Charles II and saves the life of someone close to the King. Merivel joins the King's court and lives the high life provided to someone of his position. Merivel is ordered to marry his King's mistress in order to divert the queens suspicions. He is given one order by the king and that is not to fall in love. The situation worsens when Merivel finds himself in love with his new wife. Eventually, the King finds out and relieves Merivel of his position and wealth. His fall from grace leaves Merivel where he first started. And through his travels and reunions with an old friend, he rediscovers his love for true medicine and what it really means to be a physician.",/z1YM3WFZnF2NwHT5IRGYUcvZBSl.jpg,1995-12-29,6.057,"['Drama', 'Romance']"
44,Mortal Kombat (1995),Action|Adventure|Fantasy,9312.0,"For nine generations an evil sorcerer has been victorious in hand-to-hand battle against his mortal enemies. If he wins a tenth Mortal Kombat tournament, desolation and evil will reign over the multiverse forever. To save Earth, three warriors must overcome seemingly insurmountable odds, their own inner demons, and superhuman foes.",/fcK7tzSSXMYiMN8E9KlZJL1BYyp.jpg,1995-08-18,5.876,"['Action', 'Fantasy']"
45,To Die For (1995),Comedy|Drama|Thriller,577.0,"Suzanne Stone wants to be a world-famous news anchor and she is willing to do anything to get what she wants. What she lacks in intelligence, she makes up for in cold determination and diabolical wiles. As she pursues her goal with relentless focus, she is forced to destroy anything and anyone that may stand in her way, regardless of the ultimate cost or means necessary.",/whz4bwvqE1OmQHIyqHdZD8jU9CO.jpg,1995-09-22,6.6,"['Drama', 'Comedy', 'Crime']"
46,How to Make an American Quilt (1995),Drama|Romance,11861.0,"Soon-to-be-wed graduate student Finn Dodd develops cold feet when she suspects her fiancé is cheating on her. In order to clear her head, Finn visits her grandmother, Hy, and great aunt, Glady Joe Cleary, in Grasse, Calif. There, Finn learns that Hy and Glady Joe are members of a group of passionate quilters, and over the course of her visit she is regaled with tales of love and life by women who have collected rich experiences and much wisdom.",/pI9UAemlWgdrnjRgYJsbTk8BSJc.jpg,1995-10-06,6.4,"['Drama', 'Romance']"
47,Seven (a.k.a. Se7en) (1995),Mystery|Thriller,807.0,"Two homicide detectives are on a desperate hunt for a serial killer whose crimes are based on the ""seven deadly sins"" in this dark and haunting film that takes viewers from the tortured remains of one victim to the next. The seasoned Det. Somerset researches each sin in an effort to get inside the killer's mind, while his novice partner, Mills, scoffs at his efforts to unravel the case.",/191nKfP0ehp3uIvWqgPbFmI4lv9.jpg,1995-09-22,8.38,"['Crime', 'Mystery', 'Thriller']"
48,Pocahontas (1995),Animation|Children|Drama|Musical|Romance,10530.0,"Pocahontas, daughter of a Native American tribe chief, falls in love with an English soldier as colonists invade 17th century Virginia.",/kZ1ft0QZ4e3zDUPMBftEkwI9ftd.jpg,1995-06-16,6.911,"['Adventure', 'Animation', 'Family', 'Romance']"
49,When Night Is Falling (1995),Drama|Romance,8391.0,"Camille is a professor at a Protestant college and is in a long-term relationship with Martin, a respected minister and fellow professor. When Camille meets Petra, a bold and flamboyant performer in a circus troupe, she is inexplicably drawn. Pursuing Petra, Camille throws her whole conservative life into disarray.",/6Ac5GLwJ01uli5mCXqXwquR36Y1.jpg,1995-02-01,6.3,"['Drama', 'Romance']"
50,"Usual Suspects, The (1995)",Crime|Mystery|Thriller,629.0,"Held in an L.A. interrogation room, Verbal Kint attempts to convince the feds that a mythic crime lord, Keyser Soze, not only exists, but was also responsible for drawing him and his four partners into a multi-million dollar heist that ended with an explosion in San Pedro harbor – leaving few survivors. Verbal lures his interrogators with an incredible story of the crime lord's almost supernatural prowess.",/99X2SgyFunJFXGAYnDv3sb9pnUD.jpg,1995-07-19,8.17,"['Drama', 'Crime', 'Thriller']"
52,Mighty Aphrodite (1995),Comedy|Drama|Romance,11448.0,"When Lenny and his wife, Amanda, adopt a baby, Lenny realizes that his son is a genius and becomes obsessed with finding the boy's biological mother in hopes that she will be brilliant too. But when he learns that Max's mother is Linda Ash, a kindhearted prostitute and porn star, Lenny is determined to reform her immoral lifestyle. A Greek chorus chimes in to relate the plot to Greek mythology in this quirky comedy.",/ice135yQZp4iX2SgCmd90nKgS5j.jpg,1995-09-13,6.728,"['Comedy', 'Romance']"
53,Lamerica (1994),Adventure|Drama,49133.0,"Fiore, an Italian conman, arrives in post Communist Albania with Gino, his young apprentice, to set up a shoe factory that will never open. The con requires a native Albanian, so they designate Spiro, an impoverished and confused former political prisoner as chairman of the board. When Fiore returns to Italy to get government funds for the project, Spiro unexpectedly disappears and Gino sets out on a journey to find him. The search leads him to discover Spiro's tragic personal history and witness Albanian poverty firsthand.",/nnLpA4mqb3gvhNJQZ00cOyBmeq3.jpg,1994-09-09,7.1,['Drama']
54,"Big Green, The (1995)",Children|Comedy,26441.0,"In a depressed Texas town, British foreign exchange teacher Anna attempts to inject some life into her hopeless kids by introducing them to soccer. They're terrible at first, but Anna and her football-hero assistant whip them into shape. As they work overtime, the pair help kids build their self-esteem and also get involved in solving family squabbles.",/nVHqIuBTcTLmAIrML7T704UwfNI.jpg,1995-09-29,5.6,"['Family', 'Comedy']"
55,Georgia (1995),Drama,97406.0,"Sadie looks up to her older sister Georgia, a successful folk singer. Unfortunately it is this very obsession — coupled with her self-destructive tendencies and rampant drug abuse — that keeps her spiraling down the drain.",/uXjfK404xo7SiVlFcAoRyaFqXR4.jpg,1995-05-19,5.7,['Drama']
57,Home for the Holidays (1995),Drama,9089.0,"After losing her job, making out with her soon-to-be former boss, and finding out that her daughter plans to spend Thanksgiving with her boyfriend, Claudia Larson faces spending the holiday with her unhinged family.",/3zqlKdOttWyExzopVxglz50Vjxq.jpg,1995-11-02,6.2,"['Comedy', 'Drama', 'Romance']"
58,"Postman, The (Postino, Il) (1994)",Comedy|Drama|Romance,11010.0,Simple Italian postman learns to love poetry while delivering mail to a famous poet; he uses this to woo local beauty Beatrice.,/cUaCpjVDefYShKyLmkcDsiPaBHn.jpg,1994-09-22,7.9,"['Comedy', 'Drama', 'Romance']"
60,"Indian in the Cupboard, The (1995)",Adventure|Children|Fantasy,11359.0,A nine-year-old boy gets a plastic Indian and a cupboard for his birthday and finds himself involved in adventure when the Indian comes to life and befriends him.,/ozQAmW85tTJu2dhRe3evzyY03Nb.jpg,1995-07-14,6.463,"['Adventure', 'Family', 'Fantasy']"
61,Eye for an Eye (1996),Drama|Thriller,17182.0,"It's fire and brimstone time as grieving mother Karen McCann takes justice into her own hands when a kangaroo court in Los Angeles fails to convict Robert Doob, the monster who raped and murdered her 17-year-old daughter.",/y2lZSdJ1o0VvLegTw3ad6KFtxra.jpg,1996-01-12,6.235,"['Thriller', 'Drama']"
62,Mr. Holland's Opus (1995),Drama,2054.0,"In 1965, passionate musician Glenn Holland takes a day job as a high school music teacher, convinced it's just a small obstacle on the road to his true calling: writing a historic opus. As the decades roll by with the composition unwritten but generations of students inspired through his teaching, Holland must redefine his life's purpose.",/kBmwWeSN3ajnYHZ3dSybEobxEPI.jpg,1995-12-29,6.968,"['Drama', 'Music']"
63,Don't Be a Menace to South Central While Drinking Your Juice in the Hood (1996),Comedy|Crime,10607.0,"When Ashtray moves to South Central L.A. to live with his father (who appears to be the same age he is) and grandmother (who likes to talk tough and smoke reefer), he falls in with his gang-banging cousin Loc Dog, who along with the requisite pistols and Uzi carries a thermo-nuclear warhead for self-defense. Will Ashtray be able to keep living the straight life?",/HZQBF7JDd2e9p4rPSbSHuWHaCC.jpg,1996-01-12,7.026,"['Comedy', 'Crime']"
64,Two if by Sea (1996),Comedy|Romance,19760.0,"Frank O'Brien, a petty thief, and his 7-year-long girlfriend Roz want to put an end to their unsteady lifestyle and just do that last job, which involves stealing a valuable painting. Frank takes Roz to an island on the coast of New England, where he wants to sell the painting and also hopes that their sagging relationship will get a positive push back up. Not everything goes as planned.",/xSfqAMYqrTtDeAjPtYo0S8nc5Zz.jpg,1996-01-12,4.9,"['Comedy', 'Romance']"
65,Bio-Dome (1996),Comedy,9536.0,"Moronic best friends get themselves locked inside the Bio-Dome, a science experiment, along with a group of environmental scientists for one year.",/pjSkGZAvksrbO6tGain8PJ3rfC7.jpg,1996-01-12,4.5,['Comedy']
66,Lawnmower Man 2: Beyond Cyberspace (1996),Action|Sci-Fi|Thriller,11525.0,"After being rescued from the ruins of Virtual Space Industries, Jobe is rebuilt and reconnected to virtual reality by corporate mogul Jonathan Walker. Years later, teenage hacker Peter Parkette helps Jobe locate Benjamin Trace, the original creator of virtual reality, only to uncover Jobe’s plan to launch a new world order using Walker’s tech. Now, Peter, Trace, Cori, and a band of runaways must stop Jobe and Walker before they enslave humanity through cyberspace.",/aP8eGsCyZVCHgSMxhDa4KiC7H9B.jpg,1996-01-12,3.3,"['Science Fiction', 'Horror', 'Action', 'Thriller']"
68,French Twist (Gazon maudit) (1995),Comedy|Romance,4482.0,"After learning of her husband's infidelities, a housewife invites an itinerant lesbian to move in with them. None of their lives will ever be the same again.",/xlLnHizshGBwMiNrnop2kg2nYzE.jpg,1995-01-18,6.0,"['Comedy', 'Romance']"
69,Friday (1995),Comedy,10634.0,"Craig and Smokey are two guys in Los Angeles hanging out on their porch on a Friday afternoon, smoking and drinking, looking for something to do.",/2lReF53F8trkC68piGSfk0JVwWU.jpg,1995-04-26,7.136,"['Comedy', 'Drama']"
70,From Dusk Till Dawn (1996),Action|Comedy|Horror|Thriller,755.0,"After kidnapping a father and his two kids, the Gecko brothers head south to a seedy Mexican bar to hide out in safety, unaware of its notorious vampire clientele.",/sV3kIAmvJ9tPz4Lq5fuf9LLMxte.jpg,1996-01-19,7.038,"['Horror', 'Action', 'Thriller', 'Crime']"
71,Fair Game (1995),Action,11859.0,"Max Kirkpatrick is a cop who protects Kate McQuean, a civil law attorney, from a renegade KGB team out to terminate her",/qcxsWOzBaF7MZNNThtRQWQ9Wrdk.jpg,1995-11-03,5.1,['Action']
72,Kicking and Screaming (1995),Comedy|Drama,28387.0,"After college graduation, Grover's girlfriend Jane tells him she's moving to Prague to study writing. Grover declines to accompany her, deciding instead to move in with several friends, all of whom can't quite work up the inertia to escape their university's pull. Nobody wants to make any big decisions that would radically alter his life, yet none of them wants to end up like Chet, the professional student who tends bar and is in his tenth year of university studies.",/ynAtSpTou7snNOq32djzILw9VCA.jpg,1995-10-06,6.2,"['Comedy', 'Drama', 'Romance']"
73,"Misérables, Les (1995)",Drama|War,48750.0,"In WWII France, poor and illiterate Henri Fortin is introduced to Victor Hugo's classic novel Les Misérables and begins to see parallels between the book and his own life.",/toQ6BJCiKVSnklpsma2GnJ6KKah.jpg,1995-03-22,6.6,"['Drama', 'History']"
74,Bed of Roses (1996),Drama|Romance,20927.0,"The seeds of love are planted when Lisa, a high-powered investment banker, receives flowers from a secret admirer. But when his fairy-tale fantasies clash with her workaholic ways, they soon find out that sometimes, it's harder than it seems for love to conquer all.",/zCXvHCEm8334d0d646ldDkXnKws.jpg,1996-01-26,5.85,"['Drama', 'Romance']"
75,Big Bully (1996),Comedy|Drama,36929.0,"A writer returns to his hometown where he faces the childhood nemesis whose life he ultimately ruined, only the bully wants to relive their painful past by torturing him once again.",/dws3JR4Yi325Tz33XnuXEB6XjGr.jpg,1996-01-26,4.59,['Comedy']
76,Screamers (1995),Action|Sci-Fi|Thriller,9102.0,"SIRIUS 6B, Year 2078. On a distant mining planet ravaged by a decade of war, scientists have created the perfect weapon: a blade-wielding, self-replicating race of killing devices known as Screamers designed for one purpose only -- to hunt down and destroy all enemy life forms.",/eqgBf791rMZG7ywHfObpXeMpiRf.jpg,1995-09-08,6.2,"['Horror', 'Science Fiction', 'War']"
77,Nico Icon (1995),Documentary,124626.0,"A look into the many lives of Christa Päffgen, otherwise known as Nico; from cutie German mädchen to the first of the supermodels, to glamorous diva of the Velvet Underground, to cult item, junkie and hag. Many faces for the same woman, whom, you realize, just couldn't bring herself to care enough to live.",/w3oiJZTB1UP3lj0uSVLdsYfsBbC.jpg,1995-09-08,7.5,['Documentary']
78,"Crossing Guard, The (1995)",Action|Crime|Drama|Thriller,27526.0,"Unable to move on from the loss of his daughter, Freddy, now a shell of the person he was before, swears to kill the man responsible for her death.",/1WOfl9LN4gqpjwWZjGSHW8fCgSZ.jpg,1995-01-26,6.0,"['Drama', 'Thriller']"
79,"Juror, The (1996)",Drama|Thriller,9623.0,"With his gangster boss on trial for murder, a mob thug known as ""the Teacher"" tells Annie Laird she must talk her fellow jurors into a not-guilty verdict, implying that he'll kill her son Oliver if she fails. She manages to do this, but, when it becomes clear that the mobsters might want to silence her for good, she sends Oliver abroad and tries to gather evidence of the plot against her, setting up a final showdown.",/31mRYhJvaknQx8PQnR2UV7YCkLT.jpg,1996-02-02,5.7,"['Thriller', 'Crime', 'Drama']"
80,"White Balloon, The (Badkonake sefid) (1995)",Children|Drama,46785.0,Several people try to take advantage of a little girl's innocence to hustle money her mom gave to her to buy a goldfish with.,/u6jrlgZZx3zSFPDPTVOYpueljgH.jpg,1995-01-02,7.468,"['Drama', 'Family']"
81,Things to Do in Denver When You're Dead (1995),Crime|Drama|Romance,400.0,Five different criminals face imminent death after botching a job quite badly.,/3LxYzYybOVpnw0juCSlNL5cj8NK.jpg,1995-12-01,6.449,"['Drama', 'Crime']"
82,Antonia's Line (Antonia) (1995),Comedy|Drama,880.0,"After World War II, Antonia and her daughter, Danielle, go back to their Dutch hometown, where Antonia's late mother has bestowed a small farm upon her. There, Antonia settles down and joins a tightly-knit but unusual community. Those around her include quirky friend Crooked Finger, would-be suitor Bas and, eventually for Antonia, a granddaughter and great-granddaughter who help create a strong family of empowered women.",/nUCVi6bBIL7LGC61nYaCqikAhIA.jpg,1995-09-21,6.8,"['Drama', 'Comedy']"
83,Once Upon a Time... When We Were Colored (1995),Drama|Romance,146599.0,A narrator tells the story of his childhood years in a tightly knit Afro-American community in the deep south under racial segregation.,/2qeQStLy1wiqDFa1Dnm02f5UacO.jpg,1996-01-26,3.6,"['Romance', 'Drama']"
85,Angels and Insects (1995),Drama|Romance,8447.0,"In Victorian England, wealthy patriarch Sir Harald Alabaster invites an impoverished biologist, William Adamson, into his home. There, William tries to continue his work, but is distracted by Alabaster's seductive daughter, Eugenia. William and Eugenia begin a torrid romance, but as the couple become closer, the young scientist begins to realize that dark, disturbing things are happening behind the closed doors of the Alabaster manor.",/w1i5JdddoLuzSmnKo5ORDoKdMm2.jpg,1995-09-10,6.1,"['Drama', 'Romance']"
86,White Squall (1996),Action|Adventure|Drama,10534.0,"In 1960, a hardy group of prep school students boards an old-fashioned sailing ship. With Capt. Christopher Sheldon at the helm, the oceangoing voyage is intended to teach the boys fortitude and discipline. But the youthful crew are about to get some unexpected instruction in survival when they get caught in the clutches of a white squall storm.",/5xF4qy44Lvv68glS7eHWH7laTqt.jpg,1996-02-02,6.3,"['Drama', 'Adventure']"
87,Dunston Checks In (1996),Children|Comedy,17414.0,"Hotel manager Robert Grant is forced by his boss to postpone his family vacation when a hotel critic checks in. Trouble is, the critic is really a villainous jewel thief with an orangutan assistant named Dunston. When Dunston gets loose and tries to escape a life of crime -- aided by Robert's sons -- havoc, hijinks and lots of laughs abound!",/xR2cWC04kWNr7TBeXNOf4uOqn00.jpg,1996-01-12,5.378,"['Family', 'Comedy', 'Adventure']"
88,Black Sheep (1996),Comedy,13997.0,"When dignified Albert Donnelly runs for Governor, his team moves to keep his slow-witted and klutzy younger brother, Mike, out of the eye of the media. To baby-sit Mike, the campaign assigns sarcastic Steve, who gets the experience of a lifetime when he tries to take Mike out of town during the election.",/bqIW5oE4WeHAvk1nh2Y6rfOLGrF.jpg,1996-02-01,6.07,['Comedy']
89,Nick of Time (1995),Action|Thriller,2086.0,An ordinary man is suddenly forced into a plot to kill a politician in exchange for his kidnapped daughter's freedom.,/A1FJwUVg84sQSjHVz5jVMXQvifJ.jpg,1995-11-22,6.231,"['Thriller', 'Crime', 'Action']"
92,Mary Reilly (1996),Drama|Horror|Thriller,9095.0,"A housemaid falls in love with Dr. Jekyll and his darkly mysterious counterpart, Mr. Hyde.",/cW5wTiv5fdtBOd22utmAIZBCMS3.jpg,1996-02-23,5.8,"['Drama', 'Horror', 'Thriller']"
93,Vampire in Brooklyn (1995),Comedy|Horror|Romance,12158.0,"Detective Rita Veder is assigned to a baffling serial murder case. After examining the crime scene — a corpse-filled ship found adrift at sea — she meets Maximilian, a smooth-talking Caribbean playboy determined to romance her.",/fodPA5x3REtOwColG17CucreZqM.jpg,1995-10-26,5.1,"['Comedy', 'Horror', 'Romance', 'Fantasy']"
94,Beautiful Girls (1996),Comedy|Drama|Romance,9283.0,"During a snowy winter in the small fictional town of Knight's Ridge, Massachusetts, a group of lifelong buddies hang out, drink and struggle to connect with the women who affect their decisions, dreams and desires.",/sHcx1fBmrtZYvFmUywU0d5cvIFd.jpg,1996-02-09,6.6,"['Comedy', 'Drama', 'Romance']"
95,Broken Arrow (1996),Action|Adventure|Thriller,9208.0,"When rogue stealth-fighter pilot Vic Deakins deliberately drops off the radar while on maneuvers, the Air Force ends up with two stolen nuclear warheads -- and Deakins's co-pilot, Riley Hale, is the military's only hope for getting them back. Traversing the deserted canyons of Utah, Hale teams with park ranger Terry Carmichael to put Deakins back in his box.",/iBPMwYYJFvdCBkXrwV75peo5Lz2.jpg,1996-02-09,6.1,"['Action', 'Thriller']"
96,In the Bleak Midwinter (1995),Comedy|Drama,40154.0,"Out of work actor Joe volunteers to help try and save his sister's local church for the community by putting on a Christmas production of Hamlet, somewhat against the advice of his agent Margaretta. As the cast he assembles are still available even at Christmas and are prepared to do it on a 'profit sharing' basis (that is, they may not get paid anything) he cannot expect - and does not get - the cream of the cream. But although they all bring their own problems and foibles along, something bigger starts to emerge in the perhaps aptly named village of Hope.",/eUrv3E65orbuPnFikjpjso4TVBN.jpg,1995-09-29,7.1,['Comedy']
97,"Hate (Haine, La) (1995)",Crime|Drama,406.0,"After a chaotic night of rioting in a marginal suburb of Paris, three young friends, Vinz, Hubert and Saïd, wander around unoccupied waiting for news about the state of health of a mutual friend who has been seriously injured when confronting the police.",/8rgPyWjYZhsphSSxbXguMnhN7H0.jpg,1995-05-31,8.085,['Drama']
99,Heidi Fleiss: Hollywood Madam (1995),Documentary,63076.0,"A documentary crew from the BBC arrives in L.A. intent on interviewing Heidi Fleiss, a year after her arrest for running a brothel but before her trial. Several months elapse before the interview, so the crew searches for anyone who'll talk about the young woman. Two people have a lot to say to the camera: a retired madam named Alex for whom Fleiss once worked and Fleiss's one-time boyfriend, Ivan Nagy, who introduced her to Alex. Alex and Nagy don't like each other, so the crew shuttles between them with ""she said"" and ""he said."" When they finally interview Fleiss, they spend their time reciting what Alex and Nagy have had to say and asking her reaction.",/laPSb9I8TuYslOh1OcgaTByWKnw.jpg,1995-12-27,6.6,['Documentary']
100,City Hall (1996),Drama|Thriller,11062.0,"The accidental shooting of a boy in New York City leads to an investigation by the Deputy Mayor, and unexpectedly far-reaching consequences.",/w7EkAl4Oi8Lc6VQKaqRHrOV3CxR.jpg,1996-02-16,5.965,"['Drama', 'Thriller']"
101,Bottle Rocket (1996),Adventure|Comedy|Crime|Romance,13685.0,"Upon his release from a mental hospital following a nervous breakdown, the directionless Anthony joins his friend Dignan, who seems far less sane than the former. Dignan has hatched a harebrained scheme for an as-yet-unspecified crime spree that somehow involves his former boss, the (supposedly) legendary Mr. Henry.",/wOPiNYt9V3Cbr9Izeddwj7nU8RT.jpg,1996-02-21,6.699,"['Comedy', 'Crime', 'Drama']"
102,Mr. Wrong (1996),Comedy,47475.0,"A single and lonely woman finds the seemingly perfect man to date, but soon regrets it when his deranged and possessive other personality emerges and worst still, she cannot convince anyone else of his Jekyll/Hyde true nature.",/csSkKS6rcGjG8jjpwKZPVCD7Kiq.jpg,1996-02-16,4.0,"['Comedy', 'Romance']"
103,Unforgettable (1996),Mystery|Sci-Fi|Thriller,2045.0,"Seattle medical examiner David Krane is obsessed with solving his wife's murder. A possible solution presents itself in an experimental ""memory"" serum designed by a neurobiology professor, which has the ability to transfer memories from one person to another, but with potentially fatal consequences.",/500Ne3EDn3HHpuCQWwGKR74r0cB.jpg,1996-02-23,5.6,"['Thriller', 'Mystery', 'Science Fiction']"
104,Happy Gilmore (1996),Comedy,9614.0,"Failed hockey player-turned-golf whiz Happy Gilmore — whose unconventional approach and antics on the green courts the ire of rival Shooter McGavin — is determined to win a PGA tournament so he can save his granny's house with the prize money. Meanwhile, an attractive tour publicist tries to soften Happy's image.",/4RnCeRzvI1xk5tuNWjpDKzSnJDk.jpg,1996-02-16,6.671,['Comedy']
105,"Bridges of Madison County, The (1995)",Drama|Romance,688.0,Photographer Robert Kincaid wanders into the life of housewife Francesca Johnson for four days in the 1960s.,/aCBrhOQjhG397GLkEZ49zReQEKX.jpg,1995-06-02,7.7,"['Drama', 'Romance']"
106,Nobody Loves Me (Keiner liebt mich) (1994),Comedy|Drama,11907.0,"On the brink of her 30th birthday, Fanny feels the door to marital happiness closing on her. She is obsessed with death and even visits evening classes on dying, so it seems fitting that she encounters a skeleton in the malfunctioning elevator of her apartment building. The skeleton is her neighbour Orfeo, a Black, gay, self-declared psychic, who convinces her that she is about to meet ""him"". But is it really Lothar, the new yuppie apartment manager ...?",/vBDJPkoTOKT9F1zx0y9tT7G62vF.jpg,1994-11-07,6.2,"['Drama', 'Comedy', 'Family']"
107,Muppet Treasure Island (1996),Adventure|Children|Comedy|Musical,10874.0,"After telling the story of Flint's last journey to young Jim Hawkins, Billy Bones has a heart attack and dies just as Jim and his friends are attacked by pirates. The gang escapes into the town where they hire out a boat and crew to find the hidden treasure, which was revealed by Bones before he died. On their voyage across the seas, they soon find out that not everyone on board can be trusted.",/k4KW2CUkzDKaCy4H4cS02cO8gvV.jpg,1996-02-16,6.7,"['Family', 'Comedy', 'Adventure']"
108,Catwalk (1996),Documentary,89333.0,"A documentary following Christy Turlington and other models during spring fashion week in Milan, Paris and New York.",/8Db2Tx2RkTUozzilF1SGMitcHLl.jpg,1995-12-08,7.5,['Documentary']
110,Braveheart (1995),Action|Drama|War,197.0,"Enraged at the slaughter of Murron, his new bride and childhood love, Scottish warrior William Wallace slays a platoon of the local English lord's soldiers. This leads the village to revolt and, eventually, the entire country to rise up against English rule.",/or1gBugydmjToAEq7OZY0owwFk.jpg,1995-05-24,7.941,"['Action', 'Drama', 'History', 'War']"
111,Taxi Driver (1976),Crime|Drama|Thriller,103.0,"Suffering from insomnia, disturbed loner Travis Bickle takes a job as a New York City cabbie, haunting the streets nightly, growing increasingly detached from reality as he dreams of cleaning up the filthy city.",/ekstpH614fwDX8DUln1a2Opz0N8.jpg,1976-02-09,8.128,"['Crime', 'Drama']"
112,Rumble in the Bronx (Hont faan kui) (1995),Action|Adventure|Comedy|Crime,33542.0,"Keong comes from Hong Kong to visit New York for his uncle's wedding. His uncle runs a market in the Bronx and Keong offers to help out while Uncle is on his honeymoon. During his stay in the Bronx, Keong befriends a neighbor kid and beats up some neighborhood thugs who cause problems at the market. One of those petty thugs in the local gang stumbles into a criminal situation way over his head.",/1nAfchiXHQB3iyhK8fCJJEnNs5A.jpg,1995-01-21,6.821,"['Crime', 'Action', 'Comedy', 'Thriller']"
113,Before and After (1996),Drama|Mystery,43566.0,Two parents deal with the effects when their son is accused of murdering his girlfriend.,/oK8UKDrjFS14OFoihaQPfmmMOyI.jpg,1996-02-23,5.9,"['Crime', 'Drama', 'Mystery']"
116,Anne Frank Remembered (1995),Documentary,51352.0,"Using previously unreleased archival material in addition to contemporary interviews, this Academy Award-winning documentary tells the story of the Frank family and presents the first fully-rounded portrait of their brash and free-spirited daughter Anne, perhaps the world's most famous victim of the Holocaust.",/6nyhzrSGimCbdxiY8DEO7kI7xx4.jpg,1995-06-08,7.6,['Documentary']
117,"Young Poisoner's Handbook, The (1995)",Crime|Drama,16934.0,"Graham Young is a teenage misfit living in suburban London in the 1960s. He hates his stepmother but loves chemistry, and the two impulses unite in a wicked plot to slowly poison her. After she dies, he's found guilty and sent to a psychiatric hospital, where an idealistic doctor thinks he can be cured.",/d3Lakfy0K1eRHUbay9kMeWdt7y6.jpg,1995-01-20,6.6,"['Comedy', 'Crime', 'Drama']"
118,If Lucy Fell (1996),Comedy|Romance,10324.0,"Joe and Lucy are roommates and best friends. Lucy, whose love life is embarrassingly dull, convinces Joe, who is infatuated with a neighbor he's never met, that if they don't have stable romances within a month, they must jump off the Brooklyn Bridge.",/l3Bwmjdon6JBDzJUA3ZSdMZZ7lI.jpg,1996-03-08,5.3,"['Comedy', 'Romance']"
119,"Steal Big, Steal Little (1995)",Comedy,78406.0,"Ruben and Robby are twin brothers, adopted by Mona, one of the wealthiest - and most eccentric - women in Santa Barbara. Ruben is devoted to Mona, but Robby is more devoted to her money. So when Mona leaves her fortune and estate to Ruben it starts a battle between brothers that soon leads to madness, mayhem, and even attempted murder. On Ruben's side is Lou Perilli an ex-Chicago cop and used car dealer who knows the law - and how to get around it. On Robby's side is ruthless businessman Reed Tyler, who is out to turn a swift profit on Mona's property. Walking a shifty line between them is Eddie Agopian, the family lawyer, who doesn't care which side wins as long as he's on the winner's side. But whether they're stealing big or stealing little, they're all stealing in this hilarious comedy about greed, power... and brotherly love.",/83TvBaWt8wZHUZo8MKwE2cLRBiT.jpg,1995-09-29,4.3,"['Comedy', 'Drama']"
121,"Boys of St. Vincent, The (1992)",Drama,32119.0,"The true story of boys being sexually abused at their orphanage, run by a religious community in Newfoundland.",/cam0cG0UWdUVtQRvFHJXmNtL1hY.jpg,1994-06-03,7.2,"['Drama', 'Crime']"
122,Boomerang (1992),Comedy|Romance,11066.0,"Marcus is a successful advertising executive who woos and beds women almost at will. After a company merger he finds that his new boss, the ravishing Jacqueline, is treating him in exactly the same way. Completely traumatised by this, his work goes badly downhill.",/apwkBVaJqLuK6mxe6sOABCeNjRw.jpg,1992-06-28,5.7,"['Comedy', 'Romance']"
123,Chungking Express (Chung Hing sam lam) (1994),Drama|Mystery|Romance,11104.0,"Two melancholic Hong Kong policemen fall in love: one with a mysterious underworld figure, the other with a beautiful and ethereal server at a late-night restaurant.",/43I9DcNoCzpyzK8JCkJYpHqHqGG.jpg,1994-07-14,7.962,"['Drama', 'Comedy', 'Romance']"
125,Flirting With Disaster (1996),Comedy,2074.0,"Adopted as a child, new father Mel Colpin decides he cannot name his son until he knows his birth parents, and determines to make a cross-country quest to find them. Accompanied by his wife, Nancy, and an inept yet gorgeous adoption agent, Tina, he departs on an epic road trip that quickly devolves into a farce of mistaken identities, wrong turns, and overzealous and love-struck ATF agents.",/yfuYLKrOcSlzydbtwdHeAWddKO7.jpg,1996-03-22,6.2,['Comedy']
126,"NeverEnding Story III, The (1994)",Adventure|Children|Fantasy,27793.0,A young boy must restore order when a group of bullies steal the magical book that acts as a portal between Earth and the imaginary world of Fantasia.,/o75HHfr23sgeqIeUPwjKY0V9Ppi.jpg,1994-10-26,4.486,"['Family', 'Fantasy', 'Adventure', 'Comedy']"
128,Jupiter's Wife (1994),Documentary,290157.0,"Michel Negroponte, a documentary filmmaker, meets Maggie one day in Central Park. Maggie claims to be married to the god Jupiter and the daughter of actor Robert Ryan. Michel gets to know Maggie over the next couple of years, and attempts to use her often outlandish stories as clues to reconstruct her past.",/2GIdaPLF7gYyXnlxGzTwV5fQGWy.jpg,1995-09-08,7.1,['Documentary']
129,Pie in the Sky (1996),Comedy|Romance,110972.0,A young man obsessed with traffic patterns attempts to reunite with his first love.,/iZs2BzP1nbrcHCDX3QEHa3Nn0y4.jpg,1996-02-09,6.6,"['Comedy', 'Romance']"
132,Jade (1995),Thriller,11863.0,"When a prominent art dealer is found murdered, the man's death leads to an intriguing investigation steeped in sex, corruption and crime. District Attorney David Corelli gets assigned to the case and discovers that a key suspect is his ex-lover Katrina Gavin, a beautiful psychologist who has settled down with his old friend and peer. As Corelli gets deeper into the case, he uncovers dark secrets with far-reaching implications.",/8KWiZKDYpAgh8n27lanvTuDquyX.jpg,1995-10-13,5.5,"['Mystery', 'Thriller']"
135,Down Periscope (1996),Comedy,9101.0,"Maverick Navy Lieutenant Commander Tom Dodge will never be a textbook officer, but he's a brilliant seaman who's always wanted to command a nuclear submarine — he's been given one last chance to clean up his record. Unfortunately, Admiral Graham, his nemesis, would rather sink the fleet than give Dodge his own boat. So, Graham stacks the deck against him and assigns Dodge to the Stingray, a diesel-powered WW2 submarine that can barely keep afloat. To make matters worse, Dodge's crew is a collection of maladjusted, mistake-prone misfits. Then, he's tagged the ""enemy"" in a crucial war game, and ordered to take on the U.S. Navy's best.",/brleKcHsirTw7lFqcgUMOfgL2nl.jpg,1996-03-01,6.4,['Comedy']
137,Man of the Year (1995),Documentary,5757.0,"First-time director Dirk Shafer also penned this raucous ""mockumentary,"" a blend of fact and fiction that re-creates his 1992 reign as Playgirl magazine's Centerfold of the Year. When Shafer chooses to keep the fact that he's gay a secret from the magazine's editors, he finds himself living the ultimate lie -- and incapable of giving female readers what they really want. Will he succumb to his lover's pressures to come out of the closet?",/jVO3Gvsdqe5C9Jr7cE1fSOtW2Op.jpg,1995-09-15,2.8,['Comedy']
140,Up Close and Personal (1996),Drama|Romance,9302.0,"Tally Atwater has a dream: to be a prime-time network newscaster. She pursues this dream with nothing but ambition, raw talent and a homemade demo tape. Warren Justice is a brilliant, hard edged, veteran newsman. He sees Tally has talent and becomes her mentor. Tally’s career takes a meteoric rise and she and Warren fall in love. The romance that results is as intense and revealing as television news itself. Yet, each breaking story, every videotaped crisis that brings them together, also threatens to drive them apart...",/zF67qcf7skMHLpXnifodinUqCFr.jpg,1996-03-01,6.3,"['Drama', 'Romance']"
141,"Birdcage, The (1996)",Comedy,11000.0,A gay cabaret owner and his drag queen partner agree to put up a false heterosexual front so that their son can introduce them to his fiancée's conservative parents.,/hU2XeckncHS61TWZKDtw1BrKmOO.jpg,1996-03-03,7.1,['Comedy']
144,"Brothers McMullen, The (1995)",Comedy,16388.0,"Deals with the lives of the three Irish Catholic McMullen brothers from Long Island, New York, over three months, as they grapple with basic ideas and values — love, sex, marriage, religion and family — in the 1990s.",/6oWsOJP0ed5gs8n2UywcailoxFN.jpg,1995-08-11,6.035,"['Comedy', 'Drama', 'Romance']"
145,Bad Boys (1995),Action|Comedy|Crime|Drama|Thriller,9737.0,"Marcus Burnett is a henpecked family man. Mike Lowrey is a footloose and fancy free ladies' man. Both Miami policemen, they have 72 hours to reclaim a consignment of drugs stolen from under their station's nose. To complicate matters, in order to get the assistance of the sole witness to a murder, they have to pretend to be each other.",/x1ygBecKHfXX4M2kRhmFKWfWbJc.jpg,1995-04-07,6.828,"['Action', 'Comedy', 'Crime', 'Thriller']"
146,"Amazing Panda Adventure, The (1995)",Adventure|Children,30765.0,"Far from home in the lush bamboo forests of China, ten-year-old Ryan Tyler, with the help of a young girl, goes on a wonderful journey to rescue a baby panda taken by poachers.",/tIK40vCE9i8g4VhyJ3LLr5y1ROJ.jpg,1995-08-25,5.6,"['Adventure', 'Drama', 'Family']"
147,"Basketball Diaries, The (1995)",Drama,10474.0,A high school basketball player’s life turns upside down after free-falling into the harrowing world of drug addiction.,/AhvO1GGDPIgN0hOqZEgaFCbswMK.jpg,1995-04-21,7.399,"['Drama', 'Crime']"
148,"Awfully Big Adventure, An (1995)",Drama,22279.0,"Liverpool. 1947. Right after World War II, a star struck naive teenage girl joins a shabby theatre troupe in Liverpool. During a winter production of Peter Pan, the play quickly turns into a dark metaphor for youth as she becomes drawn into a web of sexual politics and intrigue and learns about the grown-up world of the theater.",/tfXBuRBMbyu9IF9KCFz3kXeWQDT.jpg,1995-05-11,6.5,"['Romance', 'Drama', 'Comedy']"
149,Amateur (1994),Crime|Drama|Thriller,30157.0,"A man wakes up in an alley, bleeding and with no memory of who he is. He stumbles into a coffee shop and is befriended by a charitable ex-nun who is failing in her attempts to write marketable pornography.",/n0lFhpnoctfsPo5GXvuvQSgv9Fj.jpg,1994-08-05,6.114,"['Crime', 'Comedy', 'Drama']"
150,Apollo 13 (1995),Adventure|Drama|IMAX,568.0,"The true story of technical troubles that scuttle the Apollo 13 lunar mission in 1970, risking the lives of astronaut Jim Lovell and his crew, with the failed journey turning into a thrilling saga of heroism. Drifting more than 200,000 miles from Earth, the astronauts work furiously with the ground crew to avert tragedy.",/tVeKscCm2fY1xDXZk8PgnZ87h9S.jpg,1995-06-30,7.452,"['Drama', 'History']"
151,Rob Roy (1995),Action|Drama|Romance|War,11780.0,"In the highlands of Scotland in the 1700s, Rob Roy tries to lead his small town to a better future, by borrowing money from the local nobility to buy cattle to herd to market. When the money is stolen, Rob is forced into a Robin Hood lifestyle to defend his family and honour.",/kWI2rF6RAnRtEjfBlZgsXumgOm5.jpg,1995-04-13,6.704,"['Adventure', 'History', 'Drama', 'Action', 'War']"
152,"Addiction, The (1995)",Drama|Horror,34996.0,A vampiric doctoral student tries to follow the philosophy of a nocturnal comrade and control her thirst for blood.,/1Yy8H2tKQ16mffLFRfxcBHKBdyF.jpg,1995-10-06,6.48,"['Drama', 'Horror']"
153,Batman Forever (1995),Action|Adventure|Comedy|Crime,414.0,"Batman faces off against two foes: the schizophrenic, horribly scarred former District Attorney Harvey Dent, aka Two-Face, and the Riddler, a disgruntled ex-Wayne Enterprises inventor seeking revenge against his former employer by unleashing his brain-sucking weapon on Gotham City's residents. As the caped crusader also copes with tortured memories of his parents' murder, he has a new romance, with psychologist Chase Meridian.",/i0fJS8M5UKoETjjJ0zwUiKaR8tr.jpg,1995-06-16,5.453,"['Action', 'Crime', 'Fantasy']"
154,Beauty of the Day (Belle de jour) (1967),Drama,649.0,"Beautiful young housewife Séverine Serizy cannot reconcile her masochistic fantasies with her everyday life alongside dutiful husband Pierre. When her lovestruck friend Henri mentions a secretive high-class brothel run by Madame Anais, Séverine begins to work there during the day under the name Belle de Jour. But when one of her clients grows possessive, she must try to go back to her normal life.",/iUAFECovwPA0cVV9bo4uNGLJSGL.jpg,1967-05-24,7.308,"['Drama', 'Romance']"
155,Beyond Rangoon (1995),Adventure|Drama|War,1873.0,Dr. Laura Bowman is a young widow who's unwittingly drawn into political turmoil while vacationing in Burma in the late 1980s. Bowman initially left San Francisco with her sister in an attempt to escape painful memories of her husband and son's violent deaths. But her fight to escape to Thailand could prove just as harrowing.,/xTiy5kSP3Hetig7xB4E8INq5ron.jpg,1995-08-25,6.6,"['Drama', 'Thriller']"
156,Blue in the Face (1995),Comedy|Drama,5894.0,"A wacky group of locals visit the neighborhood cigar shop, looking for good times and finding plenty of hilarious fun. But when the greedy owner threatens to close the shop for good and turn it into a trendy vegetarian restaurant, the neighborhood proves they'll do just about anything to save their favorite hangout.",/u0iwm9SDjlfFZDrSdSbcebX7VUG.jpg,1995-09-15,6.5,['Comedy']
157,Canadian Bacon (1995),Comedy|War,1775.0,"The U.S. President, low in the opinion polls, gets talked into raising his popularity by trying to start a cold war with Canada.",/bzK2aQ8xUB67kwCR5LHTSY99HtT.jpg,1995-06-08,5.774,['Comedy']
158,Casper (1995),Adventure|Children,8839.0,"Casper is a kind young ghost who peacefully haunts a mansion in Maine. When specialist James Harvey arrives to communicate with Casper and his fellow spirits, he brings along his teenage daughter, Kat. Casper quickly falls in love with Kat, but their budding relationship is complicated not only by his transparent state, but also by his troublemaking apparition uncles and their mischievous antics.",/2ah8fNJFZVU3vcXhU5xfAYi2eym.jpg,1995-05-26,6.3,"['Fantasy', 'Comedy', 'Family']"
159,Clockers (1995),Crime|Drama|Mystery,20649.0,"Strike is a young city drug pusher under the tutelage of drug lord Rodney Little. When a night manager at a fast-food restaurant is found with four bullets in his body, Strike’s older brother turns himself in as the killer. Detective Rocco Klein doesn’t buy the story, however, setting out to find the truth, and it seems that all the fingers point toward Strike & Rodney.",/c79uqLJleho2a7OQayfrW5Ypphf.jpg,1995-09-15,6.708,"['Crime', 'Drama', 'Mystery']"
160,Congo (1995),Action|Adventure|Mystery|Sci-Fi,10329.0,"Eight people embark on an expedition into the Congo, a mysterious expanse of unexplored Africa, where human greed and the laws of nature have gone berserk.",/hPNSToNIIpRO6y5Rh973leqQqNr.jpg,1995-06-09,5.6,"['Action', 'Adventure', 'Science Fiction']"
161,Crimson Tide (1995),Drama|Thriller|War,8963.0,"After the Cold War, a breakaway Russian republic with nuclear warheads becomes a possible worldwide threat. U.S. submarine Capt. Frank Ramsey signs on a relatively green but highly recommended Lt. Cmdr. Ron Hunter to the USS Alabama, which may be the only ship able to stop a possible Armageddon. When Ramsey insists that the Alabama must act aggressively, Hunter, fearing they will start rather than stop a disaster, leads a potential mutiny to stop him.",/21nqRJ6ofEgVvEl68J4O9V26Xzy.jpg,1995-05-12,7.2,"['Thriller', 'Action', 'Drama', 'War']"
162,Crumb (1994),Documentary,26564.0,"This movie chronicles the life and times of R. Crumb. Robert Crumb is the cartoonist/artist who drew Keep On Truckin', Fritz the Cat, and played a major pioneering role in the genesis of underground comix. Through interviews with his mother, two brothers, wife, ex-wife and ex-girlfriends, as well as selections from his vast quantity of graphic art, we are treated to a darkly comic ride through one man's subconscious mind.",/9ocTHdBCJdwJ65Tubg3lYlfMxEY.jpg,1995-04-28,7.511,['Documentary']
163,Desperado (1995),Action|Romance|Western,8068.0,"El Mariachi plunges headfirst into the dark border underworld when he follows a trail of blood to the last of the infamous Mexican drug lords, Bucho, for an action-packed, bullet-riddled showdown. With the help of his friend and a beautiful bookstore owner, El Mariachi tracks Bucho, takes on his army of desperados, and leaves his own trail of blood.",/e3gwpBeXpvGZsxUya9zNym5QXrw.jpg,1995-08-25,6.93,"['Thriller', 'Action', 'Crime']"
164,Devil in a Blue Dress (1995),Crime|Film-Noir|Mystery|Thriller,8512.0,"In late 1940s Los Angeles, Easy Rawlins is an unemployed black World War II veteran with few job prospects. At a bar, Easy meets DeWitt Albright, a mysterious white man looking for someone to investigate the disappearance of a missing white woman named Daphne Monet, who he suspects is hiding out in one of the city's black jazz clubs. Strapped for money and facing house payments, Easy takes the job, but soon finds himself in over his head.",/5lcJhwKGavLbPva17QkTBhLfqEk.jpg,1995-09-29,6.5,"['Thriller', 'Crime', 'Mystery']"
165,Die Hard: With a Vengeance (1995),Action|Crime|Thriller,1572.0,"New York detective John McClane is back and kicking bad-guy butt in the third installment of this action-packed series, which finds him teaming with civilian Zeus Carver to prevent the loss of innocent lives. McClane thought he'd seen it all, until a genius named Simon engages McClane, his new ""partner"" -- and his beloved city -- in a deadly game that demands their concentration.",/buqmCdFQEWwEpL3agGgg2GVjN2d.jpg,1995-05-19,7.276,"['Action', 'Thriller']"
166,"Doom Generation, The (1995)",Comedy|Crime|Drama,13552.0,"Jordan White and Amy Blue, two troubled teens, pick up an adolescent drifter, Xavier Red. Together, the threesome embarks on a sex- and violence-filled journey through a United States of psychos and quickie marts.",/cRzRj2UBvIH8ryWhu5PNL2PzV7j.jpg,1995-10-20,6.5,"['Comedy', 'Crime', 'Drama']"
168,First Knight (1995),Action|Drama|Romance,6520.0,"The timeless tale of King Arthur and the legend of Camelot are retold in this passionate period drama. Arthur is reluctant to hand the crown to Lancelot, and Guinevere is torn between her loyalty to her husband and her growing love for his rival. But Lancelot must balance his loyalty to the throne with the rewards of true love.",/dJH5bwtu3UxbwRsSlhlhmMrV8ZH.jpg,1995-07-07,6.1,"['Action', 'Adventure', 'Drama', 'Romance']"
169,Free Willy 2: The Adventure Home (1995),Adventure|Children|Drama,9073.0,Jesse becomes reunited with Willy three years after the whale's jump to freedom as the teenager tries to rescue the killer whale and other orcas from an oil spill.,/3wpug3W5rYBdqeAnhc1UeXLE5ZF.jpg,1995-07-19,5.9,"['Family', 'Adventure', 'Drama', 'Comedy']"
170,Hackers (1995),Action|Adventure|Crime|Thriller,10428.0,"Along with his new friends, a teenager who was arrested by the US Secret Service and banned from using a computer for writing a computer virus discovers a plot by a nefarious hacker, but they must use their computer skills to find the evidence while being pursued by the Secret Service and the evil computer genius behind the virus.",/w8H2KpRtpzwlxz5KrvINCVihok1.jpg,1995-09-14,6.372,"['Action', 'Crime', 'Thriller', 'Drama']"
171,Jeffrey (1995),Comedy|Drama,17447.0,"Jeffrey, a gay man living in New York City with an overwhelming fear of contracting AIDS, concludes that being celibate is the only option to protect himself. As fate would have it, shortly after his declaration of a sex-free existence, he meets the handsome Steve Howard, his dream man -- except for his HIV-positive status. Facing this dilemma, Jeffrey turns to his best friend and an outrageous priest for guidance.",/cacIqtIkUaD5xYqUUN1J7qJjciQ.jpg,1995-08-18,6.196,"['Comedy', 'Drama', 'Romance']"
172,Johnny Mnemonic (1995),Action|Sci-Fi|Thriller,9886.0,"In a dystopian 2021, Johnny is a data trafficker who has an implant that allows him to securely store data too sensitive for regular computer networks. On one delivery run, he accepts a package that not only exceeds the implant's safety limits—and will kill him if the data is not removed in time—but also contains information far more important and valuable than he had ever imagined. On a race against time, he must avoid the assassins sent to kill him and remove the data before it, too, ends his life.",/iH8Jgi8qvb7pnBfI8fVGaUbyRna.jpg,1995-05-26,5.8,"['Science Fiction', 'Action', 'Adventure']"
173,Judge Dredd (1995),Action|Crime|Sci-Fi,9482.0,"In a dystopian future, Dredd, the most famous judge (a cop with instant field judiciary powers) is convicted for a crime he did not commit while his murderous counterpart escapes.",/cfSnKn8NDU3m8UxihjVcYprA0Aq.jpg,1995-06-30,5.8,"['Science Fiction', 'Action']"
174,Jury Duty (1995),Comedy,19326.0,"When jobless Tommy Collins discovers that sequestered jurors earn free room and board as well as $5-a-day, he gets himself assigned to a jury in a murder trial. Once there, he does everything he can to prolong the trial and deliberations and make the sequestration more comfortable for himself.",/DbKQDPqBE4kCaePj4CHu6r3ZAb.jpg,1995-04-12,4.3,"['Comedy', 'Drama']"
175,Kids (1995),Drama,9344.0,"A group of bored, disaffected New York City teenagers spend a day skating, smoking, drinking, partying, deflowering virgins, and getting into fights.",/8qV8hUVCUnFIQKewzlhaFWhdszK.jpg,1995-07-21,6.9,"['Drama', 'Crime']"
176,Living in Oblivion (1995),Comedy,9071.0,"Low-budget independent filmmaker Nick Reve tries to keep everything together as his production is plagued with an insecure actress, a megalomaniac star, a pretentious beret-wearing director of photography, and lousy catering.",/b54xDk98oWtEtAso9sj1wjaZDDH.jpg,1995-07-21,7.2,['Comedy']
177,Lord of Illusions (1995),Horror,8973.0,"During a routine case in L.A., NY private investigator Harry D'Amour stumbles over members of a fanatic cult who are preparing for the resurrection of their leader Nix, a powerful magician who was killed 13 years earlier.",/8MZu8s01psozeTuD6OzstP4vSvM.jpg,1995-08-25,6.0,"['Horror', 'Fantasy', 'Drama']"
178,Love & Human Remains (1993),Comedy|Drama,15730.0,"In a Canadian metropolis, failed actor David shares a place with the bookish Candy, whom he dated before coming out as gay. While David, who now waits tables, pursues an aimless romance with a younger coworker, Candy dabbles in both same-sex and heterosexual affairs. As David and Candy's odd assortment of friends — including a telepathic sex worker and an ill-tempered yuppie — pass in and out of their beds, a serial murder stalks the city's women.",/9QVw6cPXfsjr4PncE1TeWudeLmh.jpg,1994-07-22,5.7,"['Comedy', 'Drama']"
179,Mad Love (1995),Drama|Romance,47608.0,"Matt falls for Casey, the new girl in school. She's fun-loving and eccentric, but there's a darkness to her whimsy that Matt can't begin to comprehend. When Casey attempts to commit suicide, her parents place her in a mental institution. Matt springs her out, and together the young lovers head on a road trip. They believe their love can ""cure"" Casey's problems. Matt starts to wonder, though, if are they inspired or misguided.",/glhctWoYw1jg8z0FUSwFD4UTNi4.jpg,1995-05-26,5.1,"['Drama', 'Romance']"
180,Mallrats (1995),Comedy|Romance,2293.0,"Both dumped by their girlfriends, two best friends seek refuge in the local mall. Eventually, they decide to try and win back their significant others and take care of their respective nemeses.",/2ip0sGIMPN0XEN6q3lQIoaNI6tP.jpg,1995-10-20,6.755,"['Romance', 'Comedy']"
181,Mighty Morphin Power Rangers: The Movie (1995),Action|Children,9070.0,"Six incredible teens out-maneuver and defeat evil everywhere as the Mighty Morphin Power Rangers, but this time the Power Rangers may have met their match when they face off with Ivan Ooze, the most sinister monster the galaxy has ever seen.",/pcLbHqs80dchv0byHivhdwHKEup.jpg,1995-06-30,5.9,"['Action', 'Adventure', 'Science Fiction', 'Fantasy']"
183,Mute Witness (1994),Comedy|Horror|Thriller,48787.0,"When a mute makeup/special effects artist working on a low-budget slasher film gets locked in a dilapidated Moscow movie studio late one night, she thinks she witnesses the making of a snuff film. Thus begins a night of terror.",/2VFvSfnKFdZizuaonWbTmjAqD3.jpg,1995-09-15,6.46,"['Thriller', 'Horror', 'Crime']"
184,Nadja (1994),Drama,34574.0,"In a contemporary New York City, members of a dysfunctional family of vampires are trying to come to terms with each other, in the wake of their father's death. Meanwhile, they are being hunted by Dr. Van Helsing and his hapless nephew. As in all good vampire movies, forces of love are pitted against forces of destruction.",/uwo3iDfPNdZoSNGAgQDXEM7xMu8.jpg,1995-09-01,5.6,"['Horror', 'Thriller']"
185,"Net, The (1995)",Action|Crime|Thriller,1642.0,"Angela Bennett is a freelance computer systems analyst who tracks down software viruses. At night she hooks up to the internet and chats to others 'surfing the net'. While de-bugging a new high-tech game for a cyber friend, she comes across a top secret program and becomes the target of a mysterious organization who will stop at nothing to erase her identity and her existence, in order to protect the project.",/dtupntUFMD5iXBo8HLfALt2ET4R.jpg,1995-07-28,6.033,"['Crime', 'Drama', 'Mystery', 'Thriller', 'Action']"
186,Nine Months (1995),Comedy|Romance,11472.0,"When he finds out his longtime girlfriend is pregnant, a commitment-phobe realizes he might have to change his lifestyle for better or much, much worse.",/y3VwPenHpiuIGb0fhgyt7PXZKLB.jpg,1995-07-12,5.72,"['Romance', 'Comedy']"
187,Party Girl (1995),Comedy,36196.0,"Although Mary has little income, she still finds ways to spend her nights at clubs. After being arrested for throwing an illegal rave, she asks her aunt Judy for bail money. Judy then finds Mary a job at her library so that Mary can repay her. Initially, Mary finds the job as a clerk boring and stifling, and prefers to get to know a street food vendor whom she likes. However, Mary must refocus her life once she loses her job and apartment.",/cfGEUftQVjvJHTTc3OKbzfsBamT.jpg,1995-06-09,6.425,"['Comedy', 'Drama', 'Romance']"
188,"Prophecy, The (1995)",Fantasy|Horror|Mystery,11980.0,"The angel Gabriel comes to Earth to collect a soul which will end the stalemated war in Heaven. However, it is hidden inside of a Native American girl and only a former priest and a schoolteacher can stop him.",/4ZWFhQipzBHJze2llzCzhrSIZsn.jpg,1995-08-05,6.504,"['Fantasy', 'Horror', 'Thriller']"
189,Reckless (1995),Comedy|Fantasy,58372.0,"On Christmas Eve, a relentlessly cheerful woman escapes from the killers hired by her husband, and embarks on a series of strange encounters.",/edNTtl2UuKcU8vXEaYgu76vISXw.jpg,1995-11-17,6.6,"['Fantasy', 'Comedy', 'Drama']"
190,Safe (1995),Thriller,32646.0,"Carol White, a Los Angeles housewife in the late 1980s, comes down with a debilitating illness with no clear diagnosis.",/2O71QsBkbqdLqQdx2yuNpJ4pFPq.jpg,1995-06-23,6.954,['Drama']
191,"Scarlet Letter, The (1995)",Drama|Romance,10533.0,"Set in puritanical Boston in the mid 1600s, the story of seamstress Hester Prynne, who is outcast after she becomes pregnant by a respected reverend. She refuses to divulge the name of the father, is ""convicted"" of adultery and forced to wear a scarlet ""A"" until an Indian attack unites the Puritans and leads to a reevaluation of their laws and morals.",/8gIU7O3oV6NyWUjlL6ppbpnIZLW.jpg,1995-10-13,6.1,"['Drama', 'Romance']"
193,Showgirls (1995),Drama,10802.0,"Fresh to Las Vegas with no connections, Nomi Malone takes a job as an exotic dancer. Her talents are quickly noticed by Cristal, a headlining dancer who senses an opportunity to bolster her own act. But Nomi won’t play second fiddle and soon begins her venomous path to the top, ruthlessly backstabbing anyone who gets in her way.",/o4HT3Ap5c99W4FYpdXUtTvxGgPc.jpg,1995-09-22,5.573,['Drama']
194,Smoke (1995),Comedy|Drama,10149.0,"Writer Paul Benjamin is nearly hit by a bus when he leaves Auggie Wren's smoke shop. Stranger Rashid Cole  saves his life, and soon middle-aged Paul tells homeless Rashid that he wouldn't mind a short-term housemate. Still grieving over his wife's murder, Paul is moved by both Rashid's quest to reconnect with his father and Auggie's discovery that a woman who might be his daughter is about to give birth.",/1WMUaTQaj2dQrhsPI3Px0OR9eTF.jpg,1995-06-09,7.202,"['Comedy', 'Drama']"
195,Something to Talk About (1995),Comedy|Drama|Romance,18402.0,"Grace King Bichon, who is managing her father's riding-stable, discovers that her husband Eddie is deceiving her with another woman. After confronting him in the middle of the night on the streets of their small home town, she decides to stay at her sister Emma Rae's house for a while to make up her mind. Breaking out of her everyday life, she starts to question the authority of everyone.",/a52KpsmvLNdTdmDzw1fUrJONpfH.jpg,1995-08-04,5.6,"['Comedy', 'Drama']"
196,Species (1995),Horror|Sci-Fi,9348.0,"In 1993, the Search for Extra Terrestrial Intelligence Project receives a transmission detailing an alien DNA structure, along with instructions on how to splice it with human DNA. The result is Sil, a sensual but deadly creature who can change from a beautiful woman to an armour-plated killing machine in the blink of an eye.",/cT5wdyo8kT7dycqjrolJ2sHWkFx.jpg,1995-07-07,6.0,"['Science Fiction', 'Horror', 'Action']"
198,Strange Days (1995),Action|Crime|Drama|Mystery|Sci-Fi|Thriller,281.0,"In the last days of 1999, ex-cop turned street hustler Lenny Nero receives a disc which contains the memories of the murder of a prostitute. With the help of bodyguard Mace, he starts to investigate and is pulled deeper and deeper in a whirl of murder, blackmail and intrigue.",/rY5BrDRcYAKE0BYmmT66YG6Uy5Q.jpg,1995-10-13,7.009,"['Crime', 'Drama', 'Science Fiction', 'Thriller']"
199,"Umbrellas of Cherbourg, The (Parapluies de Cherbourg, Les) (1964)",Drama|Musical|Romance,5967.0,"This simple romantic tragedy begins in 1957. Guy Foucher, a 20-year-old French auto mechanic, has fallen in love with 17-year-old Geneviève Emery, an employee in her widowed mother's chic but financially embattled umbrella shop. On the evening before Guy is to leave for a two-year tour of combat in Algeria, he and Geneviève make love. She becomes pregnant and must choose between waiting for Guy's return or accepting an offer of marriage from a wealthy diamond merchant.",/tAgTf64XKK5ir7w5C7dnB53jWWG.jpg,1964-02-19,7.396,"['Drama', 'Romance']"
201,Three Wishes (1995),Drama|Fantasy,47939.0,"While Jane Holman is driving with her two sons, she accidentally runs into a drifter, Jack McCloud, who breaks his leg. Being responsible, Jane invites Jack, and his dog, to stay at her home until his leg has healed. Jack struggles to adapt their lifestyle, and finds himself loved by the family.",/qY1Mz8bPGKYmrb4kY1zm7s4480V.jpg,1995-10-27,6.2,"['Fantasy', 'Family', 'Drama']"
202,Total Eclipse (1995),Drama|Romance,36834.0,"Young, wild poet Arthur Rimbaud and his mentor Paul Verlaine engage in a fierce, forbidden romance while feeling the effects of a hellish artistic lifestyle.",/9ihmgsX9aDXZmwjvgrzJgH8FxNa.jpg,1995-11-03,6.4,"['Drama', 'Romance']"
203,"To Wong Foo, Thanks for Everything! Julie Newmar (1995)",Comedy,9090.0,"Manhattan drag queens Vida Boheme and Noxeema Jackson impress regional judges in competition, securing berths in the Nationals in Los Angeles. When the two meet pathetic drag novice Chi-Chi Rodriguez — one of the losers that evening — the charmed Vida and Noxeema agree to take the hopeless youngster under their joined wing. Soon the three set off on a madcap road trip across America and struggle to make it to Los Angeles in time.",/8bkJiI6N8wDxAtQ49bLUt0qCBII.jpg,1995-09-08,7.4,"['Comedy', 'Drama']"
204,Under Siege 2: Dark Territory (1995),Action,3512.0,"A passenger train has been hijacked by an electronics expert and turned into an untraceable command center for a weapons satellite. He has planned to blow up Washington DC and only one man can stop him, former Navy SEAL Casey Ryback.",/gElwFCQTbSK5hdK0PVyia547nst.jpg,1995-07-13,5.848,"['Action', 'Thriller']"
205,Unstrung Heroes (1995),Comedy|Drama,52856.0,"Steven Lidz, unhappy with his home life since his mother became sick, moves in with his two eccentric uncles. As Steven grows closer to his uncles, he learns how to cope with his emotions and to value his own uniqueness.",/twnqc80AL55WYnCVz4nMGEGcL7.jpg,1995-09-15,6.0,"['Comedy', 'Drama', 'Family']"
206,Unzipped (1995),Documentary,77350.0,"Isaac Mizrahi, one of the most successful designers in high fashion, plans his fall 1994 collection.",/dnIzv4rXr9FXkqW880E3rStYQA7.jpg,1995-08-11,5.2,['Documentary']
207,"Walk in the Clouds, A (1995)",Drama|Romance,9560.0,World War II vet Paul Sutton falls for a pregnant and unwed woman who persuades him -- during their first encounter -- to pose as her husband so she can face her family.,/xencQzZnUWDRAOUydjf9PWet8Ae.jpg,1995-05-27,7.4,"['Drama', 'Romance']"
208,Waterworld (1995),Action|Adventure|Sci-Fi,9804.0,"In a futuristic world where the polar ice caps have melted and made Earth a liquid planet, a beautiful barmaid rescues a mutant seafarer from a floating island prison. They escape, along with her young charge, Enola, and sail off aboard his ship. But the trio soon becomes the target of a menacing pirate who covets the map to 'Dryland'—which is tattooed on Enola's back.",/X4UyUO5jgzs3c5YafnmYKLKKYw.jpg,1995-07-28,6.222,"['Adventure', 'Action', 'Science Fiction']"
209,White Man's Burden (1995),Drama,31611.0,"The story takes place in alternative America where the blacks are members of social elite, and whites are inhabitants of inner city ghettos. Louis Pinnock is a white worker in a chocolate factory, loving husband and father of two children. While delivering a package for black CEO Thaddeus Thomas, he is mistaken for a voyeur and, as a result, loses his job, gets beaten by black cops and his family gets evicted from their home. Desperate Pinnock takes a gun and kidnaps Thomas, demanding justice.",/5MPatVYJXPYEGrd9RQiwldBBQvJ.jpg,1995-12-01,5.1,['Drama']
210,Wild Bill (1995),Western,65796.0,Biopic about famous gunslinger Wild Bill Hickock. The early career of legendary lawman is telescoped and culminates in his relocation in Deadwood and a reunion with Calamity Jane.,/g5sQTDwc4BcvRCBAhnujhBPIEO1.jpg,1995-12-01,5.7,"['Western', 'Action', 'Drama', 'History']"
211,"Browning Version, The (1994)",Drama,49805.0,"Andrew Crocker-Harris is an embittered and disliked teacher of Greek and Latin at a British prep school. After nearly 20 years of service, he is being forced to retire for 'health reasons', and perhaps may not even be given a pension. The boys regard him as a Hitler, with some justification. His unfaithful wife Laura tries to hurt him in any way she can. Andrew must come to terms with his failed life and at least regain his own self-esteem.",/8My9Wnzu1zasVVzGdDj5y2dItuM.jpg,1994-06-08,6.4,['Drama']
212,Bushwhacked (1995),Adventure|Comedy|Crime|Mystery,26258.0,"A inept courier realises he has been used by criminals to deliver money. On the run from both the criminals and police, he poses as a Scout leader and leads a scout group on a hike through the mountains.",/j3H0POtvl0Tt4Meesvp7HX6JxAv.jpg,1995-08-04,5.4,"['Adventure', 'Family', 'Comedy', 'Action']"
213,Burnt by the Sun (Utomlyonnye solntsem) (1994),Drama,50797.0,"Russia, 1936: revolutionary hero Colonel Kotov is spending an idyllic summer in his dacha with his young wife and six-year-old daughter Nadia and other assorted family and friends. Things change dramatically with the unheralded arrival of Cousin Dmitri from Moscow, who charms the women and little Nadia with his games and pianistic bravura. But Kotov isn't fooled: this is the time of Stalin's repression, with telephone calls in the middle of the night spelling doom - and he knows that Dmitri isn't paying a social call...",/jcpvnPSuRrynrgY7menuyZe7X4r.jpg,1994-05-01,6.928,['Drama']
214,Before the Rain (Pred dozhdot) (1994),Drama|War,19155.0,"The circularity of violence seen in a story that circles on itself. In Macedonia, during the war in Bosnia, Christians hunt an ethnic Albanian girl who may have murdered one of their own. A young monk who's taken a vow of silence offers her protection. In London, a photographic editor who's pregnant needs to talk it out with her estranged husband and chooses a toney restaurant.",/sAVSVFonnNkup5xnlxDkuRrmI2N.jpg,1994-06-09,7.351,"['Drama', 'War']"
215,Before Sunrise (1995),Drama|Romance,76.0,"An unexpected meeting on a train leads two travelers to spend an evening wandering through Vienna. As the night unfolds, they share stories and conversations about life and love, exploring new ideas while a quiet intimacy grows between them, knowing it may be their only night together.",/kf1Jb1c2JAOqjuzA3H4oDM263uB.jpg,1995-01-27,7.973,"['Drama', 'Romance']"
216,Billy Madison (1995),Comedy,11017.0,"Billy Madison is the 27 year-old son of Bryan Madison, a very rich man who has made his living in the hotel industry. Billy stands to inherit his father's empire, but only if he can make it through all 12 grades, 2 weeks per grade, to prove that he has what it takes to run the family business.",/sOdgtJdFalL9kRKaeJItARLTAEq.jpg,1995-02-10,6.192,['Comedy']
217,"Babysitter, The (1995)",Drama|Thriller,37141.0,"Jennifer is a lovely teen who has been hired to baby-sit the kids of Harry Tucker and his wife, Dolly. The Tuckers go to a party and proceed to get inebriated, with Mr. Tucker fantasizing about his beautiful baby sitter. Meanwhile, Jack, her boyfriend, and Mark, another guy interested in her, decide to spy on Jennifer at the Tucker house, with each young man also fixated on her.",/wOv6HKiKTcDiyZRXPOsjm2JhVZV.jpg,1995-10-17,5.2,"['Drama', 'Thriller']"
218,Boys on the Side (1995),Comedy|Drama,9382.0,"After breaking up with her girlfriend, a nightclub singer, Jane, answers a personal ad from Robin, a real estate agent with AIDS, seeking a cross-country travel partner. On their journey from New York City to Los Angeles, the two stop by Pittsburgh to pick up Jane's friend Holly, who is trying to escape an abusive relationship. With three distinct personalities, the women must overcome their differences to help one another.",/2dhZnfBjiza5TupvOupRU4hFAcJ.jpg,1995-02-03,6.4,"['Comedy', 'Drama']"
219,"Cure, The (1995)",Drama,6715.0,"Erik, a loner, finds a friend in Dexter, an eleven-year-old boy with AIDS. They vow to find a cure for AIDS together and save Dexter's life in an eventful summer.",/3WN1H5NzLOjhY9AP848v8WPc9uu.jpg,1995-04-21,7.9,"['Drama', 'Family']"
220,Castle Freak (1995),Horror,18256.0,"John Reilly discovers that his family's newly inherited castle in Italy is haunted by a relentless, bloodthirsty creature.",/rZv3aUkNngyZeiCgAjOEF5n0tve.jpg,1996-04-20,6.102,"['Thriller', 'Drama', 'Horror', 'Mystery']"
222,Circle of Friends (1995),Drama|Romance,22625.0,"Three girlhood friends now at college share first loves, first kisses and first betrayals. At the center of it all is the best-looking boy on campus. Can a self-conscious dreamer hook the biggest fish in the pond?",/bnSBsGCIfGGiN68MSBIoviaoh9a.jpg,1995-04-07,6.2,"['Drama', 'Romance']"
223,Clerks (1994),Comedy,2292.0,"Convenience and video store clerks Dante and Randal are sharp-witted, potty-mouthed and bored out of their minds. So in between needling customers, the counter jockeys play hockey on the roof, visit a funeral home and deal with their love lives.",/9IiSgiq4h4siTIS9H3o4nZ3h5L9.jpg,1994-10-19,7.385,['Comedy']
224,Don Juan DeMarco (1995),Comedy|Drama|Romance,1909.0,"John Arnold DeMarco is a man who believes he is Don Juan, the greatest lover in the world. Clad in a cape and mask, DeMarco undergoes psychiatric treatment with Dr. Jack Mickler to cure him of his apparent delusion. But the psychiatric sessions have an unexpected effect on the psychiatric staff and, most profoundly, Dr Mickler, who rekindles the romance in his complacent marriage.",/fe0TuYz9jCKUba2Omj48K8bWJ8z.jpg,1994-10-12,6.7,"['Romance', 'Drama', 'Comedy']"
225,Disclosure (1994),Drama|Thriller,8984.0,"A computer specialist is sued for sexual harassment by a former lover turned boss who initiated the act forcefully, which threatens both his career and his personal life.",/dnA4QkIZZCF9wRtF8HHxWwUXVMf.jpg,1994-12-09,6.3,"['Thriller', 'Drama', 'Crime']"
227,Drop Zone (1994),Action|Thriller,4954.0,"A daring prison break from an airliner at 30,000 feet leaves U.S. Marshal Pete Nessip mourning a brother and gunning for revenge. After being ordered to turn in his badge, he seeks out Jessie Crossman, a noted skydiver, and offers to sponsor her crew for the annual Independence Day parachuting show in Washington, D.C., if she trains him. Meanwhile, the mastermind behind the mid-air jailbreak is planning a daring computer theft on Independence Day.",/1Psxz2Jx4UuXQSPaTSKjlhNGoAO.jpg,1994-12-08,5.7,"['Action', 'Thriller', 'Crime']"
228,Destiny Turns on the Radio (1995),Comedy,62488.0,"Johnny Destiny burns into Las Vegas in his hot Plymouth RoadRunner, stopping only to pick up a stranger stranded in the desert. But then, things aren't always as they seem. Anything can happen in that town of many possibilities...especially since there's been some weird electrical disturbances. As the stranger, fresh out of prison, tries to put his life back together--to recover his money from an old bank heist and the girl he lost in doing the job--something keeps interfering with his plans. Is it fate...or just Destiny?",/kd04IvuW1wvgGoB2HxSuFVIU9rU.jpg,1995-04-28,4.9,"['Crime', 'Comedy', 'Fantasy']"
229,Death and the Maiden (1994),Drama|Thriller,10531.0,A political activist is convinced that her guest is a man who once tortured her for the government.,/yrGpwavZwfprhjVRHMHc165q22u.jpg,1994-05-04,7.1,"['Drama', 'Thriller']"
230,Dolores Claiborne (1995),Drama|Thriller,11929.0,"Dolores Claiborne was accused of killing her abusive husband twenty years ago, but the court's findings were inconclusive and she was allowed to walk free. Now she has been accused of killing her employer, Vera Donovan, and this time there is a witness who can place her at the scene of the crime. Things look bad for Dolores when her daughter Selena, a successful Manhattan magazine writer, returns to cover the story.",/iQuwx3UAyXbE9tzdM3jLqtbogc4.jpg,1995-03-24,7.266,"['Crime', 'Drama', 'Mystery']"
231,Dumb & Dumber (Dumb and Dumber) (1994),Adventure|Comedy,8467.0,"Lloyd and Harry are two men whose stupidity is really indescribable. When Mary, a beautiful woman, loses an important suitcase with money before she leaves for Aspen, the two friends (who have found the suitcase) decide to return it to her. After some ""adventures"" they finally get to Aspen where, using the lost money they live it up and fight for Mary's heart.",/4LdpBXiCyGKkR8FGHgjKlphrfUc.jpg,1994-12-16,6.649,['Comedy']
232,Eat Drink Man Woman (Yin shi nan nu) (1994),Comedy|Drama|Romance,10451.0,"Retired and widowed Chinese master chef Chu lives in modern day Taipei, with his three attractive daughters, all of whom are unattached. Soon, each daughter encounters a new man in their lives. When these new relationships blossom, stereotypes are broken and the living situation within the family changes.",/olhIWtIBFg6VWK59DEd4lAvgVgz.jpg,1994-08-03,7.622,"['Comedy', 'Drama', 'Romance']"
233,Exotica (1994),Drama,20156.0,"In the upscale Toronto strip club Exotica, dancer Christina is visited nightly by the obsessive Francis, a depressed tax auditor. Her ex-boyfriend, the club's MC, Eric, still jealously pines for her even as he introduces her onstage, but Eric is having his own relationship problems with the club's female owner. Thomas, a mysterious pet-shop owner, is about to become unexpectedly involved in their lives.",/pWcJdcIHjL3P6NaEJKeV6ONfAMV.jpg,1994-09-29,6.617,['Drama']
234,Exit to Eden (1994),Comedy,18395.0,"Photographer Elliot Slater has inadvertently snapped the only existing photos of elusive jewel thief Omar. When Elliot leaves for a private vacation on an S&M island, he is followed by Omar, Omar's partner, Nina, and undercover police officers Fred and Sheila. Unaware of the number of people chasing him, Elliot enjoys his stay at the resort, and finds himself falling in love with head dominatrix Lisa.",/dUtpplO9K03uYCA71Vqj9ZRkVyA.jpg,1994-10-14,4.1,"['Comedy', 'Crime', 'Thriller']"
235,Ed Wood (1994),Comedy|Drama,522.0,"The mostly true story of the legendary ""worst director of all time"", who, with the help of his strange friends, filmed countless B-movies without ever becoming famous or successful.",/n8SrO3WbyuY2b6KazogqbQF348C.jpg,1994-09-28,7.485,"['Comedy', 'Drama', 'History']"
236,French Kiss (1995),Action|Comedy|Romance,397.0,"After her fiancee admits to infidelity while on a business trip in France, a woman attempts to get her lover back and marry him by traveling to Paris despite her crippling fear of flying.  On the way she unwittingly smuggles something of value that has a charming crook chasing her across France as she chases after her future husband.",/q5hXdMfxSwhuOmWmkTJmm5qVijc.jpg,1995-05-05,6.47,"['Comedy', 'Romance']"
237,Forget Paris (1995),Comedy|Romance,10525.0,"Mickey Gordon is a basketball referee who travels to France to bury his father. Ellen Andrews is an American living in Paris who works for the airline he flies on. They meet and fall in love, but their relationship goes through many difficult patches.",/c2RwGHqWwvh7nmRKpdIyYUWMEvP.jpg,1995-05-19,6.313,"['Comedy', 'Drama', 'Romance']"
238,Far From Home: The Adventures of Yellow Dog (1995),Adventure|Children,27985.0,"Teenager Angus adopts a stray dog and names him Yellow. Several days later, while travelling along the coast of British Columbia with Angus's father, John, the boy and dog become stranded when turbulent waters capsize their boat. Angus's parents relentlessly badger rescue teams. Angus, schooled by his father in wilderness survival skills, and assisted by the intelligent Yellow Dog, tries to attract rescuers.",/bHtNHOiSmfX1KlJwc9Jvc8sYcjB.jpg,1995-01-13,6.2,"['Action', 'Adventure', 'Drama', 'Family']"
239,"Goofy Movie, A (1995)",Animation|Children|Comedy|Romance,15789.0,"Goofy’s teenage son Max is desperate to impress his crush and fit in at school. After well-meaning but ignorant Goofy suddenly whisks him away on a cross-country road trip—messing up Max’s first date plans in the process—Goofy’s old-school parenting and Max’s desire for independence lead to a vacation of hilarious mishaps, as they both learn to see eye to eye and listen to eachother.",/bycmMhO3iIoEDzP768sUjq2RV4T.jpg,1995-04-05,7.023,"['Adventure', 'Comedy', 'Romance', 'Animation', 'Family']"
240,Hideaway (1995),Thriller,27303.0,"Hatch Harrison, his wife, Lindsey, and their daughter, Regina, are enjoying a pleasant drive when a car crash leaves wife and daughter unharmed but kills Hatch. However, an ingenious doctor, Jonas Nyebern, manages to revive Hatch after two lifeless hours. But Hatch does not come back unchanged. He begins to suffer horrible visions of murder -- only to find out the visions are the sights of a serial killer.",/cYWjgxgIJrak0BTemkij3gOCbMa.jpg,1995-03-03,5.2,"['Drama', 'Thriller', 'Horror']"
241,Fluke (1995),Children|Drama,21183.0,"Workaholic Thomas Johnson dies in an auto accident and reincarnates as a dog. Remembering some of his previous being, he returns to his wife and son to protect them from the man who caused his accident. But, as time goes by, his memories return, and Thomas realizes he wasn't such a good husband and father.",/9cdyiQQK4JwghWVWWB6hEqx4okB.jpg,1995-06-02,7.1,"['Drama', 'Adventure', 'Family']"
242,Farinelli: il castrato (1994),Drama|Musical,10954.0,"The life and career of Italian opera singer Farinelli, considered one of the greatest castrato singers of all time.",/i5h0ZjYobco5HRPaAU6QTlrMYw0.jpg,1994-12-01,6.56,"['History', 'Drama', 'Music']"
243,Gordy (1995),Children|Comedy|Fantasy,47867.0,A talking pig named Gordy becomes involved in a quest to save his family from the slaughterhouse.,/4sLmghaiAIYXh320qCvZWY4avVT.jpg,1995-05-12,5.3,"['Drama', 'Family', 'Fantasy']"
246,Hoop Dreams (1994),Documentary,14275.0,"Every school day, African-American teenagers William Gates and Arthur Agee travel 90 minutes each way from inner-city Chicago to St. Joseph High School in Westchester, Illinois, a predominately white suburban school well-known for the excellence of its basketball program. Gates and Agee dream of NBA stardom, and with the support of their close-knit families, they battle the social and physical obstacles that stand in their way. This acclaimed documentary was shot over the course of five years.",/gLzHl2XBtVwycl8DxdOXRHPm8G3.jpg,1994-09-12,7.57,['Documentary']
247,Heavenly Creatures (1994),Crime|Drama,1024.0,"Precocious teenager Juliet moves to New Zealand with her family and soon befriends the quiet, brooding Pauline through their shared love of fantasy and literature. This friendship gradually develops into an intense and obsessive bond.",/uvb86wVCIqD3Rlbr0GTNgWDF7Zo.jpg,1994-09-12,6.971,"['Drama', 'Fantasy']"
248,Houseguest (1994),Comedy,17207.0,"In hot water with the mob over an unpaid debt, a con man poses as a family friend in an affluent Pennsylvania suburb.",/cdiHlZho11EEqD3aPanYe1rEYRB.jpg,1995-01-06,5.4,['Comedy']
249,Immortal Beloved (1994),Drama|Romance,13701.0,"A chronicle of the life of infamous classical composer Ludwig van Beethoven and his painful struggle with hearing loss. Following Beethoven's death in 1827, his assistant, Schindler, searches for an elusive woman referred to in the composer's love letters as ""immortal beloved."" As Schindler solves the mystery, a series of flashbacks reveal Beethoven's transformation from passionate young man to troubled musical genius.",/lkqz2R5pjXeDaiIjR3Z6JTGjtg6.jpg,1994-12-16,7.108,"['Drama', 'Music', 'Romance']"
250,Heavyweights (Heavy Weights) (1995),Children|Comedy,14819.0,"Camp Hope is a summer retreat for overweight boys run by a kindly couple who make the campers feel comfortable with their extra pounds. But when tyrannical fitness guru Tony buys the camp, he puts the kids on a cruel regimen that goes too far. Sick of the endless weeks of ""all work and no play,"" the kids stage a coup and reclaim their summer of fun.",/uN65XQzyPknLZs2R6koZ2Cu6eGC.jpg,1995-02-17,6.162,"['Family', 'Comedy']"
251,"Hunted, The (1995)",Action,32631.0,"Paul Racine, a high-powered American business executive in Japan, is catapulted into a maze of danger and intrigue after he and his sexy companion are the targets of assassins hired by the ruthless Kinjo.  To survive, Racine must join forces with a powerful samurai and together they will fight the force of evil in an awesome battle rooted in centuries of brutal conflict.",/luCVuKiRBcQjr9MuY9mRCTehjpY.jpg,1995-02-24,5.68,"['Action', 'Drama', 'Thriller']"
252,I.Q. (1994),Comedy|Romance,11777.0,Albert Einstein helps a young man who's in love with Einstein's niece to catch her attention by pretending temporarily to be a great physicist.,/1dLR9LX4O8DSyaU5OR3N0472IR.jpg,1994-12-24,6.0,"['Comedy', 'Drama', 'Romance']"
253,Interview with the Vampire: The Vampire Chronicles (1994),Drama|Horror,628.0,"A vampire relates his epic life story of love, betrayal, loneliness, and dark hunger to an over-curious reporter.",/2162lAT2MP36MyJd2sttmj5du5T.jpg,1994-11-11,7.4,"['Horror', 'Drama', 'Fantasy']"
254,Jefferson in Paris (1995),Drama,87729.0,"His wife having recently died, Thomas Jefferson accepts the post of United States ambassador to pre-revolutionary France, though he finds it difficult to adjust to life in a country where the aristocracy subjugates an increasingly restless peasantry. In Paris, he becomes smitten with cultured artist Maria Cosway, but, when his daughter visits from Virginia accompanied by her attractive slave, Sally Hemings, Jefferson's attentions are diverted.",/vcZCvsm920LoNDb7pMibJkxIE4n.jpg,1995-03-31,5.0,"['Drama', 'Romance', 'History']"
255,"Jerky Boys, The (1995)",Comedy,18713.0,"When two unemployed telephone pranksters decide to use their vocal ""talents"" to impersonate a Chicago mob boss and curry favor with organized crime in New York, the trouble begins. It isn't long before Johnny and Kamal (the ""Jerky Boys"" of crank call fame) are wanted by the local mafia, the police, and their neighbor.",/yUbdqyZaeaoNKBQmnmtim1IIAf1.jpg,1995-02-03,4.3,"['Comedy', 'Crime']"
256,Junior (1994),Comedy|Sci-Fi,6280.0,"A research scientist becomes the world's first pregnant man in order to test a drug he and a colleague have designed for expectant women. To carry out the trial, he has an embryo implant, believing that he will only carry the baby for three months – hardly expecting to face the prospect of giving birth.",/swxxtzYc60qqnFhfWMFdmx9QXvY.jpg,1994-11-22,5.2,"['Comedy', 'Science Fiction']"
257,Just Cause (1995),Mystery|Thriller,9061.0,A Harvard professor is lured back into the courtroom after twenty-five years to take the case of a young black man condemned to death for the horrific murder of a child.,/hbkS4UpgHcGhLlGy9YCX4WIJ4lu.jpg,1995-02-17,6.3,"['Action', 'Drama', 'Mystery', 'Thriller']"
258,"Kid in King Arthur's Court, A (1995)",Adventure|Children|Comedy|Fantasy|Romance,37108.0,"A Southern California kid named Calvin Fuller is magically transported to the medieval kingdom of Camelot through a crack in the ground caused by an earthquake. Once there, he learns he was summoned by the wizard Merlin, who needs Calvin to save Camelot. Using dazzling modern inventions, can Calvin help King Arthur retain his crown and thwart the evil Lord Belasco?",/y269Xj4nOi4YHOKT241c4xubgGv.jpg,1995-08-11,5.0,"['Adventure', 'Fantasy', 'Comedy', 'Family']"
259,Kiss of Death (1995),Crime|Drama|Thriller,6071.0,"Jimmy Kilmartin's an ex-con who's trying to go straight. But he can't say no to a quick driving job because his so-called friend's life is threatened. The job is for Little Junior Brown, a violent and powerful villain. When things go wrong, Jimmy is left to do the time, and his whole life is turned upside-down, but if that wasn't enough, the cops won't leave Jimmy alone when he gets out... They want Little Junior Brown.",/2cCxEqeIy6Q8HgVjfT7obOnF5Zi.jpg,1995-04-21,5.7,"['Crime', 'Thriller', 'Drama']"
260,Star Wars: Episode IV - A New Hope (1977),Action|Adventure|Sci-Fi,11.0,Princess Leia is captured and held hostage by the evil Imperial forces in their effort to take over the galactic Empire. Venturesome Luke Skywalker and dashing captain Han Solo team together with the loveable robot duo R2-D2 and C-3PO to rescue the beautiful princess and restore peace and justice in the Empire.,/6FfCtAuVAW8XJjZ7eWeLibRLWTw.jpg,1977-05-25,8.201,"['Adventure', 'Action', 'Science Fiction']"
261,Little Women (1994),Drama,9587.0,Four sisters come of age in America in the aftermath of the Civil War.,/1ZzH1XMcKAe5NdrKL5MfcqZHHsZ.jpg,1994-12-21,7.3,"['Drama', 'Romance']"
262,"Little Princess, A (1995)",Children|Drama,19101.0,"When her father enlists to fight for the British in WWI, young Sara Crewe goes to New York to attend the same boarding school her late mother attended. She soon clashes with the severe headmistress, Miss Minchin, who attempts to stifle Sara's creativity and sense of self-worth.",/9V4bAVEskSNbEqjVI0YmeuB0n8I.jpg,1995-05-10,7.6,"['Drama', 'Family', 'Fantasy']"
263,Ladybird Ladybird (1994),Drama,49980.0,"Maggie has had four children, by four different fathers, removed by social services because of a previous violent relationship. When she meets Jorge, a gentle Latin American refugee, she gradually sees her chance for happiness, but her history still haunts her.",/91KSK1xKdVEIDASKRo9ahBFCtM2.jpg,1994-02-18,7.2,['Drama']
265,Like Water for Chocolate (Como agua para chocolate) (1992),Drama|Fantasy|Romance,18183.0,"Tita is passionately in love with Pedro, but her controlling mother forbids her from marrying him. When Pedro marries her sister, Tita throws herself into her cooking and discovers she can transfer her emotions through the food she prepares, infecting all who eat it with her intense heartbreak.",/itwUdMqLmPfhtGJ44hiDxkqZhiq.jpg,1992-04-16,7.277,"['Drama', 'Romance']"
266,Legends of the Fall (1994),Drama|Romance|War|Western,4476.0,"In early 20th-century Montana, Col. William Ludlow lives on a ranch in the wilderness with his sons, Alfred, Tristan, and Samuel. Eventually, the unconventional but close-knit family are bound by loyalty, tested by war, and torn apart by love, as told over the course of several decades in this epic saga.",/t1KPGlW0UGd0m515LPQmk2F4nu1.jpg,1994-12-23,7.38,"['Drama', 'Western', 'Romance', 'War']"
267,Major Payne (1995),Comedy,11008.0,"Major Benson Winifred Payne is being discharged from the Marines. Payne is a killin' machine, but the wars of the world are no longer fought on the battlefield. A career Marine, he has no idea what to do as a civilian, so his commander finds him a job - commanding officer of a local school's JROTC program, a bunch of ragtag losers with no hope.",/kWHx5eq7PELkF3If7LrrhuBskRG.jpg,1995-03-24,6.4,"['Adventure', 'Comedy', 'Family']"
269,My Crazy Life (Mi vida loca) (1993),Drama,32325.0,"Mousie and Sad Girl are childhood best friends in a contemporary Los Angeles poor Hispanic neighborhood. But when Sad Girl becomes pregnant by Mousie's boyfriend, a drug dealer named Ernesto, the two become bitter enemies. While their dispute escalates towards violence, the violence of the world around them soon also impacts their lives.",/gtKIaHUqkNqdgVnMFosyVJXvKMC.jpg,1994-06-08,6.6,"['Crime', 'Drama']"
270,Love Affair (1994),Drama|Romance,43742.0,"Ex-football star Mike Gambril meets Terry McKay on a flight to Sydney, which is forced to land on a small atoll. They become romantic on board a ship sent to take them to a larger island. They agree to meet in New York three months later to see if the attraction is real. One shows up but the other doesn't. However, a chance meeting brings them together again.",/uPEh48HZN9qqewkF2Hsi9BD6oz7.jpg,1994-10-21,5.4,"['Drama', 'Romance']"
271,Losing Isaiah (1995),Drama,28313.0,"Khaila Richards, a crack-addicted single mother, accidentally leaves her baby in a dumpster while high and returns the next day in a panic to find he is missing. In reality, the baby has been adopted by a warm-hearted social worker, Margaret Lewin, and her husband, Charles. Years later, Khaila has gone through rehab and holds a steady job. After learning that her child is still alive, she challenges Margaret for the custody.",/oHALKuPewtqIn2BcluZsGvcEG1P.jpg,1995-03-17,6.5,['Drama']
272,"Madness of King George, The (1994)",Comedy|Drama,11318.0,"Aging King George III of England is exhibiting signs of madness, a problem little understood in 1788. As the monarch alternates between bouts of confusion and near-violent outbursts of temper, his hapless doctors attempt the ineffectual cures of the day. Meanwhile, Queen Charlotte and Prime Minister William Pitt the Younger attempt to prevent the king's political enemies, led by the Prince of Wales, from usurping the throne.",/1dTSY023ZyBbgVSKDRuA6JLGSnZ.jpg,1994-12-28,6.8,"['Comedy', 'Drama', 'History']"
273,Mary Shelley's Frankenstein (Frankenstein) (1994),Drama|Horror|Sci-Fi,3036.0,"Victor Frankenstein is a promising young doctor who, devastated by the death of his mother during childbirth, becomes obsessed with bringing the dead back to life. His experiments lead to the creation of a monster, which Frankenstein has put together with the remains of corpses. It's not long before Frankenstein regrets his actions.",/bOwCAQsZlEKrwhPi1ejY6BS8jpL.jpg,1994-11-04,6.443,"['Drama', 'Horror', 'Science Fiction', 'Romance']"
274,Man of the House (1995),Comedy,40490.0,"Ben Archer is not happy. His mother, Sandy, has just met a man, and it looks like things are pretty serious. Driven by a fear of abandonment, Ben tries anything and everything to ruin the ""love bubble"" which surrounds his mom. However, after Ben and Jack's experiences in the Indian Guides, the two become much closer.",/6bnOhhrrrq6RZhMgz4aGyqbJ9Wf.jpg,1995-03-03,5.4,"['Comedy', 'Family']"
275,Mixed Nuts (1994),Comedy,24070.0,The events of a crisis hotline business on one crazy night during the Christmas holidays.,/xPdQMqxWnFwCKOIto8dBEorTtGR.jpg,1994-12-21,5.4,"['Comedy', 'Drama', 'Romance']"
276,Milk Money (1994),Comedy|Romance,8986.0,"Three young boys pool their money and pay V, a kindhearted prostitute, to strip for them. Afterward, she drives them home to the suburbs -- but then her car breaks down. It's just as well, though, because a mobster named Waltzer is after her, and V realizes the suburbs are the perfect place to hide. But things get a lot more complicated when V falls in love with Tom, a single father who is unaware of her real profession.",/od8SCOMLDq4iRYaHNqihQVn1SNE.jpg,1994-08-31,6.4,"['Comedy', 'Romance', 'Drama']"
277,Miracle on 34th Street (1994),Drama,10510.0,"Six-year-old Susan Walker has doubts about childhood's most enduring miracle—Santa Claus. Her mother told her the secret about Santa a long time ago, but, after meeting a special department store Santa who's convinced he's the real thing, Susan is given the most precious gift of all—something to believe in.",/iUTPKkljdEjPlcPPYgbUz7APnHu.jpg,1994-11-18,6.752,"['Fantasy', 'Drama', 'Family']"
278,Miami Rhapsody (1995),Comedy,17402.0,"Even though Gwyn Marcus is engaged to her boyfriend, Matt, she is still afraid of commitment. While she admires her parents' loving relationship, she discovers that her family has not always been faithful in marriage, making it harder than ever to settle down. As her mother pressures her to get married, and plenty of attractive men appear in her life, Gwyn learns that she must balance her career, relationships and marriage to be truly happy.",/joturqaJfAJ8XHPadT8kibgSpS4.jpg,1995-01-27,5.2,"['Comedy', 'Romance']"
279,My Family (1995),Drama,38722.0,"Traces over three generations an immigrant family's trials, tribulations, tragedies, and triumphs. Maria and Jose, the first generation, come to Los Angeles, meet, marry, face deportation all in the 1930s. They establish their family in East L.A., and their children Chucho, Paco, Memo, Irene, Toni, and Jimmy deal with youth culture and the L.A. police in the '50s. As the second generation become adults in the '60s, the focus shifts to Jimmy, his marriage to Isabel (a Salvadorian refugee), their son, and Jimmy's journey to becoming a responsible parent.",/i6t6QF5QyUd3UAQ8JM8eVU1169D.jpg,1995-05-03,7.5,"['Comedy', 'Drama']"
280,Murder in the First (1995),Drama|Thriller,8438.0,"A young, inexperienced public defender is assigned to defend an inmate accused of committing murder while behind bars.",/duUpJUmuz82OKMwGnKc8sCV7emS.jpg,1995-01-20,7.1,"['Crime', 'Drama']"
281,Nobody's Fool (1994),Comedy|Drama|Romance,11593.0,"A rascally nearing-retirement man juggles a workers' compensation suit while secretly working for his nemesis and flirting with his nemesis' young wife. As his estranged son returns, he faces new family responsibilities, while a banker plots to evict him from his home.",/xyAXFy6mOfgZcVWbceCeuTYadeq.jpg,1994-12-23,6.893,"['Drama', 'Comedy']"
282,Nell (1994),Drama,1945.0,"In a remote woodland cabin, a small town doctor discovers Nell — a beautiful young hermit woman with many secrets.",/aIDp3x2YfijtdherR28pIH6yenn.jpg,1994-12-23,6.6,"['Drama', 'Thriller']"
283,New Jersey Drive (1995),Crime|Drama,39310.0,"Jason and Midget are two young, black teenagers living in Newark, New Jersey, the unofficial car theft capital of the world. Their favourite pastime is that of everybody in their neighbourhood: stealing cars and joyriding. The trouble starts when they steal a police car and the cops launch a violent offensive that involves beating and even shooting suspects.",/lXJWJT6lfAg2NEqEueJcI4ESWSG.jpg,1995-04-19,6.2,"['Crime', 'Drama']"
284,New York Cop (Nyû Yôku no koppu) (1993),Action|Crime,109560.0,"Allegedly based on a true story, this film follows the life of Toshi, a Japanese man living in America and working with the New York City police. After being recommended for undercover work, Toshi decides to go after a gang lead by Hawk. Hawk and Toshi soon become friends, although Hawk's second-in-command, Tito, is suspicious of the newcomer. Will Toshi be able to bring the gang down, or will his cover be blown before he can finish the assignment?",/5kXO783UrTaKZE3wn0KZv3RubZc.jpg,1993-08-14,2.8,"['Action', 'Thriller', 'Crime', 'Drama']"
285,Beyond Bedlam (1993),Drama|Horror,56428.0,An experiment gone awry places a neurologist and a homicide detective in a psychopath's nightmarish world.,/rqArVCgag2ng179rb3OXeEnS4Lo.jpg,1994-04-22,4.6,['Horror']
287,Nina Takes a Lover (1994),Comedy|Romance,131957.0,"Laura San Giacomo stars in this sexy comedy about adultery. When Nina's (San Giacomo) husband goes out of town for several weeks on a business trip, Nina hooks up with a photographer. Told from a reporter's point of view, his interviews with Nina and the photographer provide comic insights. Stars Laura San Giacomo, Paul Rhys, Michael O'Keefe, Fisher Stevens and more.",/ouiE82bOuBl4IeEnY2gJe8teQFT.jpg,1995-03-03,5.4,"['Drama', 'Romance']"
288,Natural Born Killers (1994),Action|Crime|Thriller,241.0,Two victims of traumatized childhoods become lovers and serial murderers irresponsibly glorified by the mass media.,/fEKZwT91gxvkAoyPgpNXo8W5fu0.jpg,1994-08-26,7.052,"['Crime', 'Thriller', 'Drama']"
289,Only You (1994),Comedy|Romance,9058.0,"Two childhood paranormal incidents have convinced schoolteacher Faith Corvatch that her true love is a guy named 'Damon Bradley', but she has yet to meet him. Preparing to marry podiatrist Dwayne in ten days, Faith receives a phone call from Dwayne's old classmate Damon Bradley, who is on his way to Venice. She impulsively decides to fly to Italy with the hope of finally encountering the man of her dreams. Accompanying her on the trip is her sister-in-law and best friend Kate, who has just left her husband, Faith's brother Larry.",/7mLLANXgUg3bibTiUitDlB0NZcU.jpg,1994-03-04,6.7,"['Romance', 'Comedy']"
290,Once Were Warriors (1994),Crime|Drama,527.0,"In a violent relationship, it takes a mother’s strength to save herself and her children from the man she loved. Once Were Warriors is a violent love story set against a contemporary urban backdrop.",/kRNANrGG50AaU2TwN0kg7tkYqlQ.jpg,1994-09-02,7.374,['Drama']
291,Poison Ivy II (1996),Drama|Thriller,18220.0,"A young and naive college art student becomes obsessed with assuming the identity and personality of a departed coed who used to live in her room, and in so doing causes complications that result in two men, a student and her art professor, lusting after her.",/jXLuQYRwWNuwW8dkx3zo5bWon2r.jpg,1996-04-26,4.646,"['Drama', 'Romance', 'Thriller']"
292,Outbreak (1995),Action|Drama|Sci-Fi|Thriller,6950.0,"A deadly airborne virus finds its way into the USA and starts killing off people at an epidemic rate. Col. Sam Daniels' job is to stop the virus spreading from a small town, which must be quarantined, and to prevent an over reaction by the White House.",/4KymNvlWR0XF0sqX2BWRd9Z3yXR.jpg,1995-03-10,6.6,"['Action', 'Drama', 'Science Fiction', 'Thriller']"
293,Léon: The Professional (a.k.a. The Professional) (Léon) (1994),Action|Crime|Drama|Thriller,101.0,"Léon, the top hit man in New York, has earned a rep as an effective ""cleaner"". But when his next-door neighbors are wiped out by a loose-cannon DEA agent, he becomes the unwilling custodian of 12-year-old Mathilda. Before long, Mathilda's thoughts turn to revenge, and she considers following in Léon's footsteps.",/bxB2q91nKYp8JNzqE7t7TWBVupB.jpg,1994-09-14,8.3,"['Crime', 'Drama', 'Action']"
294,"Perez Family, The (1995)",Comedy|Romance,63020.0,"In the midst of the Mariel boat lift -- a hurried exodus of refugees from Cuba going to America -- an immigration clerk accidentally presumes that dissident Juan Raul Perez and Dorita Evita Perez are married. United by their last name and a mutual resolve to emigrate, Dorita and Juan agree to play along. But it gets complicated when the two begin falling for each other just as Juan reunites with his wife, Carmela, whom he hasn't seen in decades.",/jxi3UDHf86kDk5hqJxnpEMzVch2.jpg,1995-05-12,6.0,"['Comedy', 'Drama', 'Romance']"
295,"Pyromaniac's Love Story, A (1995)",Comedy|Romance,2307.0,"A pastry boy and the son of a hair-piece mogul become involved in an arson scandal. Sergio is offered a bribe in exchange for taking the blame for the fire that destroys his workplace. Garet, the real arsonist, is apalled that someone else would try to take credit for his act of love. Before long, Sergio and Garet become entangled in a zany love-quadrangle involving Hattie and Stephanie. Written by Brian Whiting",/tjhmiAVkxl1EHkE9o6C93yKQdJ1.jpg,1995-04-28,5.1,"['Comedy', 'Drama', 'Romance']"
296,Pulp Fiction (1994),Comedy|Crime|Drama|Thriller,680.0,"A burger-loving hit man, his philosophical partner, a drug-addled gangster's moll and a washed-up boxer converge in this sprawling, comedic crime caper. Their adventures unfurl in three stories that ingeniously trip back and forth in time.",/vQWk5YBFWF4bZaofAbv0tShwBvQ.jpg,1994-09-10,8.486,"['Thriller', 'Crime', 'Comedy']"
298,Pushing Hands (Tui shou) (1992),Drama,25296.0,"Mr. Chu is an elderly widower who teaches tai chi chuan in Beijing. He moves to America to live with his son's family, but finds the cultural adjustment difficult. Since his daughter-in-law is a white woman who does not speak Chinese, Mr. Chu's son, Alex, must mediate.",/2z7QvDFDYnjd7nQhAfMW1zDihXd.jpg,1991-12-07,7.365,"['Drama', 'Comedy']"
299,Priest (1994),Drama,40156.0,The deeply held religious convictions of an idealistic young priest are challenged when he must face extraordinary events within his own congregation.,/yCZ2eGJb78HzaYthNwVF8R0G6BG.jpg,1995-03-24,6.221,"['Drama', 'Romance']"
300,Quiz Show (1994),Drama,11450.0,"Herbert Stempel's transformation into an unexpected television personality unfolds as he secures victory on the cherished American game show, 'Twenty-One.' However, when the show introduces the highly skilled contestant Charles Van Doren to replace Stempel, it compels Stempel to let out his frustrations and call out the show as rigged. Lawyer Richard Goodwin steps in and attempts to uncover the orchestrated deception behind the scenes.",/yoGJo1h3Hl2exXPVcG9UXWDENtX.jpg,1994-08-25,7.252,"['History', 'Drama']"
301,Picture Bride (Bijo photo) (1994),Drama|Romance,30304.0,"Riyo, an orphaned 17-year old, sails from Yokohama to Hawaii in 1918 to marry Matsuji, a man she has never met. Hoping to escape a troubled past and start anew, Riyo is bitterly disappointed upon her arrival: her husband is twice her age. The miserable girl finds solace with her new friend Kana, a young mother who helps Riyo accept her new life.",/s1lUr4NWgOi4ftXLrUWGI49IvKK.jpg,1995-05-05,6.4,"['Drama', 'History']"
302,"Queen Margot (Reine Margot, La) (1994)",Drama|Romance,10452.0,"Paris, Kingdom of France, August 18, 1572. To avoid the outbreak of a religious war, the Catholic princess Marguerite de Valois, sister of the feeble King Charles IX, marries the Huguenot King Henry III of Navarre.",/8uGkhBLiJMIkwohGPo3iB9AuwDg.jpg,1994-05-13,7.2,"['Drama', 'History', 'Romance']"
303,"Quick and the Dead, The (1995)",Action|Thriller|Western,12106.0,"A mysterious woman comes to compete in a quick-draw elimination tournament, in a town taken over by a notorious gunman.",/jhEmrXJpP6F3cqwyLjvgBgxxxFA.jpg,1995-02-09,6.544,"['Western', 'Action', 'Drama', 'Romance', 'Thriller']"
304,Roommates (1995),Comedy|Drama,161495.0,"An elderly, yet young-at-heart man, moves in with his grandson, and both their lives turn upside-down.",/ww737E66JgONeNCSZVuGRy7TvXI.jpg,1995-03-03,5.7,"['Drama', 'Comedy']"
305,Ready to Wear (Pret-A-Porter) (1994),Comedy,3586.0,"During Paris Fashion Week, models, designers and industry hot shots gather to work, mingle, argue and try to seduce one another.",/bb8pq3ap09S4KHsOvflXqoNJdWZ.jpg,1994-12-23,5.2,['Comedy']
306,Three Colors: Red (Trois couleurs: Rouge) (1994),Drama,110.0,"Part-time model Valentine unexpectedly befriends a retired judge after she runs over his dog. At first, the grumpy man shows no concern about the dog, and Valentine decides to keep it. But the two form a bond when she returns to his house and catches him listening to his neighbors’ phone calls.",/JHmsBiX1tjCKqAul1lzC20WcAW.jpg,1994-05-12,7.905,"['Drama', 'Mystery', 'Romance']"
307,Three Colors: Blue (Trois couleurs: Bleu) (1993),Drama,108.0,"The wife of a famous composer survives a car accident that kills her husband and daughter. Now alone, she shakes off her old identity and explores her newfound freedom but finds that she is unbreakably bound to other humans, including her husband’s mistress, whose existence she never suspected.",/33wsWxzsNstI8N7dvuwzFmj1qBd.jpg,1993-09-08,7.632,['Drama']
308,Three Colors: White (Trzy kolory: Bialy) (1994),Comedy|Drama,109.0,"Polish immigrant Karol Karol finds himself out of a marriage, a job and a country when his French wife, Dominique, divorces him after six months due to his impotence. Forced to leave France after losing the business they jointly owned, Karol enlists fellow Polish expatriate Mikołaj to smuggle him back to their homeland.",/fdIet3NSa27gobMbaUml66oCQNT.jpg,1994-01-26,7.446,"['Comedy', 'Drama', 'Mystery']"
310,Rent-a-Kid (1995),Comedy,36357.0,"Harry Habert, owner of a rental company, has an original idea—to rent baby's from a nearby orphanage to local families. He rents the Ward siblings, 2 boys and a girl, to his first customers.",/hnL5TxGumlBy68D4HovSlndEIkz.jpg,1995-01-01,5.6,"['Comedy', 'Family', 'TV Movie']"
311,Relative Fear (1994),Horror|Thriller,92769.0,"Linda and Peter Pratman's son Adam is autistic, but they still love him and hope that he'll at least start talking some day. However he's teased and abused by the kids of the neighborhood and his grandpa . When several people around Adam die an unexpected death, his parents start to suspect Adam - is he just simulating to be so ignorant about his environment?",/wG6wdsB9lqCwxsRycnzzXZDSo6m.jpg,1994-12-16,4.6,"['Horror', 'Drama']"
312,Stuart Saves His Family (1995),Comedy,28033.0,A self-help advocate struggles to put his dysfunctional family in its place.,/80YaWpUokDoPynsJi0ittpts3J0.jpg,1995-04-12,5.2,"['Comedy', 'Drama']"
313,"Swan Princess, The (1994)",Animation|Children,22586.0,"The beautiful princess Odette is transformed into a swan by an evil sorcerer's spell. Held captive at an enchanted lake, she befriends Jean-Bob the frog, Speed the turtle and Puffin the bird. Despite their struggle to keep the princess safe, these good-natured creatures can do nothing about the sorcerer's spell, which can only be broken by a vow of everlasting love.",/f5YvIPrkJ9HCsNbgzWJJyxXVNhj.jpg,1994-11-18,6.582,"['Family', 'Animation', 'Fantasy', 'Adventure', 'Comedy']"
314,"Secret of Roan Inish, The (1994)",Children|Drama|Fantasy|Mystery,14334.0,"Ten-year-old Fiona is sent to live with her grandparents in a small fishing village in Donegal, Ireland. She soon learns the local legend that an ancestor of hers married a Selkie – a seal who can turn into a human. Years earlier, her baby brother was washed out to sea and never seen again, so when Fiona spies a naked little boy on the abandoned Isle of Roan Inish, she is compelled to investigate.",/2FFcEEMMrnXh3CFz3aON92sLkXP.jpg,1994-05-14,6.7,"['Adventure', 'Fantasy', 'Family', 'Drama']"
315,"Specialist, The (1994)",Action|Drama|Thriller,2636.0,"May Munro is a woman obsessed with getting revenge on the people who murdered her parents when she was still a girl. She hires Ray Quick, a retired explosives expert, to kill her parents' killers. When Ned Trent, embittered ex-partner of Quick's, is assigned to protect one of Quick's potential victims, a deadly game of cat and mouse ensues.",/9CVAjtkSaFs9FyddGfThj11ZuQq.jpg,1994-10-07,5.925,"['Action', 'Thriller']"
316,Stargate (1994),Action|Adventure|Sci-Fi,2164.0,"An interstellar teleportation device, found in Egypt, leads to a planet with humans resembling ancient Egyptians who worship the god Ra.",/4T6Po0XnZlevmhfPh3ZfEs5butR.jpg,1994-10-28,7.013,"['Action', 'Adventure', 'Science Fiction']"
317,"Santa Clause, The (1994)",Comedy|Drama|Fantasy,11395.0,"On Christmas Eve, divorced dad Scott Calvin and his son discover Santa Claus has fallen off their roof. When Scott takes the reins of the magical sleigh, he finds he is now the new Santa, and must convince a world of disbelievers, including himself.",/hvV2rI60qOYELT7tHHLpxtafnBZ.jpg,1994-11-11,6.514,"['Fantasy', 'Drama', 'Comedy', 'Family']"
318,"Shawshank Redemption, The (1994)",Crime|Drama,278.0,"Imprisoned in the 1940s for the double murder of his wife and her lover, upstanding banker Andy Dufresne begins a new life at the Shawshank prison, where he puts his accounting skills to work for an amoral warden. During his long stretch in prison, Dufresne comes to be admired by the other inmates -- including an older prisoner named Red -- for his integrity and unquenchable sense of hope.",/9cqNxx0GxF0bflZmeSMuL5tnGzr.jpg,1994-09-23,8.718,"['Drama', 'Crime']"
319,Shallow Grave (1994),Comedy|Drama|Thriller,9905.0,"When David, Juliet, and Alex find their new roommate dead with a large sum of money, they agree to hide the body and keep the cash. However, this newfound fortune gradually corrodes their friendship.",/gqvSKLbfIg1mja1ulVkVcLhdwWF.jpg,1994-12-22,7.0,"['Crime', 'Thriller']"
320,Suture (1993),Film-Noir|Thriller,87078.0,A man named Clay  flies into Phoenix for a reunion with his long-lost half-brother Vincent.,/8lbOpuNaJBNT1gXbIDDyYnDIYut.jpg,1993-09-14,6.4,"['Drama', 'Thriller']"
321,Strawberry and Chocolate (Fresa y chocolate) (1993),Drama,12527.0,"In 1979 Cuba, flamboyant gay artist Diego attempts to seduce  straitlaced David, an idealistic young communist, and fails dismally. But David conspires to be ""friends"" with Diego so he can monitor the artist's subversive life for the state. As Diego and David discuss politics, individuality and personal expression in Castro's Cuba, a genuine friendship develops between the two.",/8riS2hGneWg78MHuhP7NqvLERRy.jpg,1993-12-01,6.988,"['Comedy', 'Drama']"
322,Swimming with Sharks (1995),Comedy|Drama,20306.0,"Guy is a young film executive who's willing to do whatever it takes to make it in Hollywood. He begins working for famed producer Buddy Ackerman, a domineering, manipulative, coldhearted boss. When Guy also finds out that his cynical girlfriend, Dawn, has been using sex as a career move, he reaches his limit. Guy decides to exact revenge on Buddy by kidnapping him and subjecting him to cruel and unusual punishment.",/eMRiIJIEyMLjWjktIqjNfzs9jGX.jpg,1994-09-10,6.6,"['Crime', 'Comedy']"
324,"Sum of Us, The (1994)",Comedy|Drama,36614.0,"A widowed father has to deal with two complex issues: while he is searching for ""Miss Right,"" his son, who is in his 20s and gay, is searching for ""Mr. Right.""",/4rBI4KISTuMCsWGb0kurWxKjqPQ.jpg,1994-07-28,6.7,"['Comedy', 'Drama', 'Romance']"
325,National Lampoon's Senior Trip (1995),Comedy,27993.0,"While on detention, a group of misfits and slackers have to write a letter to the President explaining what is wrong with the education system. There is only one problem, the President loves it! Hence, the group must travel to Washington to meet the Main Man.",/3QpB4KpMKRnZnsJOsemOZHDoQKw.jpg,1995-09-08,5.5,['Comedy']
326,To Live (Huozhe) (1994),Drama,31439.0,Married couple Fugui and Jiazhen endure tumultuous events in mid-20th century mainland China as their personal fortunes move from wealthy landownership to peasantry.,/bv0qREWTw8TPAtgt22ELp1UlKVl.jpg,1994-05-18,8.07,"['Drama', 'Romance', 'War']"
327,Tank Girl (1995),Action|Comedy|Sci-Fi,9067.0,"After a comet disrupts the rain cycle of Earth, the planet has become a desolate, barren desert by the year 2033. With resources scarce, Kesslee, head of the powerful and evil Water & Power Corporation, the de facto government, has taken control of the water supply. Unwilling to cower under Kesslee's tyrannical rule, a pair of outlaws known as Tank Girl and Jet Girl rise up, joining the mysterious rebel Rippers to destroy the corrupt system.",/dpX63vJd6k5fMTudLaEOw9ffX8h.jpg,1995-03-31,5.5,"['Action', 'Comedy', 'Science Fiction', 'Fantasy']"
328,Tales from the Crypt Presents: Demon Knight (1995),Horror|Thriller,9059.0,"Ex-soldier Frank Brayker is the guardian of an ancient key that can unlock tremendous evil; the sinister Collector is a demon who wants the key so he can initiate the apocalypse. On the run from wicked mercenaries for almost 90 years, Brayker finally stops in at a boarding house in New Mexico where — with the help of its residents — he plans to face off against the Collector and his band of ghouls, preventing them from ever seizing the key.",/8uD5yk0ECebJ59lhvhTBKhUojc.jpg,1995-01-13,6.9,"['Horror', 'Comedy', 'Thriller']"
329,Star Trek: Generations (1994),Adventure|Drama|Sci-Fi,193.0,Captain Jean-Luc Picard and the crew of the Enterprise-D find themselves at odds with the renegade scientist Soran who is destroying entire star systems. Only one man can help Picard stop Soran's scheme...and he's been dead for seventy-eight years.,/gh0ZZRwSmlzEZTIZee3ZCN9Jssx.jpg,1994-11-18,6.511,"['Science Fiction', 'Action', 'Adventure', 'Thriller']"
330,Tales from the Hood (1995),Action|Crime|Horror,25066.0,A strange mortician tells four horrific tales to three drug dealers that he traps in their local funeral parlor.,/glPNCcI7V8zTTI3BG0iIUJJcwXN.jpg,1995-05-24,6.273,"['Horror', 'Crime', 'Thriller', 'Drama', 'Fantasy']"
331,Tom & Viv (1994),Drama,46797.0,"The story of the marriage of the poet T. S. Eliot to socialite Vivienne Haigh-Wood, which had to cope with her gynaecological and emotional problems and his growing fame.",/iw4ofGbX2AbJ4p17CixwnMjuoJ0.jpg,1994-04-15,6.1,"['Drama', 'Romance']"
332,Village of the Damned (1995),Horror|Sci-Fi,12122.0,"An American village is visited by some unknown life form which leaves the women of the village pregnant. Nine months later, the babies are born, and they all look normal, but it doesn't take the ""parents"" long to realize that the kids are not human or humane.",/pXXNmSVqkvSMoMitsdjK0V8Dkna.jpg,1995-04-28,6.1,"['Thriller', 'Horror', 'Science Fiction']"
333,Tommy Boy (1995),Comedy,11381.0,"To save the family business, two ne’er-do-well traveling salesmen hit the road with disastrously funny consequences.",/jeEM8v1OA9u6F5NC2lzXD04Ls1U.jpg,1995-03-31,6.802,['Comedy']
334,Vanya on 42nd Street (1994),Drama,32636.0,"An uninterrupted rehearsal of Chekhov's 'Uncle Vanya' plays out by a company of actors. The setting: their run-down theater with an unusable stage and crumbling ceiling. The play is shown act by act with the briefest of breaks to move props or for refreshments. The lack of costumes, real props and scenery is soon forgotten.",/sYkkHsqXyUcFoLbXt4WNwnRRpT1.jpg,1994-10-19,6.6,['Drama']
335,Underneath (1995),Mystery|Thriller,36141.0,A recovering gambling addict attempts to reconcile with his family and friends but finds trouble and temptation when caught between feelings for his ex-wife and her dangerous hoodlum boyfriend.,/a8jn5ML3vRT4nnMMBmFGXRaRhqO.jpg,1995-04-28,5.7,"['Crime', 'Drama', 'Thriller']"
336,"Walking Dead, The (1995)",Drama|War,95963.0,"Five young marines on a suicide mission in Vietnam, struggle for survival in a jungle minefield. The mean streets of home did not prepare them for this.",/c0RtcIN4oSzSZoNs0nJMevfGYS4.jpg,1995-02-24,5.8,"['Drama', 'War']"
337,What's Eating Gilbert Grape (1993),Drama,1587.0,"Gilbert Grape is a small-town young man with a lot of responsibility. Chief among his concerns are his mother, who is so overweight that she can't leave the house, and his mentally impaired younger brother, Arnie, who has a knack for finding trouble. Settled into a job at a grocery store and an ongoing affair with local woman Betty Carver, Gilbert finally has his life shaken up by the free-spirited Becky.",/8FxWgsfDNosewo7H65oE4QkOb7g.jpg,1993-12-17,7.665,"['Romance', 'Drama']"
338,Virtuosity (1995),Action|Sci-Fi|Thriller,9271.0,"The Law Enforcement Technology Advancement Centre (LETAC) has developed SID version 6.7: a Sadistic, Intelligent, and Dangerous virtual reality entity which is synthesized from the personalities of more than 150 serial killers, and only one man can stop him.",/5emgnXYrXjqyiup2JsvtuENseiV.jpg,1995-08-04,5.5,"['Action', 'Crime', 'Science Fiction', 'Thriller']"
339,While You Were Sleeping (1995),Comedy|Romance,2064.0,"A transit worker pulls commuter Peter off railway tracks after he's mugged, but—while he's in a coma—his family mistakenly thinks she's Peter's fiancée, and she doesn't correct them. Things get more complicated when she falls for his brother, who's not quite sure that she's who she claims to be.",/qNGO3ETcNwlWqK2kNRpbJSJRlos.jpg,1995-04-21,7.0,"['Romance', 'Comedy']"
340,"War, The (1994)",Adventure|Drama|War,19855.0,The son of a Vietnam War Veteran must deal with neighborhood bullies as well as his dad's post-traumatic stress disorder while growing up in the deep south in the 1970's.,/eMJYqr5zs7rz54oZhiX4ez1BI5E.jpg,1994-11-04,6.6,"['Drama', 'War']"
341,Double Happiness (1994),Drama,60855.0,"Jade Li is a feisty, 20-something Chinese Canadian, trying to achieve that happy medium between giving in to her parent's wishes and fulfilling her own needs and desires - double happiness. Naturally, something's got to give and when love beckons in the shape of Mark, a white university student, the facade of the perfect Chinese daughter begins to slip.",/5sbnCdiFoZLe4G27ERS7wtj1lCY.jpg,1994-09-07,6.2,"['Comedy', 'Romance', 'Drama']"
342,Muriel's Wedding (1994),Comedy,236.0,"Socially awkward Muriel Heslop wants nothing more than to get married. Unfortunately, due to her oppressive politician father, Muriel has never even been on a date. Ostracized by her more socially adept friends, Muriel runs into fellow outcast Rhonda Epinstalk, and the two move from their small Australian town to the big city of Sydney, where Muriel changes her name and begins the arduous task of redesigning her life to match her fantasies.",/zJyTr8Fo412a2OIfJGXTRAm4IwX.jpg,1994-09-29,6.8,"['Comedy', 'Drama', 'Romance']"
343,"Baby-Sitters Club, The (1995)",Children,48287.0,Seven junior-high-school girls organize a daycare camp for children while at the same time experiencing classic adolescent growing pains.,/gJ5caIjtASchaTFx2VJr6drFYBx.jpg,1995-08-18,5.4,"['Comedy', 'Drama', 'Family']"
344,Ace Ventura: Pet Detective (1994),Comedy,3049.0,"He's Ace Ventura: Pet Detective. The Ace is on the case to find the Miami Dolphins' missing mascot and quarterback Dan Marino. He goes eyeball to eyeball with a man-eating shark, stakes out the Miami Dolphins and woos and wows the ladies. Whether he's undercover, under fire or underwater, he always gets his man… or beast!",/pqiRuETmuSybfnVZ7qyeoXhQyN1.jpg,1994-02-04,6.573,"['Comedy', 'Mystery', 'Crime']"
345,"Adventures of Priscilla, Queen of the Desert, The (1994)",Comedy|Drama,2759.0,Two drag performers and a transgender woman travel across the desert to perform their unique style of cabaret.,/kJ7syYXEJgSBmBfSnF3Can9cK1J.jpg,1994-05-31,7.262,"['Drama', 'Comedy']"
346,Backbeat (1993),Drama|Musical,12635.0,"Chronicles the early days of The Beatles in Hamburg, Germany. The film focuses primarily on the relationship between Stuart Sutcliffe, John Lennon, and Sutcliffe's girlfriend Astrid Kirchherr.",/1BuFx7P8veAUUZDXqdMNhtdCUSM.jpg,1994-04-01,6.1,"['Drama', 'Music']"
347,Bitter Moon (1992),Drama|Film-Noir|Romance,10497.0,A passenger on a cruise ship develops an irresistible infatuation with an eccentric paraplegic's wife.,/bW7E4cLWh0elRRbp2VCrtXrY1if.jpg,1992-09-02,7.108,"['Thriller', 'Drama', 'Romance']"
348,Bullets Over Broadway (1994),Comedy,11382.0,"After young playwright, David Shayne obtains funding for his play from gangster Nick Valenti, Nick's girlfriend Olive miraculously lands the role of a psychiatrist—but not only is she a bimbo who could never pass for a psychiatrist—she's a dreadful actress. David puts up with the leading man who is a compulsive eater, the grand dame who wants her part jazzed up, and Olive's interfering hitman/bodyguard—but, eventually he must decide whether art or life is more important.",/mY9D1oCLeDKNMdUO8EV7MoCZ3up.jpg,1994-10-14,7.092,"['Comedy', 'Crime']"
349,Clear and Present Danger (1994),Action|Crime|Drama|Thriller,9331.0,"Agent Jack Ryan becomes acting Deputy Director of Intelligence for the CIA when Admiral Greer is diagnosed with cancer. When an American businessman, and friend of the president, is murdered on his yacht, Ryan starts discovering links between the man and drug dealers. As former CIA agent John Clark is sent to Colombia to kill drug cartel kingpins in retaliation, Ryan must fight through multiple cover-ups to figure out what happened and who's responsible.",/6xTM8FPxrLRYwz6I3fqtwh7xybs.jpg,1994-08-03,6.638,"['Action', 'Drama', 'Thriller']"
350,"Client, The (1994)",Drama|Mystery|Thriller,10731.0,"A street-wise kid, Mark Sway, sees the suicide of Jerome Clifford, a prominent Louisiana lawyer, whose current client is Barry 'The Blade' Muldano, a Mafia hit-man. Before Jerome shoots himself, he tells Mark where the body of a Senator is buried. Clifford shoots himself and Mark is found at the scene, and both the FBI and the Mafia quickly realize that Mark probably knows more than he says.",/oLdkJ4ZjxPtFSUChdjDQvHM9l75.jpg,1994-07-20,6.692,"['Drama', 'Thriller', 'Crime', 'Mystery']"
351,"Corrina, Corrina (1994)",Comedy|Drama|Romance,10464.0,"When Manny Singer's wife dies, his young daughter Molly becomes mute and withdrawn. To help cope with looking after Molly, he hires sassy housekeeper Corrina Washington, who coaxes Molly out of her shell and shows father and daughter a whole new way of life. Manny and Corrina's friendship delights Molly and enrages the other townspeople.",/xuEubxRGut2Yh118RyNa6ruXXCp.jpg,1994-08-12,6.691,"['Comedy', 'Family', 'Romance']"
352,Crooklyn (1994),Comedy|Drama,34152.0,"From Spike Lee comes this vibrant semi-autobiographical portrait of a school-teacher, her stubborn jazz-musician husband and their five kids living in '70s Brooklyn.",/iFqe07F78SO0SIBzWcK4I5MwNvP.jpg,1994-05-13,6.8,"['Comedy', 'Drama']"
353,"Crow, The (1994)",Action|Crime|Fantasy|Thriller,9495.0,"Exactly one year after young rock guitarist Eric Draven and his fiancée are brutally killed by a ruthless gang of criminals, Draven, watched over by a hypnotic crow, returns from the grave to exact revenge.",/rMMB3v6jYHjsvXRNJYESacoTD7j.jpg,1994-05-11,7.516,"['Fantasy', 'Action', 'Thriller']"
354,Cobb (1994),Drama,29973.0,"Al Stump is a famous sports-writer chosen by Ty Cobb to co-write his official, authorized 'autobiography' before his death. Cobb, widely feared and despised, feels misunderstood and wants to set the record straight about 'the greatest ball-player ever,' in his words.",/clOqh9is8vWZvX6AUjF4HtLdQMj.jpg,1994-12-02,5.9,['Drama']
355,"Flintstones, The (1994)",Children|Comedy|Fantasy,888.0,Modern Stone Age family the Flintstones hit the big screen in this live-action version of the classic cartoon. Fred helps Barney adopt a child. Barney sees an opportunity to repay him when Slate Mining tests its employees to find a new executive. But no good deed goes unpunished.,/k7gkf5Wa8YZ9iyEOylBMfw9pnkp.jpg,1994-05-27,5.4,"['Fantasy', 'Comedy', 'Family']"
356,Forrest Gump (1994),Comedy|Drama|Romance|War,13.0,"A man with a low IQ has accomplished great things in his life and been present during significant historic events—in each case, far exceeding what anyone imagined he could do. But despite all he has achieved, his one true love eludes him.",/saHP97rTPS5eLmrLQEcANmKrsFl.jpg,1994-06-23,8.463,"['Comedy', 'Drama', 'Romance']"
357,Four Weddings and a Funeral (1994),Comedy|Romance,712.0,"Over the course of five social occasions, a committed bachelor must consider the notion that he may have discovered love.",/qa72G2VS0bpxms6yo0tI9vsHm2e.jpg,1994-03-09,6.773,"['Comedy', 'Drama', 'Romance']"
358,Higher Learning (1995),Drama,16295.0,"African-American student Malik is on a track scholarship; academics are not his strong suit, and he goes in thinking that his athletic abilities will earn him a free ride through college. Fudge, a ""professional student"" who has been at Columbus for six years so far, becomes friendly with Malik and challenges his views about race and politics in America.",/tuud1Blsdwo1KQRdz5UVwjlLAWQ.jpg,1995-01-11,6.288,"['Drama', 'Crime', 'Thriller']"
359,I Like It Like That (1994),Comedy|Drama|Romance,48992.0,"After her husband is arrested for looting, Lisette struggles for independence while dealing with her transgender sibling, her critical mother-in-law and assorted neighborhood eccentrics.",/aCxh21UPLHi7Pxm9ykH1GNx39OW.jpg,1994-10-14,6.2,"['Comedy', 'Drama', 'Romance']"
360,I Love Trouble (1994),Action|Comedy,10879.0,Rival Chicago reporters Sabrina Peterson and Peter Brackett join forces to uncover a train wreck conspiracy.,/2uyytK3XFRPFXoTchFDtsWiSujn.jpg,1994-06-29,5.5,"['Romance', 'Comedy']"
361,It Could Happen to You (1994),Comedy|Drama|Romance,10660.0,"Charlie Lang is a simple, kindhearted New York City cop. When he realizes he has no money to tip waitress Yvonne Biasi, Lang offers her half the winnings of his lottery ticket. Amazingly, the ticket happens to be a winner, in the sum of $4 million. True to his word, Lang proceeds to share the prize money with Biasi, which infuriates his greedy wife, Muriel. Not content with the arrangement, Muriel begins scheming to take all the money.",/6UOaeLDOdwwTMQtbl5YL6EGjqy0.jpg,1994-07-16,6.719,"['Comedy', 'Drama', 'Romance']"
362,"Jungle Book, The (1994)",Adventure|Children|Romance,10714.0,"Raised by wild animals since childhood, Mowgli is drawn away from the jungle by the beautiful Kitty. But Mowgli must eventually face corrupt Capt. Boone, who wants both Kitty's hand and the treasures of Monkey City – a place only Mowgli can find.",/rYoE6cuup9Ofam6AuYaiJLxF9OO.jpg,1994-12-23,6.0,"['Family', 'Adventure', 'Drama']"
363,"Wonderful, Horrible Life of Leni Riefenstahl, The (Macht der Bilder: Leni Riefenstahl, Die) (1993)",Documentary,41647.0,"This documentary recounts the life and work of one of most famous, and yet reviled, German film directors in history, Leni Riefenstahl. The film recounts the rise of her career from a dancer, to a movie actor to the most important film director in Nazi Germany who directed such famous propaganda films as Triumph of the Will and Olympiad. The film also explores her later activities after Nazi Germany's defeat in 1945 and her disgrace for being so associated with it which includes her amazingly active life over the age of 90.",/pZnBH4ZJnHcVFgeuK81w2tcHvRD.jpg,1993-09-11,7.1,['Documentary']
364,"Lion King, The (1994)",Adventure|Animation|Children|Drama|Musical|IMAX,8587.0,"Young lion prince Simba, eager to one day become king of the Pride Lands, grows up under the watchful eye of his father Mufasa; all the while his villainous uncle Scar conspires to take the throne for himself. Amid betrayal and tragedy, Simba must confront his past and find his rightful place in the Circle of Life.",/sKCr78MXSLixwmZ8DyJLrpMsd15.jpg,1994-06-15,8.252,"['Animation', 'Family', 'Drama', 'Adventure']"
365,Little Buddha (1993),Drama,1689.0,"After the death of Lama Dorje, Tibetan Buddhist monks find three children — one American and two Nepalese — who may be the rebirth of their great teacher.",/xy70xtdoKZ3PxlKkakwdhL3UFDQ.jpg,1993-12-01,6.3,"['Drama', 'History']"
366,"Wes Craven's New Nightmare (Nightmare on Elm Street Part 7: Freddy's Finale, A) (1994)",Drama|Horror|Mystery|Thriller,11596.0,A demonic force has chosen Freddy Krueger as its portal to the real world. Can Heather Langenkamp play the part of Nancy one last time and trap the evil trying to enter our world?,/q5BWxfL1x34nyYSvA3Qo5odleGW.jpg,1994-10-13,6.5,"['Horror', 'Mystery', 'Fantasy']"
367,"Mask, The (1994)",Action|Comedy|Crime|Fantasy,854.0,"Stanley Ipkiss, an insecure banker who has lost his zest for life stumbles upon an ancient mask, that turns him into a confident suave cartoon-like character who upsets his ordinary life.",/jPC2eYub74zwf2tPGVtzSlBW6Oy.jpg,1994-07-29,6.979,"['Romance', 'Comedy', 'Crime', 'Fantasy']"
368,Maverick (1994),Adventure|Comedy|Western,9359.0,"Bret Maverick is a gambler who would rather con someone than fight them, and needs an additional $3k in order to enter a winner-takes-all poker game beginning in a few days. He joins forces with a woman with a marvelous Southern accent, and the two try and enter the game.",/mTVbGGi5PIexmxVzeyFd2RYKwfM.jpg,1994-05-20,6.9,"['Action', 'Adventure', 'Comedy', 'Drama', 'Western']"
369,Mrs. Parker and the Vicious Circle (1994),Drama,23333.0,"Dorothy Parker remembers the heyday of the Algonquin Round Table, a circle of friends whose barbed wit, like hers, was fueled by alcohol and flirted with despair.",/avTHiIim0Jm0rs4ehFLck8u3NFW.jpg,1994-09-07,5.8,['Drama']
370,Naked Gun 33 1/3: The Final Insult (1994),Action|Comedy,36593.0,"Frank Drebin is persuaded out of retirement to go undercover in a state prison. There he has to find out what top terrorist, Rocco, has planned for when he escapes. Adding to his problems, Frank's wife, Jane, is desperate for a baby.",/p0AYsdgkudR9P5fNV5AjzbwQt8W.jpg,1994-03-18,6.5,"['Comedy', 'Crime']"
371,"Paper, The (1994)",Comedy|Drama,12280.0,"Henry Hackett is the workaholic editor of a New York City tabloid. He loves his job, but the long hours and low pay are leading to discontent. Also, publisher Bernie White faces financial straits, and has hatchet-man Alicia Clark—Henry's nemesis—impose unpopular cutbacks.",/pGPrFbucRLwVtCKCeinwAklAl0l.jpg,1994-03-18,6.582,"['Comedy', 'Drama']"
372,Reality Bites (1994),Comedy|Drama|Romance,2788.0,"A small circle of friends suffering from post-collegiate blues must confront the hard truth about life, love and the pursuit of gainful employment. As they struggle to map out survival guides for the future, the Gen-X quartet soon begins to realize that reality isn't all it's cracked up to be.",/qGDhodtpkpxkrFqokenGNJlzt6w.jpg,1994-02-18,6.6,"['Drama', 'Romance', 'Comedy']"
373,Red Rock West (1992),Thriller,10427.0,"When a promised job for Texan Michael fails to materialize in Wyoming, Mike is mistaken by Wayne to be the hitman he hired to kill his unfaithful wife, Suzanne. Mike takes full advantage of the situation, collects the money, and runs. During his getaway, things go wrong, and soon get worse when he runs into the real hitman, Lyle.",/ewofUEqU3Gpr7WSgSz3TEVPIfBg.jpg,1993-05-14,6.751,"['Crime', 'Drama', 'Thriller']"
374,Richie Rich (1994),Children|Comedy,11011.0,"Billionaire heir Richie Rich has it all, including Reggie Jackson as a batting coach and Claudia Schiffer as a personal trainer -- but no playmates. What's more, scoundrel Laurence Van Dough is scheming to take over the family empire. Uh-oh! Enter faithful butler Cadbury to save the day.",/qgGh5d0IHAZRlHIdFS3XWVygumR.jpg,1994-12-19,5.941,"['Comedy', 'Family']"
376,"River Wild, The (1994)",Action|Thriller,8987.0,"Gail and Tom Hartman are struggling to stay together and decide to take a white-water rafting holiday adventure in Montana for their son Roarke's 10th birthday, only to meet up with a pair of mysterious men whose desperation grows, turning their vacation into a nightmare.",/wVgQ2T63ThjIsY4R0qoHXjyllql.jpg,1994-09-30,6.5,"['Adventure', 'Thriller', 'Drama']"
377,Speed (1994),Action|Romance|Thriller,1637.0,Tensions run high when a crazed bomber rigs a Los Angeles bus with a device that will kill everyone on board if the vehicle's speed dips below fifty miles per hour.,/82PkCE4R95KhHICUDF7G4Ly2z3l.jpg,1994-06-09,7.148,"['Action', 'Thriller']"
378,Speechless (1994),Comedy|Romance,15128.0,"In the midst of election season in New Mexico, political speechwriters Julia Mann and Kevin Vallick begin a romance, unaware they are working for candidates on opposite sides.",/bremBHwg2cAvFIGIRwlRtPMkgfL.jpg,1994-12-16,5.9,"['Romance', 'Comedy']"
379,Timecop (1994),Action|Sci-Fi|Thriller,8831.0,"In 2004, an officer for a security agency that regulates time travel must fend for his life against a shady politician who has a tie to his past.",/bgxP6ws8ErBiarnb4S93vv0lkf4.jpg,1994-09-15,6.0,"['Thriller', 'Science Fiction', 'Action', 'Crime']"
380,True Lies (1994),Action|Adventure|Comedy|Romance|Thriller,36955.0,"A fearless, globe-trotting, terrorist-battling secret agent has his life turned upside down when he discovers his wife might be having an affair with a used car salesman while terrorists smuggle nuclear war heads into the United States.",/pweFTnzzTfGK68woSVkiTgjLzWm.jpg,1994-07-15,7.088,"['Action', 'Thriller']"
381,When a Man Loves a Woman (1994),Drama|Romance,10449.0,"An airline pilot and his wife are forced to face the consequences of her alcoholism when her addictions threaten her life and their daughter's safety. While the woman enters detox, her husband must face the truth of his enabling behavior.",/cA1uMNX3sdWAWfMZbsgm1VIJYSY.jpg,1994-04-29,6.597,"['Drama', 'Romance']"
382,Wolf (1994),Drama|Horror|Romance|Thriller,10395.0,"An aging publisher becomes a demon wolf and, with this newfound youthful vigor, fights to keep his job.",/5TprU55U2zjAMCwr2jQra3zj1zu.jpg,1994-06-17,6.125,"['Horror', 'Drama', 'Romance']"
383,Wyatt Earp (1994),Western,12160.0,"From Wichita to Dodge City, to the O.K. Corral in Tombstone, Wyatt Earp is taught that nothing matters more than family and the law. Joined by his brothers and Doc Holliday, Earp wages war on the dreaded Clanton and McLaury gangs.",/51LItgyecu2KMAtIchYogEykCIu.jpg,1994-06-24,6.771,"['Western', 'Drama', 'Action', 'Adventure']"
384,Bad Company (1995),Action|Crime|Drama,40480.0,"CIA operative Nelson Crowe is tasked with a deadly assignment: infiltrate a highly secret industrial espionage firm. Once inside, he teams with Margaret Wells, a master spy and seductive manipulator, in a plot to overthrow the organization's sinister president, which leads them into a darkly mysterious web of intrigue -- and shocking murder!",/5q5r3cpaTDByz4qko9ZWHlK3gMF.jpg,1995-01-20,4.9,"['Action', 'Crime', 'Romance', 'Thriller']"
385,"Man of No Importance, A (1994)",Drama,52038.0,"Alfie Byrne is a middle-aged bus conductor in Dublin in 1963. He would appear to live a life of quiet desperation: he's gay, but firmly closeted, and his sister is always trying to find him ""the right girl"". His passion is Oscar Wilde, his hobby is putting on amateur theatre productions in the local church hall. We follow him as he struggles with temptation, friendship, disapproval, and the conservative yet oddly lyrical world of Ireland in the early 1960s.",/zKHmxia0cdXMmNu5LUEwiJQJQoa.jpg,1994-12-24,6.0,"['Comedy', 'Drama']"
386,S.F.W. (1994),Drama,29444.0,An alienated and misanthropic teenager gains sudden and unwanted celebrity status after he's taken hostage by terrorists where his indifference to their threats to kill him makes news headlines.,/3bq91jWCReRrqlPn81alSoxeXoP.jpg,1995-01-20,6.0,"['Comedy', 'Drama']"
387,"Low Down Dirty Shame, A (1994)",Action|Comedy,26352.0,"A black detective becomes embroiled in a web of danger while searching for a fortune in missing drug money. During the course of his investigation, he encounters various old connections, ultimately confronting the criminal responsible for Shame's expulsion from the force. He must also deal with two women, Angela, a beautiful old flame, and Peaches, his energetic but annoying sidekick.",/v5XUfLrdoGfatObGXhqckYTNqFT.jpg,1994-11-23,5.6,"['Comedy', 'Crime', 'Action']"
388,Boys Life (1995),Drama,39953.0,"Each of the three short films in this collection presents a young gay man at the threshold of adulthood. In ""Pool Days,"" Justin is a 17-year old Bethesda lad, hired as the evening life guard at a fitness center. In the course of the summer, he realizes and embraces that he's gay. In ""A Friend of Dorothy,"" Winston arrives from upstate for his freshman year at NYU. He has to figure out, with some help from Anne, a hometown friend, how to build a social life as a young gay man in the city. In ""The Disco Years,"" Tom looks back on 1978, the year in high school that he came out of the closet after one joyful and several painful encounters",/jXKecGbSp36C486myi1pbe6EKAI.jpg,1994-09-30,4.6,['Drama']
389,"Colonel Chabert, Le (1994)",Drama|Romance|War,41580.0,"When Colonel Chabert returns from the war, he discovers that he has lost everything.",/Usaduh828gtYe6jw9DosnPJ7I9.jpg,1994-09-21,6.5,['Drama']
390,Faster Pussycat! Kill! Kill! (1965),Action|Crime|Drama,315.0,"A trio of thrill-seeking go-go dancers kidnap a young girl and attempt to seduce an old rancher and his two sons out of their small fortune, but their scheme doesn't play out as intended.",/2hIHFk52SZ9XsZB4U85RUq36BT4.jpg,1965-08-06,6.3,"['Crime', 'Action', 'Thriller', 'Comedy']"
391,Jason's Lyric (1994),Crime|Drama,22067.0,The story of a young man who must confront his own fears about love as well as his relationships with family and friends.,/2dXA5dNh3kqDQwRt08TxxgldTOW.jpg,1994-05-22,6.7,"['Crime', 'Drama', 'Romance']"
393,Street Fighter (1994),Action|Adventure|Fantasy,11667.0,Colonel Guile and various other martial arts heroes fight against the tyranny of dictator M. Bison and his cohorts.,/6yh95dD2Y6uWAlPfWCZZygBM1ec.jpg,1994-12-23,4.657,"['Action', 'Adventure', 'Comedy', 'Thriller']"
405,Highlander III: The Sorcerer (a.k.a. Highlander: The Final Dimension) (1994),Action|Fantasy,8011.0,"Starts off in the 15th century, with Connor McLeod training with another immortal swordsman, the Japanese sorcerer Nakano. When an evil immortal named Kane kills the old wizard, the resulting battle leaves him buried in an underground cave. When Kane resurfaces in the 20th century to create havoc, it's up to McLeod to stop him.",/9OwpKEb4kR3s3tgfJUMX7yficcm.jpg,1994-11-29,4.8,"['Fantasy', 'Action', 'Adventure']"
406,Federal Hill (1994),Drama,171857.0,"In Providence's Italian neighborhood, Federal Hill, five young are immersed in drugs, crime and violence. Everything changes when one of the guys in the band know love.",/qChLfULhgAhWHG9LbcBIv80r32i.jpg,1995-02-24,4.4,"['Crime', 'Drama']"
407,In the Mouth of Madness (1995),Horror|Thriller,2654.0,An insurance investigator visits a small town while looking into the strange disappearance of a popular horror novelist. He soon finds that the impact of the author’s books is far more than inspirational.,/msh4tEUzbnEqlHcFOUH4O0Zti8r.jpg,1995-02-03,7.211,"['Horror', 'Mystery']"
408,8 Seconds (1994),Drama,18069.0,"This film chronicles the life of Lane Frost, 1987 PRCA Bull Riding World Champion, his marriage and his friendships with Tuff Hedeman (three-time World Champion) and Cody Lambert.",/wqKVkOveZrK6zwfrptGLVPmnMpR.jpg,1994-02-25,7.181,"['Drama', 'Romance', 'Western']"
409,Above the Rim (1994),Crime|Drama,19092.0,"Story of a promising high school basketball star and his relationships with two brothers, one a drug dealer and the other a former basketball star fallen on hard times and now employed as a security guard.",/56NFHuZXdgZbVxvCyYw92E5uLQa.jpg,1994-03-23,7.0,"['Crime', 'Drama', 'Thriller']"
410,Addams Family Values (1993),Children|Comedy|Fantasy,2758.0,"Siblings Wednesday and Pugsley Addams will stop at nothing to get rid of Pubert, the new baby boy adored by parents Gomez and Morticia. Things go from bad to worse when the new ""black widow"" nanny, Debbie Jellinsky, launches her plan to add Fester to her collection of dead husbands.",/sdxT2VjVSx9DRicwnuECUdBHeE7.jpg,1993-11-19,6.968,"['Comedy', 'Family', 'Fantasy']"
412,"Age of Innocence, The (1993)",Drama,10436.0,"In 19th century New York high society, a young lawyer falls in love with a woman separated from her husband, while he is engaged to the woman's cousin.",/5Tuyt26v7qNR8Cl3m7ZRx36rduf.jpg,1993-09-10,6.963,"['Drama', 'Romance']"
413,Airheads (1994),Comedy,13595.0,The Lone Rangers have heavy-metal dreams and a single demo tape they can't get anyone to play. The solution: Hijack an FM rock radio station and hold the deejays hostage until they agree to broadcast the band's tape.,/4xPG8pPMyeoec48gKWbbC85EC8j.jpg,1994-08-05,6.16,"['Comedy', 'Crime', 'Music']"
414,"Air Up There, The (1994)",Comedy,46094.0,"Jimmy Dolan is a college basketball coach who wants a big promotion. To get it, he needs to make a dramatic find. He ends up deep in Africa, hoping to recruit Saleh, a huge basketball prodigy Jimmy glimpsed in a home movie. But Saleh is the chief's son and has responsibilities at home, since the tribe's land is threatened by a mining company with its own hotshot basketball team.",/lY1yhtg0DRaMTzclYCXo0sP1kAV.jpg,1994-01-07,6.2,"['Family', 'Comedy']"
415,Another Stakeout (1993),Comedy|Thriller,9409.0,A pair of immature detectives are joined by a pesky assistant district attorney in staking out a lakeside home where an important Mafia trial witness is believed to be heading.,/hBItFUmCrRS1mel0TM69ymBD79k.jpg,1993-07-22,5.5,"['Comedy', 'Crime', 'Action']"
416,Bad Girls (1994),Western,11853.0,"Four former harlots try to leave the wild west (Colorado, to be exact) and head north to make a better life for themselves. Unfortunately someone from Cody's past won't let it happen that easily.",/cXY79luLXt2dzUP2Tx601zpZFzK.jpg,1994-04-22,5.4,"['Romance', 'Western']"
417,Barcelona (1994),Comedy|Romance,16771.0,"During the 1980s, uptight Ted Boynton is a salesman working in the Barcelona office of a Chicago-based company. He receives an unexpected visit from his cousin Fred, a naval officer who has come to Spain on a public relations mission for a U.S. fleet. Not exactly friends in the past, Ted and Fred strike up relationships with women in the Spanish city and experience conflicts -- Ted with his employer, and Fred with the Barcelona community.",/7dgX3naR9EsFMvQhwHY8My6r5FR.jpg,1994-07-29,6.2,"['Comedy', 'Drama', 'Romance']"
418,Being Human (1993),Drama,46924.0,One man must learn the meaning of courage across four lifetimes centuries apart.,/1OJilNyyJPH3es0HZzebJjuPJua.jpg,1994-05-06,5.1,"['Drama', 'Comedy', 'Fantasy']"
419,"Beverly Hillbillies, The (1993)",Comedy,11041.0,"Mild-mannered dirt-poor hill-dweller Jed Clampett strikes it rich when oil is discovered on his property. At cousin Pearl's insistence, he moves his family to Beverly Hills to better enjoy his newfound wealth.",/refYLEQvzkY63i2IHronCPQODex.jpg,1993-10-15,6.302,"['Comedy', 'Family']"
420,Beverly Hills Cop III (1994),Action|Comedy|Crime|Thriller,306.0,"When his boss is killed, Detroit cop Axel Foley finds evidence that the murderer had ties to a California amusement park called Wonder World. Returning to sunny Beverly Hills once more, Foley reunites with Detective Billy Rosewood to solve the case. Along with Billy's new partner, Detective Jon Flint, they discover that Wonder World is being used as a front for a massive counterfeiting ring.",/7vIpCkgGEfk5LZwm78nMxswLJRH.jpg,1994-05-24,5.871,"['Action', 'Comedy', 'Crime']"
421,Black Beauty (1994),Adventure|Children|Drama,14522.0,"The fates of horses, and the people who own and command them, are revealed as Black Beauty narrates the circle of his life.",/5uH60FBDPQoyAnc4uvU0fIB8JXv.jpg,1994-07-29,6.7,"['Family', 'Adventure', 'Drama']"
422,Blink (1994),Thriller,26203.0,"Emma is an attractive girl in her 20s who has been blind for 20 years. A new type of eye operation partially restores her sight, but she is having problems: sometimes she doesn't ""remember"" what she's seen until later. One night she is awakened by a commotion upstairs. Peering out of her door, she sees a shadowy figure descending the stairs. Convinced that her neighbour has been murdered she approaches the police, only to find that she is unsure if it was just her new eyes playing tricks on her.",/wP6dfv85SQLogoNguUd6jO1A4be.jpg,1993-10-01,6.124,"['Crime', 'Thriller']"
423,Blown Away (1994),Action|Thriller,178.0,"Blown Away tells the story of Jimmy Dove, who works for the Boston bomb squad. Shortly after Dove leaves the force, his partner is killed by a bomb that Dove thinks might have been made by someone he knows.",/fD23iryzdjfRU05nQAQriD0A3AR.jpg,1994-07-01,6.2,['Action']
424,Blue Chips (1994),Drama,19819.0,"Pete Bell, a college basketball coach is under a lot of pressure. His team isn't winning and he cannot attract new players. The stars of the future are secretly being paid by boosters. This practice is forbidden in the college game, but Pete is desperate and has pressures from all around.",/tO71i4Ob64tchCRBB5MoqonPKAF.jpg,1994-02-18,6.101,['Drama']
425,Blue Sky (1994),Drama|Romance,57834.0,"Hank Marshall is a tough, square-jawed, straitlaced Army engineer and nuclear science expert, assigned to help conduct weapons testing in 1950s America. Hank has become a thorn in the side of the Army, though, for a couple of very different reasons. He is an outspoken opponent of atmospheric testing, though his superiors hold contrary views and want to squelch his concerns...and his reports. The other problem is his wife, Carly. She is voluptuous and volatile, wreaking havoc in his personal life and stirring up intrigue at each new Army base.",/zG40OnO4Y98lo1iDHyFo5TaZyP1.jpg,1994-09-16,6.1,"['Drama', 'Romance']"
426,Body Snatchers (1993),Horror|Sci-Fi|Thriller,4722.0,"When Environmental Protection Agency inspector Steve Malone travels to a remote military base in order to check for toxic materials, he brings his family along for the ride. After arriving at the base, his teenage daughter Marti befriends Jean Platt, daughter of the base's commander, General Platt. When people at the base begin acting strangely, Marti becomes convinced that they are slowly being replaced by plant-like aliens.",/52uEKbVSpCyilZl0zRApq3zvVs3.jpg,1993-06-09,6.148,"['Horror', 'Science Fiction']"
427,Boxing Helena (1993),Drama|Mystery|Romance|Thriller,18215.0,"A top surgeon is besotted with a beautiful woman who once rebuffed him. Unable to come to terms with life without her, he tries to convince her that they need each other. She has other ideas, but a horrific accident leaves her at his mercy.",/vgs0h94IllpZRheIjBTonjR7Zf2.jpg,1993-03-22,5.018,"['Drama', 'Romance', 'Thriller']"
428,"Bronx Tale, A (1993)",Drama,1607.0,"Set in the Bronx during the tumultuous 1960s, an adolescent boy is torn between his honest, working-class father and a violent yet charismatic crime boss. Complicating matters is the youngster's growing attraction - forbidden in his neighborhood - for a beautiful black girl.",/sDbO6LmLYtyqAoFTPpRcMgPSCEO.jpg,1993-10-01,7.871,"['Drama', 'Crime']"
429,Cabin Boy (1994),Comedy,26391.0,"A foul-mouthed finishing school graduate mistakenly winds up on an ill-fated fishing boat, and faces the wrath of a crew that considers him bad luck.",/xy2BzE3siqU67VQCQ2k4xideNNM.jpg,1994-01-07,5.2,"['Comedy', 'Fantasy', 'Adventure', 'Romance']"
430,Calendar Girl (1993),Comedy|Drama,117553.0,"Three young men go on an end of the summer trip to Hollywood, California. Their quest: to fulfill the fantasy of meeting Marilyn Monroe.",/ljSqZTl5oophHsH1Qtyv7AF2BW6.jpg,1993-09-03,5.1,"['Comedy', 'Drama']"
431,Carlito's Way (1993),Crime|Drama,6075.0,"Free after years in prison, Carlito Brigante intends to give up his criminal ways, but it's not long before the ex-con is sucked back into the New York City underworld.",/g6D7mjQtndu768cusGmoEQY9fTB.jpg,1993-11-10,7.827,"['Crime', 'Drama', 'Thriller']"
432,City Slickers II: The Legend of Curly's Gold (1994),Adventure|Comedy|Western,11310.0,"Mitch Robbins' 40th birthday begins quite well until he returns home and finds his brother Glen, the black sheep of the family, in his sofa. Nevertheless he is about to have a wonderful birthday-night with his wife when he discovers a treasure map of Curly by chance. Together with Phil and unfortunately Glen he tries to find the hidden gold of Curly's father in the desert of Arizona.",/gh0lsyJARglhpbKmnY8i8M7V5bI.jpg,1994-06-10,5.301,"['Comedy', 'Western']"
433,Clean Slate (1994),Comedy,18658.0,"Pogue is a private eye with a problem: every morning when he wakes up, he has total amnesia, waking up with a 'blank slate'. Since he is in the middle of a hot investigation and has a developing romance, this is less than convenient.",/kAYsvQvBVshLHGTIDGHcj9jTJq0.jpg,1994-05-06,5.8,"['Comedy', 'Mystery']"
434,Cliffhanger (1993),Action|Adventure|Thriller,9350.0,"A year after losing his friend in a tragic 4,000-foot fall, former ranger Gabe Walker and his partner, Hal, are called to return to the same peak to rescue a group of stranded climbers, only to learn the climbers are actually thieving hijackers who are looking for boxes full of money.",/b28DOM54OHb1c7Lsk6Nu7Kwuonj.jpg,1993-05-28,6.516,"['Action', 'Adventure', 'Thriller']"
435,Coneheads (1993),Comedy|Sci-Fi,9612.0,"A pair of aliens arrive on Earth to prepare for invasion, but crash instead. With enormous cone-shaped heads, robotlike walks and an appetite for toilet paper, aliens Beldar and Prymatt don't exactly blend in with the population of Paramus, N.J. But for some reason, everyone believes them when they say they're from France.",/vlpQnf0rl0FpMjWLS0TNd8Bog2F.jpg,1993-07-23,5.5,"['Comedy', 'Science Fiction']"
436,Color of Night (1994),Drama|Thriller,2124.0,A color-blind psychiatrist is stalked by an unknown killer after taking over his murdered friend's therapy group and becomes embroiled in an intense affair with a mysterious woman who may be connected to the crime.,/w1OBPkf3BxeC7543YzFwiKIwBFJ.jpg,1994-08-19,5.744,"['Romance', 'Mystery', 'Thriller']"
437,Cops and Robbersons (1994),Comedy,26261.0,"When the police discover that a mob hitman has moved in next door to the Robbersons, they set up a stakeout in the Robbersons' home. Hard-nosed, tough-as-nails Jake Stone and his young partner Tony Moore are assigned to the stakeout, but now it is a question of whether Jake can last long enough to capture the bad guys. The Robbersons want to help, and by doing so, drive Jake crazy.",/wnkWgFU5UcLwbExCp1YtCg5Ox4E.jpg,1994-04-15,5.1,"['Comedy', 'Thriller', 'Crime']"
438,"Cowboy Way, The (1994)",Action|Comedy|Drama,19176.0,"Two championship rodeo partners travel to New York to find their missing friend, Nacho Salazar who went missing there.",/5oBVSzbWD85zRCKIWm0KvhypUZU.jpg,1994-06-03,5.7,"['Action', 'Comedy', 'Crime', 'Drama', 'Thriller', 'Western']"
440,Dave (1993),Comedy|Romance,11566.0,A sweet-natured Temp Agency operator and amateur Presidential look-alike is recruited by the Secret Service to become a temporary stand-in for the President of the United States.,/wIUuf1NFchdCJe833JBTiSMzqfv.jpg,1993-05-07,6.638,['Comedy']
441,Dazed and Confused (1993),Comedy,9571.0,"The adventures of a group of Texas teens on their last day of school in 1976, centering on student Randall Floyd, who moves easily among stoners, jocks and geeks. Floyd is a star athlete, but he also likes smoking weed, which presents a conundrum when his football coach demands he sign a ""no drugs"" pledge.",/msG9awbLhVZwv1Eh9Ge7SofMexW.jpg,1993-09-24,7.3,"['Comedy', 'Drama']"
442,Demolition Man (1993),Action|Adventure|Sci-Fi,9739.0,"In 1996, brash L.A. detective John Spartan and maniac killer Simon Phoenix are both sentenced to decades in a cryogenic prison as punishment for a rescue mission gone wrong. When Phoenix escapes 36 years later to wreak havoc on the future, Spartan is awakened to capture his nemesis the old-fashioned way.",/dq6AmlVFo92PRuoLCcIyFdoRuxf.jpg,1993-10-08,6.751,"['Crime', 'Action', 'Science Fiction']"
444,Even Cowgirls Get the Blues (1993),Comedy|Romance,34444.0,A girl born with enormous thumbs in the repressive era of the 1950s learns to turn her quirks into assets.,/20x8nm0nPXkYv04COAHFA2AHyAl.jpg,1994-05-13,4.3,"['Comedy', 'Drama', 'Romance', 'Western']"
445,Fatal Instinct (1993),Comedy,26141.0,"Ned Ravine is a police officer and lawyer who occasionally defends the delinquents he arrests. He crosses paths with seductive Lola Cain during an assignment and promptly begins an affair with her. Meanwhile, Ned's wife, Lana, is deep in an affair of her own. Lana and her lover are planning to murder Ned in an elaborate fashion so they can collect on his triple indemnity life insurance policy.",/syewFnehGbbya5BdxoHLzrcm5Ne.jpg,1993-10-29,5.5,"['Comedy', 'Crime']"
446,Farewell My Concubine (Ba wang bie ji) (1993),Drama|Romance,10997.0,"In an epic tale of theater, gender, love and class, two Beijing opera actors navigate political turmoil as their friendship evolves over decades.",/f54hNIiHNINw3JiUJB2XaQl5wCN.jpg,1993-01-01,7.9,['Drama']
448,Fearless (1993),Drama,10443.0,"After surviving a plane crash that kills many others, Max Klein develops a sense of invulnerability, leading to radical, compulsive actions. Can a psychologist and a fellow guilt-ridden survivor bring him down to earth?",/sFhzvwgv04VUmedB7pOO4cMP9xq.jpg,1993-10-15,6.898,['Drama']
449,Fear of a Black Hat (1994),Comedy,20239.0,"Chronicling the controversial career of bad boys N.W.H. (Niggaz With Hats), this uproarious 'mockumentary' lampoons all of hardcore rap's hot-button issues. This underground laugh riot recounts the rise, fall and resurrection of a clueless bunch of would-be rappers, Ice Cold, Tone-Def & Tasty Taste performing as N.W.H.",/jiJp7B74GBKJK8yCqLjMaFu24nJ.jpg,1994-06-03,5.9,"['Comedy', 'Music']"
450,With Honors (1994),Comedy|Drama,16297.0,"Convinced he'll graduate with honors because of his thesis paper, a stuffy Harvard student finds his paper being held hostage by a homeless man, who might be the guy to school the young man in life.",/eWJ2Y7CRvlv1KVfAJGRcH95i1pY.jpg,1994-04-29,6.7,"['Comedy', 'Drama']"
451,Flesh and Bone (1993),Drama|Mystery|Romance,18551.0,"Haunted by memories of his father murdering a family, Arlis Sweeney prefers to keep to himself, focusing his energy on his work. One day, the traumatic past that eats away at him returns when he meets Kay Davies, a woman connected to the bloody event. Against all odds, Arlis and Kay fall in love; however, when his father, Roy, reappears in his life -- with the coldhearted Ginnie in tow -- Arlis must deal with his past demons.",/gNaZSODlVRiQltGWjS8vQZEYJTq.jpg,1993-11-05,6.0,"['Drama', 'Romance', 'Thriller']"
452,Widows' Peak (1994),Drama,25440.0,Scandal and mystery reign following the arrival of Edwina in a small Irish town populated entirely by widows. Edwina quickly falls out with the locals while also falling in with the son of the community's leader,/xXyVUwvJesJJChzpvn7xj5cAOfm.jpg,1994-04-15,6.3,"['Comedy', 'Thriller', 'Mystery', 'Romance']"
453,For Love or Money (1993),Comedy|Romance,9024.0,"New York concierge Doug Ireland wants to go into business for himself and refurbish a hotel on Roosevelt Island, N.Y., but he needs an investor. With a few weeks left before his option on the site runs out, Doug agrees to help wealthy Christian Hanover conceal his affair with salesgirl Andy Hart from his wife. Despite his own attraction to Andy, Doug tries to stay focused on getting Christian to invest $3 million in his project.",/6qjr1LWkoJQJ1HXwYJj0edPk9EW.jpg,1993-10-01,6.2,"['Comedy', 'Romance']"
454,"Firm, The (1993)",Drama|Thriller,37233.0,"Mitch McDeere is a young man with a promising future in Law. About to sit his Bar exam, he is approached by 'The Firm' and made an offer he doesn't refuse. Seduced by the money and gifts showered on him, he is totally oblivious to the more sinister side of his company. Then, two Associates are murdered. The FBI contact him, asking him for information and suddenly his life is ruined. He has a choice - work with the FBI, or stay with the Firm. Either way he will lose his life as he knows it. Mitch figures the only way out is to follow his own plan...",/kFexXCzidkm4LwlgZqxsJsDQB5v.jpg,1993-06-30,6.735,"['Drama', 'Mystery', 'Thriller']"
455,Free Willy (1993),Adventure|Children|Drama,1634.0,"When maladjusted orphan Jesse vandalizes a theme park, he is placed with foster parents and must work at the park to make amends. There he meets Willy, a young Orca whale who has been separated from his family. Sensing kinship, they form a bond and, with the help of kindly whale trainer Rae Lindley, develop a routine of tricks. However, greedy park owner Dial soon catches wind of the duo and makes plans to profit from them.",/9iBgd9gi9ztWiVcYSG6zl8wDFBN.jpg,1993-07-16,6.185,"['Family', 'Adventure', 'Drama']"
456,Fresh (1994),Crime|Drama|Thriller,13815.0,"Death and violence anger twelve year old drug courier Fresh, who sets his rival employers against each other.",/uXRIIUzjDZZdWR2cUzPJ9eAqaHv.jpg,1994-06-15,7.2,"['Crime', 'Drama', 'Thriller']"
457,"Fugitive, The (1993)",Thriller,5503.0,"Wrongfully convicted of murdering his wife and sentenced to death, Richard Kimble escapes from the law in an attempt to find the real killer and clear his name.",/b3rEtLKyOnF89mcK75GXDXdmOEf.jpg,1993-08-06,7.472,"['Action', 'Thriller', 'Drama']"
458,Geronimo: An American Legend (1993),Drama|Western,35588.0,"The Apache Indians have reluctantly agreed to settle on a US Government approved reservation. Not all the Apaches are able to adapt to the life of corn farmers. One in particular, Geronimo, is restless. Pushed over the edge by broken promises and necessary actions by the government, Geronimo and thirty or so other warriors form an attack team which humiliates the government by evading capture, while reclaiming what is rightfully theirs.",/9FNuwnhHngkblD6eVRXnmJN8kQq.jpg,1993-12-10,6.3,"['Western', 'History', 'Action', 'Drama']"
459,"Getaway, The (1994)",Action|Adventure|Crime|Drama|Romance|Thriller,2087.0,An ex-con and his devoted wife must flee from danger when a heist doesn't go as planned.,/ftbdJTJi6mR5iZV5ESJWv8f8pWN.jpg,1994-02-11,5.8,"['Action', 'Crime', 'Mystery', 'Thriller']"
460,Getting Even with Dad (1994),Comedy,41579.0,"Con man Ray is going after one last heist – a stash of rare coins – when his estranged son Timmy unexpectedly shows up. Ray is too preoccupied with his robbery to spend time with his son, so Timmy blackmails him into acting like a father, hiding the coins and promises to return them only after Ray takes him to amusement parks and baseball games.",/txsmdQqbgSz5Zu3rgd9fglMqKA4.jpg,1994-06-17,5.3,"['Comedy', 'Crime', 'Family']"
461,Go Fish (1994),Drama|Romance,18620.0,"Max is a trendy, pretty, young lesbian, who is having trouble finding love. A friend sets her up with Ely, whom Max likes, but Ely is frumpy, homely, and older. Nor do they have much in common. Can Max learn to look past the packaging?",/4hczdEX2RmQTOmiIKygoOYCy0bI.jpg,1994-06-10,5.0,"['Romance', 'Comedy', 'Drama']"
464,Hard Target (1993),Action|Adventure|Crime|Thriller,2019.0,"When a woman's father goes missing, she enlists a local to aid in her search.  The pair soon discover that her father has died at the hands of a wealthy sportsman who hunts homeless men as a form of recreation.",/mXCM7pmUFUGp7QzSmare3RITe6n.jpg,1993-04-27,6.481,"['Action', 'Thriller', 'Crime']"
466,Hot Shots! Part Deux (1993),Action|Comedy|War,9255.0,"Topper Harley is found to be working as an odd-job-man in a monastery. The CIA want him to lead a rescue mission into Iraq, to rescue the last rescue team, who went in to rescue the last rescue team—who went in to rescue hostages left behind after Desert Storm.",/zh9EGK970GHo10ETclWBOjZVUOK.jpg,1993-05-21,6.542,"['Action', 'Comedy', 'War']"
467,Live Nude Girls (1995),Comedy,26271.0,"A group of old friends at a Hens Night discuss their issues, uncertainties, fears and fantasies.",/vg9piYFtCTHep2V5EmLjwsYMzn2.jpg,1995-12-08,4.5,['Comedy']
468,"Englishman Who Went Up a Hill But Came Down a Mountain, The (1995)",Comedy|Romance,10612.0,"When an English cartographer arrives in Wales to tell the residents of the Welsh village of Ffynnon Garw  that their 'mountain' is only a hill, the offended community sets out to remedy the situation.",/s96XNz6eBsYDK3A9nVyEuHdv7BG.jpg,1995-05-12,6.311,"['Drama', 'Comedy', 'Romance']"
469,"House of the Spirits, The (1993)",Drama|Romance,2259.0,"A rancher, his clairvoyant wife and their family face turbulent years in South America.",/pS5xqILNBxcjRqLZROIkO4wszrU.jpg,1993-10-21,6.9,"['Romance', 'Drama']"
470,House Party 3 (1994),Comedy,16097.0,"Hip Hop duo Kid & Play return in the second follow-up to their 1990 screen debut House Party. Kid (Christopher ""Kid"" Reid) is taking the plunge and marrying his girlfriend Veda (Angela Means), while his friend Play (Christopher Martin) is dipping his toes into the music business, managing a roughneck female rap act called Sex as a Weapon. Play books the ladies for a concert with heavy-hitting pr",/jLUgvHO3vVLkzKs3OcYksGPbLnA.jpg,1994-01-11,5.1,['Comedy']
471,"Hudsucker Proxy, The (1994)",Comedy,11934.0,A naive business graduate is installed as president of a manufacturing company as part of a stock scam.,/bp5Kg9iT9oSXsECgDkNJVqvIrxX.jpg,1994-03-11,7.067,"['Comedy', 'Drama', 'Fantasy']"
472,I'll Do Anything (1994),Comedy|Drama,106143.0,"Matt Hobbs is a talented but unsuccessful actor. When estranged (and strange) ex-wife Beth dumps their daughter Jeannie on Matt, father and daughter have a lot of adjusting to do. His budding relationship with attractive production assistant Cathy Breslow is made complicated, while the precocious child is overly accustomed to getting her own way. Matt eventually faces the choice of family vs career in a particularly difficult way.",/q7CFDCUNfuOxZssINLGkPE9m2l1.jpg,1994-02-04,5.5,"['Comedy', 'Drama', 'Music']"
473,In the Army Now (1994),Comedy|War,12475.0,"Bones Conway and Jack Kaufman, two misguided youths, join the reserves to make some easy money for their entrepreneurial dreams. Unfortunately, no sooner than they finish basic training they find themselves at war as part of the water purification team.",/cNIIDaJM9nsDP9tTmAN6sjKpeiN.jpg,1994-08-12,5.1,['Comedy']
474,In the Line of Fire (1993),Action|Thriller,9386.0,"Veteran Secret Service agent Frank Horrigan is a man haunted by his failure to save President Kennedy while serving protection detail in Dallas. Thirty years later, a man calling himself ""Booth"" threatens the life of the current President, forcing Horrigan to come back to protection detail to confront the ghosts from his past.",/3NvOFpmyECI3DNExYMtFIRcGMsu.jpg,1993-07-08,6.965,"['Action', 'Drama', 'Thriller', 'Crime', 'Mystery']"
475,In the Name of the Father (1993),Drama,7984.0,"A small-time Belfast thief, Gerry Conlon, is wrongly convicted of an IRA bombing in London, along with his father and friends, and spends 15 years in prison fighting to prove his innocence.",/3NcIkKxaO2SmRVsG1v50XhtmL0f.jpg,1993-12-27,7.89,['Drama']
476,"Inkwell, The (1994)",Comedy|Drama,59930.0,The Inkwell is about a 16-year-old boy coming of age on Martha's Vineyard in the summer of 1976.,/b5qUq9l6ci9KzzAqYhpdxzjY7qi.jpg,1994-04-22,5.3,"['Comedy', 'Drama', 'Romance']"
477,What's Love Got to Do with It? (1993),Drama|Musical,15765.0,Singer Tina Turner rises to stardom while mustering the courage to break free from her abusive husband Ike.,/btC4819GhihmkCELqO3qgepNGos.jpg,1993-06-09,7.0,"['Drama', 'Music', 'History']"
478,Jimmy Hollywood (1994),Comedy|Crime|Drama,31643.0,"Jimmy Alto is an actor wannabe who stumbles into the role of a lifetime. He becomes a vigilante crime-fighter, aided by his sidekick William, who has suffered a head wound and has problems with short-term memory. Jimmy's vigilante alter ego soon becomes a media wonder--but Jimmy remains a total unknown and his long-suffering girl friend Lorraine is getting fed up with the whole situation.",/o066KgKkw32T4ShvgYO7qHDzZt0.jpg,1994-03-30,5.1,['Comedy']
479,Judgment Night (1993),Action|Crime|Thriller,6.0,"Four young friends, while taking a shortcut en route to a local boxing match, witness a brutal murder which leaves them running for their lives.",/3rvvpS9YPM5HB2f4HYiNiJVtdam.jpg,1993-10-15,6.5,"['Action', 'Crime', 'Thriller']"
480,Jurassic Park (1993),Action|Adventure|Sci-Fi|Thriller,329.0,"A wealthy entrepreneur secretly creates a theme park featuring living dinosaurs drawn from prehistoric DNA. Before opening day, he invites a team of experts and his two eager grandchildren to experience the park and help calm anxious investors. However, the park is anything but amusing as the security systems go off-line and the dinosaurs escape.",/maFjKnJ62hDQ9E66dKqDZgbUy0H.jpg,1993-06-11,7.966,"['Adventure', 'Science Fiction']"
481,Kalifornia (1993),Drama|Thriller,10909.0,"A journalist duo go on a tour of serial killer murder sites with two companions, unaware that one of them is a serial killer himself.",/aXyA3UvVaXBoX2zq9zH7NcK5rKT.jpg,1993-06-24,6.587,"['Thriller', 'Crime']"
482,Killing Zoe (1994),Crime|Drama|Thriller,507.0,"Zed is an American vault-cracker who travels to Paris to meet up with his old friend Eric. Eric and his gang have planned to raid the only bank in the city which is open on Bastille day. After offering his services, Zed soon finds himself trapped in a situation beyond his control when heroin abuse, poor planning and a call-girl named Zoe all conspire to turn the robbery into a very bloody siege.",/k3UEKMVnkljOlsO5sLmz87YGlaG.jpg,1993-10-01,6.202,"['Action', 'Crime', 'Drama', 'Thriller']"
484,Lassie (1994),Adventure|Children,29918.0,"On their way to start a new life at a sheep farm in rural Virginia, the Turner family are halted by a wreck on the highway that has claimed the life of a truck driver. Spotting the trucker's now-abandoned collie on the side of the road, they take pity on the dog and adopt her. As the city family copes with the change to rural life, including a feud with a neighboring farm family who resent the city interlopers, the ever-loyal Lassie helps them adjust to their new surroundings.",/5Tz2rzFivQKmMBz5T8Cj7M7CdnI.jpg,1994-07-22,6.1,"['Family', 'Adventure']"
485,Last Action Hero (1993),Action|Adventure|Comedy|Fantasy,9593.0,"After his father's death, a young boy finds solace in action movies featuring an indestructible cop. Given a magic ticket by a theater manager, he is transported into the film and teams up with the cop to stop a villain who escapes into the real world.",/vkhEaWAv5j3qgrOGp3BgMeiYPKj.jpg,1993-06-18,6.5,"['Adventure', 'Fantasy', 'Action', 'Comedy', 'Family']"
486,Life with Mikey (1993),Comedy,42580.0,"Michael Chapman, a former child TV star, runs a struggling talent agency specilizing in child acts. When a young girl off the street puts on a real performance after he catches her picking his pocket, he may have just found the next big thing.",/dKsvF5t5xsm17HG3GJzQQGJpJzP.jpg,1993-06-04,5.7,"['Comedy', 'Family']"
487,Lightning Jack (1994),Comedy|Western,22317.0,"Lightning Jack Kane is an Australian outlaw in the wild west. During a bungled bank robbery he picks up mute Ben Doyle as a hostage. The two become good friends, with Jack teaching Ben how to rob banks, while they plan Jack's last heist.",/4YoRERjKWO2442ezcvgEjAZuxWP.jpg,1994-03-11,5.6,"['Comedy', 'Western']"
488,M. Butterfly (1993),Drama|Romance,1413.0,"In 1960s China, French diplomat Rene Gallimard falls in love with an opera singer, Song Liling – but Song is not at all who Gallimard thinks.",/vfutnJ9sgpAtNuPemksd26gd5dC.jpg,1993-10-01,6.584,"['Romance', 'Drama', 'History']"
489,Made in America (1993),Comedy,12121.0,"A young black woman discovers that her father was a sperm donor, and if that wasn't bad enough, he's white.",/1NLhOZN4AcTSvEPMI3HCjTVSfvy.jpg,1993-01-06,5.5,['Comedy']
490,Malice (1993),Thriller,2246.0,"A tale about a happily married couple who would like to have children. Tracy teaches infants, Andy's a college professor. Things are never the same after she is taken to hospital and operated upon by Jed, a ""know all"" doctor.",/6kcjUrhvHrXSLDLQHvcOvJmLSqs.jpg,1993-09-29,6.263,['Thriller']
491,"Man Without a Face, The (1993)",Drama,10502.0,"Justin McLeod is a former teacher who lives as a recluse on the edge of town after his face is disfigured from an automobile accident ten years earlier, in which a boy was incinerated--and for which he was convicted of involuntary manslaughter. Also suspected of being a paedophile, he is befriended by Chuck, causing the town's suspicions and hostility to be ignited.",/9dmH2jc6jwlZo90JQTFOx4XaBWt.jpg,1993-08-25,6.5,['Drama']
492,Manhattan Murder Mystery (1993),Comedy|Mystery,10440.0,A middle-aged couple suspects foul play when their neighbor's wife suddenly drops dead.,/zrzBIlMyAP7Ac9W5qAy5ssAUdK4.jpg,1993-05-02,7.257,"['Comedy', 'Mystery']"
493,Menace II Society (1993),Action|Crime|Drama,9516.0,A young street hustler attempts to escape the rigors and temptations of the ghetto in a quest for a better life.,/nS7yqmSVeNoH22VXj69JoFCxW1h.jpg,1993-05-26,7.492,"['Drama', 'Crime', 'Thriller']"
494,Executive Decision (1996),Action|Adventure|Thriller,2320.0,"Terrorists hijack a 747 inbound to Washington D.C., demanding the release of their imprisoned leader. Intelligence expert David Grant suspects another reason and he is soon the reluctant member of a special assault team that is assigned to intercept the plane and hijackers.",/hLjXkFr9fHlWzRVwu1T31QSVHRq.jpg,1996-03-15,6.339,"['Action', 'Adventure', 'Drama', 'Thriller']"
495,In the Realm of the Senses (Ai no corrida) (1976),Drama,5879.0,"A passionate telling of the story of Sada Abe, a woman whose affair with her master led to an obsessive and ultimately destructive sexual relationship.",/AiFQbgjgSXWPfbi9iIYT39iXWMW.jpg,1976-09-15,6.575,"['Drama', 'Romance']"
496,What Happened Was... (1994),Comedy|Drama|Romance|Thriller,83718.0,Jackie and Michael are coworkers at a large law firm. They decide to meet at Jackie's for dinner one night.,/mke5aNX5cT6JIWk2ER4ng9dGNNL.jpg,1994-09-09,7.1,"['Comedy', 'Drama', 'Romance']"
497,Much Ado About Nothing (1993),Comedy|Romance,11971.0,"In this Shakespearean farce, Hero and her groom-to-be, Claudio, team up with Claudio's commanding officer, Don Pedro, the week before their wedding to hatch a matchmaking scheme. Their targets are sharp-witted duo Benedick and Beatrice -- a tough task indeed, considering their corresponding distaste for love and each other. Meanwhile, meddling Don John plots to ruin the wedding.",/tvltGP6vYOkHdURag0jPSjhPUAV.jpg,1993-05-07,6.94,"['Drama', 'Comedy', 'Romance']"
499,Mr. Wonderful (1993),Comedy|Romance,31911.0,"Electrician Gus gets the chance to fulfil a childhood dream by buying an old bowling-alley with some of his friends, but first he must find his ex-wife a new husband so he can stop paying alimony.",/AtUjyMEXPR41JWZzGfHEzgmrrHq.jpg,1993-10-15,5.5,"['Comedy', 'Romance']"
500,Mrs. Doubtfire (1993),Comedy|Drama,788.0,"Loving but irresponsible dad Daniel Hillard, estranged from his exasperated spouse, is crushed by a court order allowing only weekly visits with his kids. When Daniel learns his ex needs a housekeeper, he gets the job -- disguised as a British nanny. Soon he becomes not only his children's best pal but the kind of parent he should have been from the start.",/shHrSmXS5140o6sQzgzXxn3KqSm.jpg,1993-11-24,7.194,"['Comedy', 'Drama', 'Family']"
501,Naked (1993),Drama,21450.0,An unemployed Brit vents his rage on unsuspecting strangers as he embarks on a nocturnal London odyssey.,/xMYP4uaNeyPmX4FQ2xxWk2eIN6K.jpg,1993-08-06,7.255,"['Drama', 'Comedy']"
502,"Next Karate Kid, The (1994)",Action|Children|Romance,11231.0,"Mr. Miyagi decides to take Julie, a troubled teenager, under his wing after he learns that she blames herself for her parents' demise and struggles to adjust with her grandmother and fellow pupils.",/wI3gCi9w1cuUJCiwhviAy46we9Q.jpg,1994-07-18,5.401,"['Action', 'Drama', 'Family', 'Adventure']"
504,No Escape (1994),Action|Drama|Sci-Fi,10447.0,"In the year 2022, a ruthless prison warden has created the ultimate solution for his most troublesome and violent inmates: Absolom, a secret jungle island where prisoners are abandoned and left to die. But Marine Captain John Robbins, convicted of murdering a commanding officer, is determined to escape the island in order to reveal the truth behind his murderous actions and clear his name.",/jRwMdEb5bxwVARU2VmOADTflLfZ.jpg,1994-04-29,6.2,"['Action', 'Drama', 'Science Fiction', 'Thriller']"
505,North (1994),Comedy,31586.0,"Eleven-year-old North has had it with his parents. They are always busy with their careers and don't give North the attention he needs, so he files a lawsuit against them. The judge rules that North should either find new parents or return to his own parents within two months. Thus North starts off on a journey around the world to find parents that really care about him.",/e4JEG7dstmurXMUPOW9Jy6UDR9F.jpg,1994-07-22,5.054,"['Comedy', 'Adventure', 'Drama']"
506,Orlando (1992),Drama|Fantasy|Romance,9300.0,"England, 1600. Queen Elizabeth I promises Orlando, a young nobleman obsessed with poetry, that she will grant him land and fortune if he agrees to satisfy a very particular request.",/seRawEs8eQ8rWfkBm6QC39EQEAU.jpg,1992-12-11,6.9,"['Drama', 'Fantasy']"
507,"Perfect World, A (1993)",Crime|Drama|Thriller,9559.0,"A kidnapped boy strikes up a friendship with his captor: an escaped convict on the run from the law, headed by an honorable U.S. Marshal.",/kWX2CYM5TbWaZwll4ysh7OjVUmJ.jpg,1993-11-24,7.5,"['Drama', 'Crime', 'Thriller']"
508,Philadelphia (1993),Drama,9800.0,"Two competing lawyers join forces to sue a prestigious law firm for AIDS discrimination. As their unlikely friendship develops, their courage overcomes the prejudice and corruption of their powerful adversaries.",/tFe5Yoo5zT495okA49bq1vPPkiV.jpg,1993-12-22,7.714,['Drama']
509,"Piano, The (1993)",Drama|Romance,713.0,"When an arranged marriage brings Ada and her spirited daughter to the wilderness of nineteenth-century New Zealand, she finds herself locked in a battle of wills with both her controlling husband and a rugged frontiersman to whom she develops a forbidden attraction.",/dUxjG6baSzGIgP7R8BQI5rpMuET.jpg,1993-05-18,7.4,"['Drama', 'Romance']"
510,Poetic Justice (1993),Drama,8291.0,"Still grieving after the murder of her boyfriend, hairdresser Justice writes poetry to deal with the pain of her loss. Unable to get to Oakland to attend a convention because of her broken-down car, Justice gets a lift with her friend, Iesha, and Iesha's postal worker boyfriend, Chicago. Along for the ride is Chicago's co-worker, Lucky, to whom Justice grows close after some initial problems. But is she ready to open her heart again?",/6jE7Vzh3edBQtbbDcF4AC5gMX2g.jpg,1993-07-23,6.8,"['Drama', 'Romance']"
511,"Program, The (1993)",Action|Drama,18133.0,"Several players from different backgrounds try to cope with the pressures of playing football at a major university. Each deals with the pressure differently, some turn to drinking, others to drugs, and some to studying.",/4pdbutHc9SLEPmdLKtlVffiLByP.jpg,1993-09-24,6.4,"['Drama', 'Action', 'Romance']"
512,"Puppet Masters, The (1994)",Horror|Sci-Fi,25557.0,"The Midwest USA is invaded by stingray-shaped alien slugs that ride on people's backs and control their minds in order to spread their dominion. Government agency reps Sam Givens, Andrew Nivens, and Mary Sefton must stop the aliens.",/8xJGom6fUqmVhJ7EWprZEHygUis.jpg,1994-10-21,5.8,"['Horror', 'Science Fiction', 'Thriller']"
513,Radioland Murders (1994),Comedy|Mystery|Romance,22588.0,A series of mysterious crimes threatens the existence of a new radio network.,/l9pvl3AH4UsUvLn4yUP0RR4pltx.jpg,1994-10-21,5.9,"['Comedy', 'Crime', 'Drama']"
514,"Ref, The (1994)",Comedy,10872.0,"A cat burglar is forced to take a bickering, dysfunctional family hostage on Christmas Eve.",/ym7Kx3iDmalK8kXKvVQwnFYABEV.jpg,1994-03-09,6.549,"['Comedy', 'Crime', 'Drama']"
515,"Remains of the Day, The (1993)",Drama|Romance,1245.0,A rule-bound head butler's world of manners and decorum in the household he maintains is tested by the arrival of a housekeeper who falls in love with him in post-WWI Britain. The possibility of romance and his master's cultivation of ties with the Nazi cause challenge his carefully maintained veneer of servitude.,/uDGDtqSvuch324WnM7Ukdp1bCAQ.jpg,1993-11-05,7.361,"['Drama', 'Romance']"
516,Renaissance Man (1994),Comedy|Drama,11858.0,"An advertising man is slowly sliding downhill. When he is fired from his job in Detroit, he signs up for unemployment. One day they find him a job: teaching thinking skills to Army recruits. He arrives on base to find that there is no structure set up for the class.",/iPRtaSfN8gNWFclgrcg5oD3V41i.jpg,1994-06-03,6.113,"['Comedy', 'Drama']"
517,Rising Sun (1993),Action|Drama|Mystery,7007.0,"When a prostitute is found dead in a Los Angeles skyscraper occupied by a large Japanese corporation, detectives John Connor and Web Smith are called in to investigate. Although Connor has previous experience working in Japan, cultural differences make their progress difficult until a security disc showing the murder turns up. Close scrutiny proves the disc has been doctored, and the detectives realize they're dealing with a cover-up as well.",/jVWEeZ383peKxwE284AdyHqq6GH.jpg,1993-07-30,6.1,"['Action', 'Drama', 'Thriller']"
518,"Road to Wellville, The (1994)",Comedy,10467.0,"An unhappy young couple visit the infamous Kellogg spa in Battle Creek, Michigan while a young hustler tries get into the breakfast-cereal business and compete against John Kellogg's corn flakes.",/zh7OVdFMpqpZ027z9RgVIwzxYjZ.jpg,1994-10-28,5.6,"['Comedy', 'Romance', 'Drama']"
519,RoboCop 3 (1993),Action|Crime|Drama|Sci-Fi|Thriller,5550.0,"The mega corporation Omni Consumer Products is still bent on creating their pet project, Delta City, to replace the rotting city of Detroit. Unfortunately, the inhabitants of the area have no intention of abandoning their homes simply for desires of the company. To this end, OCP have decided to force them to leave by employing a ruthless mercenary army to attack and harass them. An underground resistance begins and in this fight, RoboCop must decide where his loyalties lie.",/ppLSSwCuC5ERRWbu9H3R8SPL9AM.jpg,1993-01-21,4.904,"['Action', 'Adventure', 'Crime', 'Science Fiction', 'Thriller']"
520,Robin Hood: Men in Tights (1993),Comedy,8005.0,"Robin Hood comes home after fighting in the Crusades to learn that the noble King Richard is in exile and that the despotic King John now rules England, with the help of the Sheriff of Rottingham. Robin Hood assembles a band of fellow patriots to do battle with King John and the Sheriff.",/woexOLEkUlYsPLLuZRK6LjZaF38.jpg,1993-07-28,6.587,['Comedy']
521,Romeo Is Bleeding (1993),Crime|Thriller,2088.0,A corrupt cop gets in over his head when he tries to assassinate a beautiful Russian hit-woman.,/ojXNRpHMXU99UFmF9MKKiJCymKr.jpg,1993-09-13,6.3,"['Crime', 'Drama', 'Romance']"
522,Romper Stomper (1992),Action|Drama,10412.0,"Nazi skinheads in Melbourne take out their anger on local Vietnamese, who are seen as threatening racial purity. Finally the Vietnamese have had enough and confront the skinheads in an all-out confrontation, sending the skinheads running. A woman who is prone to epileptic seizures joins the skins' merry band, and helps them on their run from justice, but is her affliction also a sign of impurity?",/urE3Jzl3zuz2XUmAq2rXubYn3SD.jpg,1992-03-05,6.544,"['Action', 'Drama', 'Thriller']"
523,Ruby in Paradise (1993),Drama,47889.0,"Reeling from her mother's recent death, Ruby Lee Gissing relocates to Florida to start anew. After finding a job at a souvenir store, Ruby becomes friends with the shop's owner, Mildred Chambers, and slowly acclimates to her new surroundings. Before long, she's juggling the affections of Mildred's Lothario son, Ricky, and the good-natured Mike. As she wavers between Ricky and Mike, Ruby also tries to come to terms with her past.",/gk0vbIVYwpXxSf1wQbS2r9IsBoV.jpg,1993-10-08,5.9,"['Drama', 'Romance']"
524,Rudy (1993),Drama,14534.0,"Rudy grew up in a steel mill town where most people ended up working, but wanted to play football at Notre Dame instead. There were only a couple of problems. His grades were a little low, his athletic skills were poor, and he was only half the size of the other players. But he had the drive and the spirit of 5 people and has set his sights upon joining the team.",/fAbfTCRpjHe2rprXBly55KL1dL9.jpg,1993-09-17,7.3,"['Drama', 'History']"
526,"Savage Nights (Nuits fauves, Les) (1992)",Drama,41878.0,"Jean is young, gay, and promiscuous. Only after he meets one or two women, including Laura, does he come to realize his bisexuality. Jean has to overcome a personal crisis and a tough choice between Laura and his male lover Samy.",/wPzs0G2LV6shi0zpxdYOVZcuBDP.jpg,1992-10-21,6.4,['Drama']
527,Schindler's List (1993),Drama|War,424.0,The true story of how businessman Oskar Schindler saved over a thousand Jewish lives from the Nazis while they worked as slaves in his factory during World War II.,/sF1U4EUQS8YHUYjNl3pMGNIQyr0.jpg,1993-12-15,8.567,"['Drama', 'History', 'War']"
528,"Scout, The (1994)",Comedy|Drama,35233.0,"When his star recruit botches a Major League Baseball debut, humiliated talent scout Al Percolo gets banished to rural Mexico, where he finds a potential gold mine in the arm of young phenom Steve Nebraska. Soon, the New York Yankees put a $55 million contract on the table—provided a psychiatrist can affirm Nebraska's mental stability.",/a5b1k4wmZShLu1Fo19SzcOJKRlD.jpg,1994-09-30,5.2,['Comedy']
529,Searching for Bobby Fischer (1993),Drama,14291.0,A seven-year-old chess prodigy refuses to harden himself in order to become a champion like the famous but unlikable Bobby Fischer.,/oAJpHkMpfXiFY9F3HocIz9fhHLc.jpg,1993-08-13,7.1,['Drama']
531,"Secret Garden, The (1993)",Children|Drama,11236.0,"A young British girl born and reared in India loses her neglectful parents in an earthquake. She is returned to England to live at her uncle's castle. Her uncle is very distant due to the loss of his wife ten years before. Neglected once again, she begins exploring the estate and discovers a garden that has been locked and forgotten. Aided by one of the servants' boys, she begins restoring the garden, and eventually discovers some other secrets of the manor.",/zf6h5dJ7wVG7LqMO9dhHGHVejzj.jpg,1993-08-13,7.42,"['Drama', 'Family', 'Fantasy']"
532,Serial Mom (1994),Comedy|Crime|Horror,11592.0,"Beverly is the perfect happy homemaker, along with her doting husband and two children, but this nuclear family just might explode when her fascination with serial killers collides with her ever-so-proper code of ethics.",/vAZkFho9YdIXPmMdHMwr10Go2FF.jpg,1994-04-13,6.724,"['Comedy', 'Crime']"
533,"Shadow, The (1994)",Action|Adventure|Fantasy|Mystery,8850.0,"Based on the 1930s comic strip, The Shadow is put up against his archenemy Shiwan Khan, who plans to take over the world by holding a city to ransom using an atom bomb. Using his powers of invisibility and ""the power to cloud men's minds"", The Shadow comes blazing to the rescue with explosive results.",/xAbFJH3vQYZvUyzzGAtG4OLy492.jpg,1994-07-01,6.1,"['Fantasy', 'Action', 'Crime']"
534,Shadowlands (1993),Drama|Romance,10445.0,"C.S. Lewis, a world-renowned writer and professor, leads a passionless life until he meets spirited poet Joy Gresham.",/5jTWY1M2O4Zhid4rLOpftzazRGn.jpg,1993-12-25,6.883,"['Drama', 'Romance']"
535,Short Cuts (1993),Drama,695.0,"Many loosely connected characters cross paths in this film, based on the stories of Raymond Carver. Waitress Doreen Piggot accidentally runs into a boy with her car. Soon after walking away, the child lapses into a coma. While at the hospital, the boy's grandfather tells his son, Howard, about his past affairs. Meanwhile, a baker starts harassing the family when they fail to pick up the boy's birthday cake.",/mbNTvbtWfV4soyErimDTdX67OAr.jpg,1993-10-01,7.2,"['Drama', 'Comedy']"
536,"Simple Twist of Fate, A (1994)",Drama,43535.0,"When Michael McCann is thrown over by the woman he loves, he becomes something of a misanthrope and a miser, spending all of his spare money on collectible gold coins. Living in the same town is an affluent family with two sons: John and Tanny. Tanny's a wild boy, whom John cannot control, and one night he breaks into McCann's house, and steals the gold and disappears, which nearly confirms McCann's distrust of mankind. But then, a mysterious young woman dies in the snow outside McCann's house, and her small daughter makes her way to McCann's house and into McCann's life and heart.",/2Jorj80Y4EVEAPDRVVdDXKSVUTw.jpg,1994-09-02,6.1,"['Family', 'Comedy', 'Drama']"
537,Sirens (1994),Drama,12519.0,"In 1930s Australia, Anglican clergyman Anthony Campion and his prim wife, Estella, are asked to visit noted painter Norman Lindsay, whose planned contribution to an international art exhibit is considered blasphemous. While Campion and Lindsay debate, Estella finds herself drawn to the three beautiful models sitting for the painter's current work, freethinking Sheela, sensual Pru and virginal Giddy.",/bOUDHgOlxANs1KsYZEsLSjZBTkd.jpg,1994-03-04,5.6,"['Comedy', 'Drama']"
538,Six Degrees of Separation (1993),Drama,23210.0,"The story of a young, gay, black, con artist who, posing as the son of Sidney Poitier, cunningly maneuvers his way into the lives of a white, upper-class New York family.",/bROsFCnsHr0e09M7VA0aCcNF432.jpg,1993-12-08,6.412,"['Mystery', 'Drama', 'Comedy']"
539,Sleepless in Seattle (1993),Comedy|Drama|Romance,858.0,"After the death of his mother, a young boy calls a radio station in an attempt to set his father up on a date. Across the country, an engaged woman becomes convinced that they belong together, despite their never having met. Will their paths collide despite the odds?",/jAXfku1u1uaLGh4cUmK0ESf1pPu.jpg,1993-06-24,6.7,"['Comedy', 'Drama', 'Romance']"
540,Sliver (1993),Thriller,867.0,"A woman moves into a Manhattan apartment, where she learns that the previous tenant's life ended under mysterious circumstances.",/g7PC2e2KqDkIfOoJx9iXJJez99d.jpg,1993-05-21,5.5,"['Drama', 'Thriller']"
541,Blade Runner (1982),Action|Sci-Fi|Thriller,78.0,"In the smog-choked dystopian Los Angeles of 2019, blade runner Rick Deckard is called out of retirement to terminate a quartet of replicants who have escaped to Earth seeking their creator for a way to extend their short life spans.",/63N9uy8nd9j7Eog2axPQ8lbr3Wj.jpg,1982-06-25,7.94,"['Science Fiction', 'Drama', 'Thriller']"
542,Son in Law (1993),Comedy|Drama|Romance,13203.0,"Country girl Rebecca has spent most of her life on a farm in South Dakota, and, when she goes away to college in Los Angeles, Rebecca immediately feels out of place in the daunting urban setting. She is befriended by a savvy party animal named Crawl, who convinces the ambivalent Rebecca to stay in the city. When Thanksgiving break rolls around, Rebecca, no longer an innocent farm girl, invites Crawl back to South Dakota, where he pretends to be her fiancé.",/gj4afHL9bMQ18opZzMp77tlPkAq.jpg,1993-07-02,6.0,"['Comedy', 'Drama', 'Romance']"
543,So I Married an Axe Murderer (1993),Comedy|Romance|Thriller,10442.0,"Just after a bad breakup, Charlie MacKenzie falls for lovely butcher Harriet Michaels and introduces her to his parents. But, as voracious consumers of sensational tabloids, his parents soon come to suspect that Harriet is actually a notorious serial killer -- ""Mrs. X"" -- wanted in connection with a string of bizarre honeymoon killings. Thinking his parents foolish, Charlie proposes to Harriet. But while on his honeymoon with her, he begins to fear they were right.",/zQlpQDKDADKlgqfMs1E191ofDJU.jpg,1993-07-30,6.106,"['Comedy', 'Crime', 'Romance']"
544,Striking Distance (1993),Action|Crime,11074.0,"Coming from a police family, Tom Hardy ends up fighting his uncle after the murder of his father. Tom believes the killer is another cop, and goes on the record with his allegations. Demoted to water-way duty Tom, along with new partner Jo Christman, navigate the three rivers looking for clues and discovering bodies. This time the victims are women Tom knows, he must find the killer to prove his innocence.",/1bLazrQWJQhO6u58vJZXJZ3ZFDh.jpg,1993-09-17,5.858,"['Crime', 'Action', 'Mystery', 'Thriller']"
546,Super Mario Bros. (1993),Action|Adventure|Children|Comedy|Fantasy|Sci-Fi,9607.0,"Mario and Luigi, plumbers from Brooklyn, find themselves in an alternate universe where evolved dinosaurs live in hi-tech squalor. They're the only hope to save our universe from invasion by the dino dictator, Koopa.",/yt5bbMfKpg1nRr4k5edxs7tPK2m.jpg,1993-05-28,4.5,"['Adventure', 'Fantasy', 'Comedy', 'Family']"
547,Surviving the Game (1994),Action|Adventure|Thriller,17585.0,"A homeless man is hired as a survival guide for a group of wealthy businessmen on a hunting trip in the mountains, unaware that they are killers who hunt humans for sport, and that he is their new prey.",/wRtpJFGney5gqHmMb3JjT5WN3FH.jpg,1994-04-15,6.146,"['Action', 'Thriller', 'Adventure', 'Crime', 'Drama']"
548,Terminal Velocity (1994),Action|Mystery|Thriller,9057.0,A maverick skydiver and a former KGB agent team up to stop the Russian mafia from stealing gold.,/r6H0J7uu9n6D6p5HoJz7jMD90eI.jpg,1994-09-23,5.3,"['Action', 'Thriller']"
549,Thirty-Two Short Films About Glenn Gould (1993),Drama|Musical,20967.0,"A collection of vignettes highlighting different aspects of the life, work, and character of the acclaimed Canadian classical pianist.",/3GTmkUpCb1uL7psLYqAHyIyld51.jpg,1993-11-26,7.0,"['Drama', 'Music']"
550,Threesome (1994),Comedy|Romance,10635.0,"At a sizable public college, high-minded student Eddy is forced to room with the slovenly Stuart, but the pair strike up a surprising friendship. When attractive co-ed Alex is assigned to live with the two male students because of her gender-neutral name, a roundabout love triangle ensues. Eddy secretly yearns for Stuart, who wants Alex, but she prefers Eddy. The complex situation leads to sexual experimentation and strained relationships.",/vR6qwjChOV4Z9940VA9chucNpne.jpg,1994-04-08,6.377,"['Comedy', 'Drama', 'Romance']"
551,"Nightmare Before Christmas, The (1993)",Animation|Children|Fantasy|Musical,9479.0,"Tired of scaring humans every October 31 with the same old bag of tricks, Jack Skellington, the spindly king of Halloween Town, kidnaps Santa Claus and plans to deliver shrunken heads and other ghoulish gifts to children on Christmas morning. But as Christmas approaches, Jack's rag-doll girlfriend, Sally, tries to foil his misguided plans.",/oQffRNjK8e19rF7xVYEN8ew0j7b.jpg,1993-10-09,7.831,"['Fantasy', 'Animation', 'Family']"
552,"Three Musketeers, The (1993)",Action|Adventure|Comedy|Romance,10057.0,"D'Artagnan travels to Paris hoping to become a musketeer, one of the French king's elite bodyguards, only to discover that the corps has been disbanded by conniving Cardinal Richelieu, who secretly hopes to usurp the throne. Fortunately, Athos, Porthos and Aramis have refused to lay down their weapons and continue to protect their king. D'Artagnan joins with the rogues to expose Richelieu's plot against the crown.",/mk8UH7JRmK8adcqJJpB1ygP7B1C.jpg,1993-11-11,6.392,"['Action', 'Adventure', 'Comedy', 'Romance']"
553,Tombstone (1993),Action|Drama|Western,11969.0,"Legendary marshal Wyatt Earp, now a weary gunfighter, joins his brothers Morgan and Virgil to pursue their collective fortune in the thriving mining town of Tombstone. But Earp is forced to don a badge again and get help from his notorious pal Doc Holliday when a gang of renegade brigands and rustlers begins terrorizing the town.",/wGFCvylul8iEQhJOKfwZGGvXMzA.jpg,1993-12-25,7.585,"['Western', 'Action']"
555,True Romance (1993),Crime|Thriller,319.0,"Clarence marries hooker Alabama, steals cocaine from her pimp, and tries to sell it in Hollywood, while the owners of the coke try to reclaim it.",/39lXk6ud6KiJgGbbWI2PUKS7y2.jpg,1993-09-09,7.536,"['Action', 'Crime', 'Romance']"
556,"War Room, The (1993)",Documentary,26408.0,"A behind-the-scenes documentary about the Clinton for President campaign, focusing on the adventures of spin doctors James Carville and George Stephanopoulos.",/prfxsyG4SnlnqqulavCJ4RksFUA.jpg,1993-11-03,6.8,"['Documentary', 'History']"
558,"Pagemaster, The (1994)",Action|Adventure|Animation|Children|Fantasy,15139.0,"Rich knows a lot about accidents. So much so, he is scared to do anything that might endanger him, like riding his bike, or climbing into his treehouse. While in an old library, he is mystically transported into the unknown world of books, and he has to try and get home again.",/iIWUuCjN8VND7BDugvf45LveA6p.jpg,1994-11-23,6.4,"['Family', 'Fantasy', 'Animation']"
562,Welcome to the Dollhouse (1995),Comedy|Drama,11446.0,An unattractive 7th grader struggles to cope with suburban life as the middle child with inattentive parents and bullies at school.,/fsMMOVto87pvUQyozOF9CaT9aMR.jpg,1996-03-22,7.068,"['Comedy', 'Drama']"
563,Germinal (1993),Drama|Romance,51980.0,"It's mid 19th century, north of France. The story of a coal miner's town. They are exploited by the mine's owner. One day the decide to go on strike, and then the authorities repress them.",/cizv23RUxcpTrQt4kcOz7Sv6YJl.jpg,1993-09-29,6.7,"['Drama', 'Romance']"
564,Chasers (1994),Comedy,24405.0,"Military men Rock Reilly and Eddie Devane are tasked with taking a prisoner, blonde bombshell Toni Johnson, on what becomes an unforgettable road trip. Toni, an enlistee who's in trouble for deserting her unit, soon proves that she's craftier than most inmates.",/mEG6fTyTjsA1vzTTqCXsiJzjdQ5.jpg,1994-04-22,5.4,"['Comedy', 'Romance']"
567,Kika (1993),Comedy|Drama,8223.0,"When American author Nicholas brings in a cosmetologist named Kika to prepare the corpse of his recently deceased son, she inadvertently revives the young man, then falls in love with him. Forces conspire against the couple, though, as Nicholas wants Kika for himself.",/jUEBKaMqcvrz0HHF8Cei8asjRWr.jpg,1993-10-29,6.4,"['Comedy', 'Drama']"
568,Bhaji on the Beach (1993),Comedy|Drama,14587.0,A group of South Asian women try but cannot escape their problems on a day trip to a British beach resort.,/jq27h7iCkqwBP3Dd9DQnWdgfGGV.jpg,1993-09-11,5.2,"['Comedy', 'Drama']"
569,Little Big League (1994),Comedy|Drama,31504.0,"When the owner of the Minnesota Twins passes away, he bequeaths the team to his preteen grandson. The newly minted head honcho quickly appoints himself manager, causing unrest in an organization that struggles to take orders from a 12-year-old.",/ps0GapKs4vuV38XX6VUbTZm8QS6.jpg,1994-06-29,5.9,"['Comedy', 'Family']"
573,"Ciao, Professore! (Io speriamo che me la cavo) (1992)",Drama,23637.0,"A bureaucratic snafu sends Marco Tullio Sperelli, a portly, middle-aged northern Italian, to teach third grade in a poor town outside Naples",/b4wZkB4FNUi7SK46Tw9kxT5oW8M.jpg,1992-10-09,7.2,['Comedy']
574,Spanking the Monkey (1994),Comedy|Drama,17600.0,"Bright young student Raymond Aibelli is forced to sidetrack an important medical internship because his mother, Susan, is recovering from a broken leg. When he isn't tasked with the most mundane aspects of Susan's recuperation, Raymond finds distraction in a neighborhood girl, Toni Peck. But, as Susan begins relying on her son for both physical and emotional needs, Raymond starts developing disturbing and unwanted new yearnings.",/fuID31Ft8nWLcFRSQ7qZRlu49o7.jpg,1994-01-15,5.7,"['Comedy', 'Drama']"
575,"Little Rascals, The (1994)",Children|Comedy,10897.0,"When nine-year-old Alfalfa falls for Darla, his ""He-Man-Woman-Hating"" friends attempt to sabotage their relationship.",/qI7PKX2JSw4yD2iQm3pyHvKir28.jpg,1994-08-05,6.802,"['Romance', 'Comedy', 'Family']"
577,Andre (1994),Adventure|Children|Drama,21352.0,"The true story of how a marine seal named Andre befriended a little girl and her family, circa 1962.",/uo5BozBpQfKXGLPUeUkwBGLG0XW.jpg,1994-08-17,5.4,"['Family', 'Adventure', 'Comedy']"
579,"Escort, The (Scorta, La) (1993)",Crime|Thriller,68806.0,"The film shows the difficulties of an honest, imperiled judge and his bodyguard of four men, trying to clean up a Sicilian town. Corrupt local politicians, working hand-in-hand with the Mafia, will stop at nothing to prevent exposure of their rackets.",/bhUUl8DosoGRDiGuSGu5GXDdGzT.jpg,1993-04-15,6.5,"['Thriller', 'Crime', 'Drama']"
580,Princess Caraboo (1994),Drama,37345.0,"Bristol, England, early 19th century. A beautiful young stranger who speaks a weird language is tried for the crime of begging. But when a man claims that he can translate her dialect, it is understood that the woman is a princess from a far away land. She is then welcomed by a family of haughty aristocrats that only wants to heighten their prestige. However, the local reporter is not at all convinced she is what she claims to be and investigates. Is Caraboo really a princess?",/a3Fw33tSGdO2eV8SULQigOITzH4.jpg,1994-09-16,5.5,"['Comedy', 'Drama', 'History', 'Mystery']"
581,"Celluloid Closet, The (1995)",Documentary,32562.0,"Exuberant, eye-opening movie that serves up a dazzling hundred-year history of the role of gay men and lesbians have had on the silver screen. Film contains fabulous footage from 120 films showing the changing face of cinema sexuality, from cruel stereotypes to covert love to the activist triumphs of the 1990s.",/x0DSh3uMeQk6EG1DHjGJUywN7C0.jpg,1996-03-15,7.2,"['Documentary', 'History']"
583,Dear Diary (Caro Diario) (1994),Comedy|Drama,25403.0,"Nanni Moretti recalls in his diary three slice of life stories characterized by a sharply ironic look: in the first one he wanders through a deserted Rome, in the second he visits a reclusive friend on an island, and in the last he has to grapple with an unknown illness.",/rAjbgSUvZDoy5jPbC5jD6pWvlyZ.jpg,1993-11-12,7.329,"['Comedy', 'Drama']"
585,"Brady Bunch Movie, The (1995)",Comedy,9066.0,"The original '70s TV family is now placed in the 1990s, where they're even more square and out of place than ever.",/kbJfBJh5vEf5356Jlm6P37H48hD.jpg,1995-02-16,6.1,"['Family', 'Comedy', 'Romance']"
586,Home Alone (1990),Children|Comedy,771.0,"Eight-year-old Kevin McCallister makes the most of the situation after his family unwittingly leaves him behind when they go on Christmas vacation. When thieves try to break into his home, he puts up a fight like no other.",/onTSipZ8R3bliBdKfPtsDuHTdlL.jpg,1990-11-16,7.463,"['Comedy', 'Family']"
587,Ghost (1990),Comedy|Drama|Fantasy|Romance|Thriller,251.0,"After a young man is murdered, his spirit stays behind to warn his lover of impending danger, with the help of a reluctant psychic.",/w9RaPHov8oM5cnzeE27isnFMsvS.jpg,1990-07-13,7.231,"['Thriller', 'Drama', 'Romance', 'Fantasy']"
588,Aladdin (1992),Adventure|Animation|Children|Comedy|Musical,812.0,"In the boorish city of Agrabah, kind-hearted street urchin Aladdin and Princess Jasmine fall in love, although she can only marry a prince. He and power-hungry Grand Vizier Jafar vie for a magic lamp that can fulfill their wishes.",/eLFfl7vS8dkeG1hKp5mwbm37V83.jpg,1992-11-25,7.653,"['Animation', 'Family', 'Adventure', 'Fantasy', 'Romance']"
589,Terminator 2: Judgment Day (1991),Action|Sci-Fi,280.0,"Ten years after the events of the original, a reprogrammed T-800 is sent back in time to protect young John Connor from the shape-shifting T-1000. Together with his mother Sarah, he fights to stop Skynet from triggering a nuclear apocalypse.",/jFTVD4XoWQTcg7wdyJKa8PEds5q.jpg,1991-07-03,8.143,"['Action', 'Thriller', 'Science Fiction']"
590,Dances with Wolves (1990),Adventure|Drama|Western,581.0,"Wounded Civil War soldier John Dunbar tries to commit suicide—and becomes a hero instead. As a reward, he's assigned to his dream post, a remote junction on the Western frontier, and soon makes unlikely friends with the local Sioux tribe.",/hw0ZEHAaTqTxSXGVwUFX7uvanSA.jpg,1990-03-30,7.835,"['Adventure', 'Drama', 'Western']"
592,Batman (1989),Action|Crime|Thriller,268.0,"Having witnessed his parents' brutal murder as a child, millionaire philanthropist Bruce Wayne fights crime in Gotham City disguised as Batman, a costumed hero who strikes fear into the hearts of villains. But when a deformed madman known as 'The Joker' seizes control of Gotham's criminal underworld, Batman must face his most ruthless nemesis ever while protecting both his identity and his love interest, reporter Vicki Vale.",/cij4dd21v2Rk2YtUQbV5kW69WB2.jpg,1989-06-21,7.228,"['Fantasy', 'Action', 'Crime']"
593,"Silence of the Lambs, The (1991)",Crime|Horror|Thriller,274.0,"Clarice Starling is a top student at the FBI's training academy.  Jack Crawford wants Clarice to interview Dr. Hannibal Lecter, a brilliant psychiatrist who is also a violent psychopath, serving life behind bars for various acts of murder and cannibalism.  Crawford believes that Lecter may have insight into a case and that Starling, as an attractive young woman, may be just the bait to draw him out.",/uS9m8OBk1A8eM9I042bx8XXpqAq.jpg,1991-02-14,8.345,"['Crime', 'Thriller', 'Drama']"
594,Snow White and the Seven Dwarfs (1937),Animation|Children|Drama|Fantasy|Musical,408.0,"A beautiful girl, Snow White, takes refuge in the forest in the house of seven dwarfs to hide from her stepmother, the wicked Queen. The Queen is jealous because she wants to be known as ""the fairest in the land,"" and Snow White's beauty surpasses her own.",/3VAHfuNb6Z7UiW12iYKANSPBl8m.jpg,1938-01-14,7.122,"['Fantasy', 'Animation', 'Family']"
595,Beauty and the Beast (1991),Animation|Children|Fantasy|Musical|Romance|IMAX,10020.0,"Follow the adventures of Belle, a bright young woman who finds herself in the castle of a prince who's been turned into a mysterious beast. With the help of the castle's enchanted staff, Belle soon learns the most important lesson of all -- that true beauty comes from within.",/hUJ0UvQ5tgE2Z9WpfuduVSdiCiU.jpg,1991-10-22,7.725,"['Romance', 'Family', 'Animation', 'Fantasy']"
596,Pinocchio (1940),Animation|Children|Fantasy|Musical,10895.0,"When the gentle woodcarver Geppetto builds a marionette to be his substitute son, a benevolent fairy brings the toy to life. The puppet, named Pinocchio, is not yet a human boy. He must earn the right to be real by proving that he is brave, truthful, and unselfish.",/bnZJrLRnoQHpzEJdka1KYfsAF3N.jpg,1940-02-23,7.105,"['Animation', 'Family', 'Fantasy']"
597,Pretty Woman (1990),Comedy|Romance,114.0,"Vivian is a carefree, streetwise diamond in the rough when she meets sophisticated billionaire Edward in a chance encounter that turns into a week-long business arrangement. But Vivian's energetic spirit challenges Edward's no-nonsense approach to life, and soon they are teaching each other – and falling in love!",/hVHUfT801LQATGd26VPzhorIYza.jpg,1990-03-23,7.449,"['Romance', 'Comedy']"
599,"Wild Bunch, The (1969)",Adventure|Western,576.0,"An aging group of outlaws look for one last big score as the ""traditional"" American West is disappearing around them.",/8j9yEC3xjy1PJDSizIbaxcHaSph.jpg,1969-06-19,7.582,['Western']
600,Love and a .45 (1994),Action|Comedy|Crime,15477.0,"Small-time criminal Watty Watts attempts to rob a convenience store with his drug-addict buddy, Billy Mack Black. The robbery, however, leads to murder, and soon Watty leaves Billy behind and goes on the run with his beloved girlfriend, Starlene. Heading toward Mexico, the fugitive couple gets plenty of media coverage, until there are even more people on their trail. Can Watty and Starlene make it south of the border without getting caught?",/xz7rXuL1lkc6tkt1rS0N05rxtRX.jpg,1994-11-23,5.725,"['Crime', 'Thriller']"
602,"Great Day in Harlem, A (1994)",Documentary,124472.0,"Art Kane, now deceased, coordinated a group photograph of all the top jazz musicians in NYC in the year 1958, for a piece in Esquire magazine. Just about every jazz musician at the time showed up for the photo shoot which took place in front of a brownstone near the 125th street station. The documentary compiles interviews of many of the musicians in the photograph to talk about the day of the photograph, and it shows film footage taken that day by Milt Hinton and his wife.",/606IorDjRMQZYaEdPBvjM8uI6qm.jpg,1994-09-27,6.2,"['Documentary', 'Music', 'History']"
605,One Fine Day (1996),Drama|Romance,7300.0,"Melanie Parker, an architect and mother of Sammy, and Jack Taylor, a newspaper columnist and father of Maggie, are both divorced. They meet one morning when overwhelmed Jack is left unexpectedly with Maggie and forgets that Melanie was to take her to school. As a result, both children miss their school field trip and are stuck with the parents. The two adults project their negative stereotypes of ex-spouses on each other, but end up needing to rely on each other to watch the children as each must save his job. Humor is added by Sammy's propensity for lodging objects in his nose and Maggie's tendency to wander.",/5NiRRR7JDNHOr21JNoGRxPWh9vb.jpg,1996-12-20,6.5,"['Romance', 'Comedy']"
606,Candyman: Farewell to the Flesh (1995),Fantasy|Horror,10824.0,"Annie, a young schoolteacher struggling to solve the brutal murder of her father, unwittingly summons the ""Candyman"" to New Orleans, where she learns the secret of his power, and discovers the link that connects them.",/2scgM9dFaHEppWb3tS99gCAh8KX.jpg,1995-03-17,5.461,"['Horror', 'Thriller']"
608,Fargo (1996),Comedy|Crime|Drama|Thriller,275.0,"Jerry, a small-town Minnesota car salesman is bursting at the seams with debt... but he's got a plan. He's going to hire two thugs to kidnap his wife in a scheme to collect a hefty ransom from his wealthy father-in-law. It's going to be a snap and nobody's going to get hurt... until people start dying. Enter Police Chief Marge, a coffee-drinking, parka-wearing - and extremely pregnant - investigator who'll stop at nothing to get her man. And if you think her small-time investigative skills will give the crooks a run for their ransom... you betcha!",/rt7cpEr1uP6RTZykBFhBTcRaKvG.jpg,1996-03-08,7.848,"['Crime', 'Drama', 'Thriller']"
609,Homeward Bound II: Lost in San Francisco (1996),Adventure|Children,25059.0,"When the pets accidentally get separated from their vacationing owners, Chance, Shadow, and Sassy navigate the mean streets of San Francisco, trying to find their home across the Golden Gate Bridge. But the road is blocked by a series of hazards, both man and beast.",/kfYawa9SF9MQ3ae0TXAfhDLFGv7.jpg,1996-03-08,6.6,"['Adventure', 'Comedy', 'Drama', 'Family']"
610,Heavy Metal (1981),Action|Adventure|Animation|Horror|Sci-Fi,11827.0,"The embodiment of ultimate evil, a glowing orb terrorizes a young girl with bizarre stories of dark fantasy, eroticism and horror.",/atUtWrDlLzT1yeVK2EoYtvbS963.jpg,1981-08-07,6.5,"['Animation', 'Science Fiction', 'Adventure', 'Fantasy', 'Music']"
611,Hellraiser: Bloodline (1996),Action|Horror|Sci-Fi,8766.0,Three generations of the same family deal with the consequences of unleashing the forces of hell.,/tCQsVackQil2fl5TzOYrCAI6All.jpg,1996-03-08,5.3,"['Horror', 'Science Fiction', 'Thriller']"
612,"Pallbearer, The (1996)",Comedy,23570.0,"Aspiring architect Tom Thompson is told by mysterious Ruth Abernathy that his best friend, ""Bill,"" has taken his own life. Except that Tom has never met Bill and neither have his incredulous friends. So when Tom foolishly agrees to give the eulogy at Bill's funeral, it sets him on a collision course with Ruth -- who is revealed to be Bill's oversexed mother -- and Julie DeMarco, the longtime crush Tom hasn't seen since they were teens.",/zwHI9B3kcj3WqZoE2LaLDi6ZeAO.jpg,1996-05-03,4.9,"['Comedy', 'Romance']"
613,Jane Eyre (1996),Drama|Romance,47333.0,"After a bleak childhood, Jane Eyre goes out into the world to become a governess. As she lives happily in her new position at Thornfield Hall, she meets the dark, cold, and abrupt master of the house, Edward Rochester. Jane and her employer grow close in friendship and she soon finds herself falling in love with him. Happiness seems to have found Jane at last, but could Rochester's terrible secret be about to destroy it forever?",/2vyt97wy8dEJYILoDoiPwTzLnzK.jpg,1996-01-20,6.894,"['Drama', 'Romance']"
615,Bread and Chocolate (Pane e cioccolata) (1973),Comedy|Drama,51242.0,"An Italian immigrant tries to make a new life in Switzerland, taking on a series of increasingly menial jobs in order to do it. He attempts to fit into his new home and society but fails at every turn. Unable to go home again, will his tenacity and optimism be enough to live on?",/24D3e6xBPEvqlFoq4tSMVqVQ3TO.jpg,1974-05-05,7.2,"['Comedy', 'Drama']"
616,"Aristocats, The (1970)",Animation|Children,10112.0,"When Madame Adelaide Bonfamille leaves her fortune to Duchess and her children—Bonfamille’s beloved family of cats—the butler plots to steal the money and kidnaps the legatees, leaving them out on a country road. All seems lost until the wily Thomas O’Malley Cat and his jazz-playing alley cats come to the aristocats’ rescue.",/1BVOSmQUhphMgnTxnXyfQ9tL1Sc.jpg,1970-12-24,7.295,"['Animation', 'Comedy', 'Family', 'Adventure']"
617,"Flower of My Secret, The (La flor de mi secreto) (1995)",Comedy|Drama,4307.0,"Middle-aged romance author Leo writes under a pseudonym, since she despises her own work. At home, her husband, who works overseas, is distant both physically and emotionally. As she reevaluates her life and writing, Leo is led to an unexpected relationship with Ángel, a sensitive newspaper editor.",/u172NHV9SvqgVDSyRayJIPK2Brl.jpg,1995-09-22,6.8,"['Drama', 'Romance']"
618,Two Much (1995),Comedy|Romance,46029.0,"Art Dodge is a painter-turned-gallerist drowning in debt. He gets in over his head when a con job leads to an engagement with a rich divorcee. He gets in deeper when he falls for her sister, and invents a twin brother to be her beau; and deeper still when his fiancée's ex-husband comes looking for revenge.",/65WB70Jhi3G2c5C41PyL5pl9L9p.jpg,1995-12-01,5.407,"['Comedy', 'Romance']"
619,Ed (1996),Comedy,32308.0,"Jack Cooper could be a world-class baseball pitcher if he didn't keep buckling under the pressure. He tries to keep his spirits up after he's traded to a minor league team but loses all hope when he discovers that Ed, one of his teammates, is a chimp. Ed used to be the team mascot, but was promoted to third base when the owners realized he had a talent for baseball. As Jack struggles to get used to his new surroundings, Ed helps him regain his confidence on and off the field.",/oSNX3zyTpRMN0ExtOobt7eaJfPD.jpg,1996-03-15,4.1,"['Comedy', 'Family']"
626,"Thin Line Between Love and Hate, A (1996)",Comedy,28121.0,"Nightclub manager Darnell Wright is a perpetual playboy who is almost as devoted to his job as he is to the pursuit of beautiful women. After he sets his sights on the ultra-classy Brandi Web, he launches an all-out assault to win her heart. Ultimately, charm, lust and passion prevail, but Darnell learns the hard way that when you play, you pay. Brandi is much harder to get rid of than she was to get--especially when she realizes that she has a rival vying for Darnell's affection. When he finally decides to call it quits, Brandi becomes an obsessed femme fatale stalking the new love of her life.",/wo9AGi5LlFXZUj8MDPq3eKCUMpd.jpg,1996-04-04,5.593,"['Comedy', 'Crime', 'Romance']"
627,"Last Supper, The (1995)",Drama|Thriller,12520.0,A group of idealistic but frustrated liberals succumb to the temptation of murdering right-wing pundits for their political beliefs.,/oIgPiiM0qD1mCo1SYG3Sd0vmKTa.jpg,1995-09-08,6.513,"['Comedy', 'Thriller', 'Crime', 'Drama']"
628,Primal Fear (1996),Crime|Drama|Mystery|Thriller,1592.0,"Defense attorney Martin Vail takes on jobs for money and prestige rather than any sense of the greater good. His latest case involves an altar boy, accused of brutally murdering the archbishop of Chicago. Vail finds himself up against his ex-pupil and ex-lover, but as the case progresses and the Church's dark secrets are revealed, Vail finds that what appeared a simple case takes on a darker, more dangerous aspect.",/qJf2TzE8nRTFbFMPJNW6c8mI0KU.jpg,1996-03-06,7.655,"['Crime', 'Drama', 'Mystery', 'Thriller']"
631,All Dogs Go to Heaven 2 (1996),Adventure|Animation|Children|Fantasy|Musical|Romance,19042.0,"Charlie and Itchy return to Earth to find Gabriel's Horn, but along the way meet up with a young boy named David, who ran away from home.",/kNmIJILOW9qF2F1Z0qOXkadaS50.jpg,1996-03-29,6.0,"['Romance', 'Animation', 'Family', 'Adventure', 'Fantasy']"
632,Land and Freedom (Tierra y libertad) (1995),Drama|War,38884.0,"David Carr is a British Communist who is unemployed. In 1936, when the Spanish Civil War begins, he decides to fight for the Republican side, a coalition of liberals, communists and anarchists, so he joins the POUM militia and witnesses firsthand the betrayal of the Spanish revolution by Stalin's followers and Moscow's orders.",/u5QRqW0vFYMHFzeQJ4oFgJtu5Xp.jpg,1995-04-07,7.31,"['War', 'Drama', 'History']"
633,Denise Calls Up (1995),Comedy,47449.0,"A group of friends in New York, working away at their PCs and laptops, keep in touch exclusively by phone and fax. They are all too busy to meet face to face. Gale plays matchmaker, by phone, to Jerry and Barbara who, in turn, hit it off beautifully – via phone and fax. Martin gets a telephone call from someone he's never met. It's Denise, with some extraordinary news. Tapping away at his computer all the while, he develops a sort of friendship with Denise – via phone. And so it goes as the friends, tap, tap, tapping away, share news, hopes, and dreams – via phone and fax. Finally Gale has an unfortunate encounter with a phone, Denise has some more news for Martin, and Frank plans a gala New Year's Eve party, but will he answer the door?",/ab8iYcRfEAFwzcrkYP8tJBISX1E.jpg,1995-05-17,6.0,['Comedy']
634,Theodore Rex (1995),Comedy,36259.0,"In an alternate futuristic society, a tough female police detective is paired with a talking dinosaur to find the killer of dinosaurs and other prehistoric animals leading them to a mad scientist bent on creating a new Armageddon.",/fUUbOE91SK4GCpiyftEY5USjCh1.jpg,1995-12-14,3.6,"['Fantasy', 'Science Fiction', 'Family', 'Comedy']"
635,"Family Thing, A (1996)",Comedy|Drama,41852.0,"Earl Pilcher Jr. runs an equipment rental outfit in Arkansas, lives with his wife and kids and parents, and rarely takes off his gimme cap. His mother dies, leaving a letter explaining he's not her natural son, but the son of a Black woman who died in childbirth; plus, he has a half brother Ray, in Chicago, she wants him to visit. Earl makes the trip, initially receiving a cold welcome from Ray and Ray's son, Virgil. His birth mother's sister, Aunt T., an aged and blind matriarch, takes Earl in tow and insists that the family open up to him.",/1IHxwmguaeytGo6m0wZaS0s3fP.jpg,1996-03-29,6.4,"['Comedy', 'Drama']"
636,Frisk (1995),Drama,40926.0,"A first person narrative of the exploits of a gay serial killer in deeply disturbing, controversial drama about violence, sexuality, and the imagination. Dennis, the main character, whose lead we follow on this path between what is real and what we can only hope is surreal. His friends attempt to determine if he's truly a psychopath.",/2BsmfL2wr4sAjrsBFePewmslnXO.jpg,1996-03-22,3.9,"['Drama', 'Thriller', 'Comedy']"
637,Sgt. Bilko (1996),Comedy,9099.0,The US army is known for churning out lean mean fighting machines intent on protecting our great nation. Sergeant Ernie Bilko is the leader of a ragtag group of the sorriest soldiers ever to enlist in the armed forces.,/q4zmVdQq35ZBj8uyxsU2RCPOQxo.jpg,1996-03-29,5.9,['Comedy']
638,Jack and Sarah (1995),Romance,2021.0,"Jack always lands on his feet. He lands on his feet when he marries the beautiful Sarah. He lands on his feet when he buys a luxurious new home. However, when Sarah goes into labour, he takes a tumble down the stairs and lands on his head. When he comes around he discovers he is the proud father of a baby girl, but deficient in the spouse department to the tune of 1.",/yWMj1KMfnixB35qa2IZKniHF4sn.jpg,1995-06-02,6.7,"['Comedy', 'Drama', 'Romance']"
639,Girl 6 (1996),Comedy|Drama,61752.0,A struggling actress in New York City takes a job as a phone sex operator.,/1SSYCOTrHucd9aBCyTfbLWcJ2zD.jpg,1996-03-22,5.0,"['Comedy', 'Drama']"
640,Diabolique (1996),Drama|Thriller,10988.0,"The wife and mistress of a cruel school master collaborate in a carefully planned and executed scheme to murder him. The plan goes well until the body, which has been strategically dumped, disappears. The psychological strain starts to weigh on the two women when a retired police investigator begins looking into the man's disappearance on a whim.",/zSW4A35r7Vpz0ainYJGb2QVwCh0.jpg,1996-03-22,5.5,"['Mystery', 'Thriller', 'Horror']"
645,Nelly & Monsieur Arnaud (1995),Drama,12652.0,"Nelly leaves her lazy, unemployed husband to work for retired judge Mr Arnaud, forty years her senior, after he offers to clear her bills for her. While she types his memoirs the two develop a close friendship, but Arnaud becomes jealous when Nelly begins dating his good-looking young publisher.",/87kKTPi9r7YIVrlo9Z42NwTXBVi.jpg,1995-10-18,7.0,"['Drama', 'Romance']"
647,Courage Under Fire (1996),Action|Crime|Drama|War,10684.0,"A US Army officer, who made a ""friendly fire"" mistake that was covered up, has been reassigned to a desk job. He is tasked to investigate a female chopper commander's worthiness to be awarded the Medal of Honor. At first all seems in order. But then he begins to notice inconsistencies between the testimonies of the witnesses...",/vDJurMJkrx049AiXa3DJx5Zx7a4.jpg,1996-07-04,6.54,"['Drama', 'Thriller', 'Mystery', 'War']"
648,Mission: Impossible (1996),Action|Adventure|Mystery|Thriller,954.0,"When Ethan Hunt, the leader of a crack espionage team whose perilous operation has gone awry with no explanation, discovers that a mole has penetrated the CIA, he's surprised to learn that he's the prime suspect. To clear his name, Hunt now must ferret out the real double agent and, in the process, even the score.",/l5uxY5m5OInWpcExIpKG6AR3rgL.jpg,1996-05-22,7.0,"['Adventure', 'Action', 'Thriller']"
649,Cold Fever (Á köldum klaka) (1995),Comedy|Drama,68445.0,A Japanese businessman travels to Iceland and has a series of misadventures while venturing to a remote area to perform a traditional burial ritual where his parents died several years back.,/hFqI4uEViGZWPzebAm0gFs63Ewp.jpg,1995-02-10,6.3,"['Drama', 'Comedy']"
650,Moll Flanders (1996),Drama,18989.0,"The daughter of a thief, young Moll is placed in the care of a nunnery after the execution of her mother. However, the actions of an abusive priest lead Moll to rebel as a teenager, escaping to the dangerous streets of London. Further misfortunes drive her to accept a job as a prostitute from the conniving Mrs. Allworthy. It is there that Moll first meets Hibble, who is working as Allworthy's servant but takes a special interest in the young woman's well-being. With his help, she retains hope for the future, ultimately falling in love with an unconventional artist who promises the possibility of romantic happiness.",/lHVpzsvjLU7qSCB8UWFqIAavSRu.jpg,1996-06-14,6.1,"['Drama', 'Romance']"
653,Dragonheart (1996),Action|Adventure|Fantasy,8840.0,"In an ancient time when majestic fire-breathers soared through the skies, a knight named Bowen comes face to face and heart to heart with the last dragon on Earth, Draco. Taking up arms to suppress a tyrant king, Bowen soon realizes his task will be harder than he'd imagined: If he kills the king, Draco will die as well.",/1J2FvxEoEKMFT9TjUdfhm0MJhZD.jpg,1996-05-31,6.546,"['Fantasy', 'Action', 'Adventure', 'Drama']"
656,Eddie (1996),Comedy,11107.0,"Eddie is a New York limo driver and a fanatical follower of the New York Knicks professional basketball team. The team is struggling with a mediocre record when, in mid-season, ""Wild Bill"" Burgess, the new owner, as a public relations gimmick, stages an 'honorary coach' contest, which Eddie wins. The fans love it, so ""Wild Bill"" fires the coach and hires her. She takes the bunch of overpaid prima",/qIJ4PU6WifgRs8RpiN3LkNYjzlS.jpg,1996-05-31,5.451,"['Action', 'Comedy']"
661,James and the Giant Peach (1996),Adventure|Animation|Children|Fantasy|Musical,10539.0,"When the young orphan boy James spills a magic bag of crocodile tongues, he finds himself in possession of a giant peach that flies him away to strange lands.",/vNEGobe23vW43mSPYVaVaBLP6qV.jpg,1996-04-12,6.6,"['Family', 'Animation', 'Adventure', 'Fantasy']"
662,Fear (1996),Thriller,10543.0,"Nicole Walker always dreamed of being swept away by someone special — someone strong, sexy and sensitive who would care for her more than anything else in the world. David is all that and more: a modern-day knight who charms and seduces her, body and soul. But her perfect boyfriend is not all he seems to be. His sweet facade masks a savage, dark side that will soon transform Nicole's dream into a nightmare.",/ut8snuINzOibbKnvpTnsGWQr4Nl.jpg,1996-04-12,6.596,['Thriller']
663,Kids in the Hall: Brain Candy (1996),Comedy,18414.0,"A pharmaceutical scientist creates a pill that makes people remember their happiest memory, and although it's successful, it has unfortunate side effects.",/j7LYkIa2KC98ZqZmFIjEmtvlv87.jpg,1996-04-02,6.214,['Comedy']
665,Underground (1995),Comedy|Drama|War,11902.0,"A group of Serbian socialists prepares for the war in a surreal underground filled by parties, tragedies, love and hate.",/h8N6y13t4VusrDdH5PzTkwvBvgN.jpg,1995-05-13,7.7,"['Comedy', 'Drama', 'War']"
667,Bloodsport 2 (a.k.a. Bloodsport II: The Next Kumite) (1996),Action,25087.0,"After thief Alex Cardo gets caught while stealing an ancient katana in East Asia, he soon finds himself imprisoned and beaten up by the crowd there. One of the guards, Demon, feels upset by Alex appearance and tortures him as often as he gets the opportunity. Alex finds a friend and mentor in the jailhouse, Master Sun, who teaches him a superior fighting style called Iron Hand. When a 'best of the best kumite' is to take place, Demon gets an invitation. Now Master Sun and Alex need to find a way to let Alex take part in the kumite too.",/4yHbsdHLHapmWaOcOcRShqWbr4s.jpg,1996-03-01,5.4,"['Action', 'Thriller']"
668,Song of the Little Road (Pather Panchali) (1955),Drama,5801.0,"Impoverished priest Harihar Ray leaves his rural Bengal village in search of work. His wife, Sarbojaya, looks after their rebellious daughter, Durga, and young son, Apu. The children enjoy the small pleasures of their difficult life.",/frZj5djlU9hFEjMcL21RJZVuG5O.jpg,1955-08-26,7.811,"['Drama', 'History']"
670,"World of Apu, The (Apur Sansar) (1959)",Drama,896.0,"Apu, now a jobless ex-student dreaming vaguely of a future as a writer, is invited to join an old college friend on a trip up-country to a village wedding.",/6Tz1Q69o2n3Zwb0ZffzPL0nFt2T.jpg,1959-05-01,8.1,['Drama']
671,Mystery Science Theater 3000: The Movie (1996),Comedy|Sci-Fi,3065.0,"Dr. Clayton Forrester figures he can rule the world if he deadens his subjects' brains by making them endure terrible movies. Exploiting his access to nearby satellite-dwellers Mike Nelson and his robot pals, Crow T. Robot and Tom Servo, Forrester makes them watch ""This Island Earth"", a cheesy 1950s spaceship film. But when Mike and friends make funny comments throughout the movie and others that follow, Forrester's plan looks increasingly flimsy.",/tlakU3uwNiUgd7aOlb2RoAsGTnY.jpg,1996-04-19,6.536,"['Comedy', 'Science Fiction']"
673,Space Jam (1996),Adventure|Animation|Children|Comedy|Fantasy|Sci-Fi,2300.0,"With their freedom on the line, the Looney Tunes seek the help of NBA superstar Michael Jordan to win a basketball game against a team of moronic aliens.",/4RN5El3Pj2W4gpwgiAGLVfSJv2g.jpg,1996-11-15,6.809,"['Family', 'Animation', 'Science Fiction', 'Fantasy', 'Comedy']"
674,Barbarella (1968),Adventure|Comedy|Sci-Fi,8069.0,"In the far future, a highly sexual woman is tasked with finding and stopping the evil Durand-Durand. Along the way she encounters various unusual people.",/facTz5BZz4AkJal1FWgjYciekih.jpg,1968-10-10,5.983,"['Science Fiction', 'Adventure', 'Comedy']"
678,Some Folks Call It a Sling Blade (1993),Drama|Thriller,27768.0,"25 years after committing a double murder, Karl Childers is going to be released from an institution for the criminally insane. A local reporter comes to talk to him, and listens in horror about his life leading up to the crime. This is the short film that inspired the full-length ""Sling Blade"".",/zP5jcbckIq4yWzGq6n2TkCPIGIC.jpg,1994-03-26,6.6,"['Drama', 'Thriller']"
679,"Run of the Country, The (1995)",Drama,221917.0,"An Irish lad who fled from his oppressive, widowed father falls for a girl from an affluent family.",/ArlhiYSVjDeJKSl1qfCNdQH3DMW.jpg,1995-09-22,6.2,"['Drama', 'Romance']"
680,"Alphaville (Alphaville, une étrange aventure de Lemmy Caution) (1965)",Drama|Mystery|Romance|Sci-Fi|Thriller,8072.0,"Lemmy Caution is on a mission to eliminate Professor Von Braun, the creator of a malevolent computer that rules the city of Alphaville. Befriended by the scientist’s daughter Natasha, Lemmy must unravel the mysteries of the strictly logical Alpha 60 and teach Natasha the meaning of the word “love.”",/fFJP3D5fJDFxN7ChqSye1DZ0fTL.jpg,1965-05-05,6.9,"['Drama', 'Science Fiction', 'Mystery']"
685,It's My Party (1996),Drama,33245.0,"Nick, a gay, HIV-positive architect, begins to display severe symptoms of AIDS and makes preparations to kill himself before he is unable to function normally. He arranges a party to reconnect and say goodbye to his closest friends and his confused parents. But when his ex-partner, Brandon, a television director who left Nick when he was diagnosed with HIV, shows up, what was supposed to be a celebratory event becomes much more difficult for everyone.",/ltrjg99gc3bA3P5E6WaIbGMxWHS.jpg,1996-03-22,6.1,['Drama']
688,Operation Dumbo Drop (1995),Action|Adventure|Comedy|War,27281.0,"Five Green Berets stationed in Vietnam in 1968 grudgingly undertake the mission of a lifetime -- to secretly transport an 8,000-pound elephant through 200 miles of rough jungle terrain. High jinks prevail when Capt. Sam Cahill promises the Montagnard villagers of Dak Nhe that he'll replace their prized elephant in time for an important ritual. But for Capt. T.C. Doyle, the mission becomes a jumbo-sized headache!",/qIJlpbMCKg9O1C7gaiyDFaUWf9b.jpg,1995-07-28,5.2,"['Action', 'Adventure', 'Comedy', 'Family']"
691,Mrs. Winterbourne (1996),Comedy|Romance,40001.0,"Connie Doyle is eighteen, pregnant and alone. She accidentally ends up on a train where she meets Hugh Winterbourne and his wife pregnant Patricia. The train wrecks and she wakes up in the hospital to find out that it's been assumed that she's Patricia. Hugh's mother takes her in and she falls in love with Hugh's brother Bill. Just when she thinks everything is going her way, her ex-boyfriend shows up.",/ppHqVo9uAFZYMvRm9x0XUtnyQPR.jpg,1996-04-19,7.2,"['Romance', 'Drama']"
692,Solo (1996),Action|Sci-Fi|Thriller,29621.0,"An android fighting-machine is charged with destroying a small brigade of rebels in a Latin American war who are fighting to maintain their freedom and protect their village. Contrary to his programming, Peebles decides to stay and assist the rebels in their plight. Having gained this information, his ""creators"" develop a more powerful android to try and defeat him.",/9qqdpyYVnU5zY5KsTKCIp5gpZoV.jpg,1996-08-23,4.8,"['Action', 'Adventure', 'Science Fiction', 'Thriller']"
694,"Substitute, The (1996)",Action|Crime|Drama,20762.0,"When an inner-city Miami schoolteacher gets her knee broken after standing up to the school's gang leader, her mercenary combat specialist boyfriend goes undercover as a substitute teacher to take down the punk. Soon he discovers a conspiracy of criminals at work, and must reassemble his team from his last jungle raid to stop them.",/7vfzvhPMNauUXrVxVOPEfpOsful.jpg,1996-04-19,6.9,"['Action', 'Crime', 'Drama', 'Thriller']"
695,True Crime (1996),Mystery|Thriller,37144.0,"Mary Giordano is a bright, intelligent student who goes to a catholic school. She also has an addiction to mystery novels and detective magazines, which inspire her to do her own detective work. When she starts snooping around on the case of a murderer of teenage girls, it gets her in hot water with her mentor Detective Jerry Gunn. But it also starts a team up with police cadet Tony Campbell. The two work together to find the murderer. But the closer Mary gets to solving the murder, the more danger she puts herself in of being the next victim.",/nPYe83tWVSwVFRyWa6f5aaE7bbu.jpg,1995-12-01,5.7,"['Crime', 'Mystery', 'Thriller']"
697,Feeling Minnesota (1996),Drama|Romance,12656.0,"Sam Clayton's marriage to ex-stripper Freddie comes about when she's strong-armed into the match by Red, a club proprietor who once did her a favor. But Freddie falls in love with Jjaks, Sam's brother, and the pair tries to escape the situation together. It isn't long before both Sam and Red catch up with them, resulting in threats against the two of them -- although tension also starts to build between Sam and Red.",/fCJ5eUZw6mGS53spQxGUu7rzFm1.jpg,1996-09-13,5.4,"['Comedy', 'Drama', 'Thriller', 'Crime', 'Romance']"
698,Delta of Venus (1995),Drama,38867.0,"A struggling American writer and a fellow American expatriate begin a sordid affair among the chaos and discord of 1940 Paris, France on the brink of World War II.",/j43W5XkXR7u7uVAvfniEXiQ3Bpv.jpg,1995-06-09,4.3,"['Drama', 'Romance']"
700,Angus (1995),Comedy,25969.0,"Angus is a large, pathetic 14-year-old whose thoughts are most often filled with the image of only one girl, Melissa Lefevre. Angus is shy and thinks that he has no chance of ever 'getting' her. Being especially uncool, he is incredibly surprised (along with the rest of the school) that he is chosen to dance with her at the Winter Ball. The only one not surprised is the cool kid who set him up to fail, but Angus' best friend is going to help him win the heart of Melissa by developing a new look for him",/x1Py4TB8Y0Wx9IZ62derpSDqwjd.jpg,1995-09-15,6.6,"['Comedy', 'Drama', 'Family', 'Romance']"
703,Boys (1996),Drama,43634.0,"Fed up with boarding school and frustrated with the way others have planned his life, John Baker Jr. wants a change -- anything to shake up his staid routine. The moment arrives when he stumbles upon a woman, Patty Vare, unconscious in a field. Deciding to risk it, John takes her to his dorm to look after her, much to the disapproval of his friends. John's decision proves fateful as he and Patty grow close to one another. However, she may be keeping secrets from him.",/kxpLUlvqptToQbLZJbQ7YO4MUAe.jpg,1996-05-10,5.3,"['Romance', 'Drama', 'Mystery']"
704,"Quest, The (1996)",Action|Adventure,9103.0,"Ghang-gheng, the ancient winner-take-all competition in which the deadliest fighters from around the world employ the most spectacular feats of martial arts skills ever displayed in order to win the prized Golden Dragon. But fighting prowess alone will not be enough for Chris to triumph over such daunting foes.",/xMDo0ewl6XMZei44UNGMfho6eBq.jpg,1996-04-19,6.2,"['Action', 'Adventure', 'Drama']"
706,Sunset Park (1996),Drama,29649.0,"A white teacher takes over a talented, but undisciplined Black high school basketball team and turns them into winners.",/rkt8cYfOV6vcqlDbut7jak9qaPh.jpg,1996-04-26,6.1,['Drama']
707,Mulholland Falls (1996),Crime|Drama|Thriller,10990.0,"In 1950s Los Angeles, a special crime squad of the LAPD investigates the murder of a young woman.",/tT5rYDXloX5ZxISr8HdlRC9TBcP.jpg,1996-04-26,5.995,"['Drama', 'Mystery', 'Thriller', 'Crime']"
708,"Truth About Cats & Dogs, The (1996)",Comedy|Romance,8866.0,A successful veterinarian and radio show host with low self-esteem asks her model friend to impersonate her when a handsome man wants to see her.,/iECTzpGdAMrkEeoYvuYsCxdmW2G.jpg,1996-04-26,6.1,"['Comedy', 'Romance']"
709,Oliver & Company (1988),Adventure|Animation|Children|Comedy|Musical,12233.0,"Putting its own 'twist' on the story of Oliver Twist, the orange runt of a litter of kittens must fight for survival on the rough streets on New York City, finding unlikely friends in the dogs owned by a down-on-his luck man named Fagin. Soon, Oliver and his new band of comrades must fight for survival when Fagin is unable to pay his debts.",/x8XqdiZ0Oxu5iXF9SiFub9Lae8J.jpg,1988-11-18,6.7,"['Animation', 'Comedy', 'Family']"
710,Celtic Pride (1996),Comedy,23449.0,Two over-loyal Celtic fans kidnap their opponent's star player in order to guarantee their team the championship.,/5P3p9I2ADnTbBdIAl4ZUeUXGuIi.jpg,1996-04-19,5.325,['Comedy']
711,Flipper (1996),Adventure|Children,36355.0,"Sandy Ricks is sent by his mom to Coral Key, a rustic island in the Florida keys, to spend the summer with his uncle Porter Ricks. Sandy dislikes everything about his new environment until a new friend comes into his life, a dolphin named Flipper, that brings uncle and nephew together and leads Sandy on the summer adventure of a lifetime.",/tEtFJvmAOteCsfq3MCB5EXeaC4x.jpg,1996-05-17,5.558,"['Adventure', 'Family']"
714,Dead Man (1995),Drama|Mystery|Western,922.0,"On the run after committing murder, an accountant encounters a strange Native American man who prepares him for his journey into the spiritual world.",/jX3wGBVoYoAY3IixBpwYk1fjT4z.jpg,1995-12-23,7.3,"['Drama', 'Fantasy', 'Western']"
715,"Horseman on the Roof, The (Hussard sur le toit, Le) (1995)",Drama|Romance,11876.0,"In a time of war and disease, a young officer gallantly tries to help a young woman find her husband.",/tsmwnxi8hGXQTNVqBRCAVsfeGON.jpg,1995-09-20,6.507,"['Adventure', 'Romance', 'History', 'Drama']"
718,"Visitors, The (Visiteurs, Les) (1993)",Comedy|Fantasy|Sci-Fi,11687.0,"After a wizard's spell goes awry, 12th-century Gallic knight Godefroy de Papincourt, Count of Montmirail finds himself transported to 1993, along with his dimwitted servant, Jacquouille la Fripouille. Startled and perplexed by modern technology, the duo run amok, destroying cars and causing chaos until they meet Beatrice de Montmirail, an aristocratic descendant of the nobleman, who may be able to help them get back to 1123.",/hPCq0buG5PaXgKjzT2ktjrjlpbj.jpg,1993-01-27,7.122,"['Fantasy', 'Comedy']"
719,Multiplicity (1996),Comedy,9304.0,"Construction worker Doug Kinney finds that the pressures of his working life, combined with his duties to his wife Laura and daughter Jennifer leaves him with little time for himself. However, he is approached by geneticist Dr. Owen Leeds, who offers Doug a rather unusual solution to his problems: cloning.",/rlG2vi85uSEwWigVTtqDecVFTxR.jpg,1996-07-19,5.794,"['Comedy', 'Fantasy', 'Science Fiction', 'Romance']"
720,Wallace & Gromit: The Best of Aardman Animation (1996),Adventure|Animation|Comedy,503475.0,"Anthology of Aardman Animation short films released in theaters in 1996, centered on the new release of the third Wallace & Gromit short, ""A Close Shave.""  Includes: ""A Close Shave,"" ""Creature Comforts"" and ""Heat Electric Commercials"" by Nick Park; ""Rex the Runt: How Dinosaurs Became Extinct"", ""Rex the Runt: Dreams"" and ""Ident"" by Richard Goleszowski; ""Wat's Pig"" and ""My Baby Just Cares For Me"" by Peter Lord; ""Early Bird"" by Peter Lord and David Sproxton; ""Pib and Pog"" directed by Peter Peake",/tWkYclnnChwoMMBFECsEjd5hb77.jpg,1996-06-14,7.6,"['Family', 'Animation', 'Comedy']"
722,"Haunted World of Edward D. Wood Jr., The (1996)",Documentary,73183.0,"Often called the worst director in the history of cinema, Ed Wood is nevertheless a beloved figure among cult-film aficionados for his oddball productions. This documentary takes a look back at Wood's unique career at the margins of 1950s Hollywood, speaking to those who loved him and hated him. Bela Lugosi Jr. discusses his father's work in the abysmal ""Plan 9 From Outer Space,"" while a Baptist reverend recalls how he was tricked into financing the film.",/gWbwYJIRisTiur9aqMQKSHkiGTB.jpg,1996-05-01,7.6,['Documentary']
724,"Craft, The (1996)",Drama|Fantasy|Horror|Thriller,9100.0,"A Catholic school newcomer falls in with a clique of teen witches who wield their powers against all who dare to cross them -- be they teachers, rivals or meddlesome parents.",/8bW2RdRkloYtEPhbQZN4wcdmJP4.jpg,1996-05-03,6.8,"['Horror', 'Drama', 'Fantasy']"
725,"Great White Hype, The (1996)",Comedy,20759.0,"When the champ's promoter, Rev. Sultan, decides something new is needed to boost the marketability of the boxing matches, he searches and finds the only man to ever beat the champ. The problem is that he isn't a boxer anymore and he's white. However, once Rev. Sultan convinces him to fight, he goes into heavy training while the confident champ takes it easy and falls out of shape.",/yEPiu0mC4NqMHOoFLsC6CxQW34d.jpg,1996-05-03,5.2,['Comedy']
726,Last Dance (1996),Drama,46063.0,"Upon taking a new job, young lawyer Rick Hayes is assigned to the clemency case of Cindy Liggett, a woman convicted of first degree murder and sentenced to death. As Hayes investigates the background for her case, the two begin to form a deep friendship, while all the while the date for her execution draws nearer.",/hsMe9TYfPs1VfpZs9xVLZBVGcES.jpg,1996-05-02,5.6,"['Drama', 'Crime']"
728,Cold Comfort Farm (1995),Comedy,32513.0,"In this adaptation of the satirical British novel, Flora Poste, a plucky London society girl orphaned at age 19, finds a new home with some rough relatives, the Starkadders of Cold Comfort Farm. With a take-charge attitude and some encouragement from her mischievous friend, Mary, Flora changes the Starkadders' lives forever when she settles into their rustic estate, bringing the backward clan up to date and finding inspiration for her novel in the process.",/fkPm7MQhn3YqcRDM9qFDKNHiw7D.jpg,1995-01-01,6.791,"['Comedy', 'Romance']"
731,Heaven's Prisoners (1996),Crime|Thriller,36915.0,"A hardened New Orleans cop, Dave Robicheaux, finally tosses in the badge and settles into life on the bayou with his wife. But a bizarre plane crash draws him back into the fray when his family is viciously threatened.",/yUWVNHA3dVc1CmxNIcXZWqbqWc8.jpg,1996-05-17,5.3,"['Drama', 'Mystery', 'Thriller']"
733,"Rock, The (1996)",Action|Adventure|Thriller,9802.0,"When vengeful General Francis X. Hummel seizes control of Alcatraz Island and threatens to launch missiles loaded with deadly chemical weapons into San Francisco, only a young FBI chemical weapons expert and notorious Federal prisoner have the skills to penetrate the impregnable island fortress and take him down.",/eBcoxveWzzXQrCrwWMGAROcqgpP.jpg,1996-06-07,7.141,"['Action', 'Adventure', 'Thriller']"
735,Cemetery Man (Dellamorte Dellamore) (1994),Horror,21588.0,Francesco Dellamorte  is the groundskeeper at a cemetery where the dead just won’t stay dead—and it’s up to him to deal with those who come back to life with a hunger for human flesh. But Dellamorte’s job soon becomes much more complicated when he falls for an enigmatic young woman whose husband has recently died.,/cI5AV3jCuxmoQp0N7Z16SI2b7Xk.jpg,1994-03-25,6.9,"['Comedy', 'Horror']"
736,Twister (1996),Action|Adventure|Romance|Thriller,664.0,"An unprecedented series of violent tornadoes is sweeping across Oklahoma. Tornado chasers, headed by Dr. Jo Harding, attempt to release a groundbreaking device that will allow them to track them and create a more advanced warning system. They are joined by Jo's soon to be ex-husband Bill, a former tornado chaser himself, and his girlfriend Melissa.",/d4ie3f6QTvNw40V770Uzo87SDZn.jpg,1996-05-10,6.549,"['Action', 'Adventure', 'Drama']"
737,Barb Wire (1996),Action|Sci-Fi,11867.0,"A sexy nightclub owner, Barb Wire moonlights as a mercenary in Steel Harbor, one of the last free zones in the now fascist United States. When scientist Cora Devonshire wanders into Barb's establishment, she gets roped into a top-secret government plot involving biological weapons. Soon Barb is reunited with her old flame Axel Hood, who is now Cora's husband and a guerrilla fighter, resulting in plenty of tense action.",/eACq1joafhQTD12gGXNS13J06B.jpg,1996-05-02,4.121,"['Science Fiction', 'Action', 'Adventure']"
741,Ghost in the Shell (Kôkaku kidôtai) (1995),Animation|Sci-Fi,9323.0,"In the year 2029, the barriers of our world have been broken down by the net and by cybernetics, but this brings new vulnerability to humans in the form of brain-hacking. When a highly-wanted hacker known as 'The Puppetmaster' begins involving them in politics, Section 9, a group of cybernetically enhanced cops, are called in to investigate and stop the Puppetmaster.",/9gC88zYUBARRSThcG93MvW14sqx.jpg,1995-11-18,7.928,"['Action', 'Animation', 'Science Fiction']"
742,Thinner (1996),Horror|Thriller,10280.0,"An obese lawyer finds himself growing ""Thinner"" when an old Romani man places a hex on him. Now the lawyer must call upon his friends in organized crime to help him persuade the old man to lift the curse. Time is running out for the desperate lawyer as he draws closer to his own death, and grows ever thinner.",/nXqHqsQXA0jJpCaUsyre1Yw18oV.jpg,1996-10-25,5.881,"['Fantasy', 'Horror']"
743,Spy Hard (1996),Comedy,10535.0,"The evil Gen. Rancor has his sights set on world domination, and only one man can stop him: Dick Steele, also known as Agent WD-40. Rancor needs to obtain a computer circuit for the missile that he is planning to fire, so Steele teams up with Veronique Ukrinsky, a KGB agent whose father designed the chip. Together they try to locate the evil mastermind's headquarters, where Veronique's father and several other hostages are being held.",/yoegp9XEG4YCbJJKR0wvm0BGYpG.jpg,1996-05-24,5.416,"['Comedy', 'Action']"
745,Wallace & Gromit: A Close Shave (1995),Animation|Children|Comedy,532.0,"Wallace's whirlwind romance with the proprietor of the local wool shop puts his head in a spin, and Gromit is framed for sheep-rustling in a fiendish criminal plot.",/qdIR27trLyrlJ5nmkbcG3Bomah6.jpg,1996-03-07,7.6,"['Family', 'Animation', 'Comedy']"
747,"Stupids, The (1996)",Comedy,16299.0,"An incredibly dull-witted family unknowingly stumble upon an illegal weapons deal while on the trail of their ""stolen"" garbage.",/uR0EPkE66y2DU21NOZAu6xtfpQL.jpg,1996-08-08,4.8,"['Comedy', 'Family']"
748,"Arrival, The (1996)",Action|Sci-Fi|Thriller,10547.0,"Zane Ziminski is an astrophysicist who receives a message that seems to have extraterrestrial origins. Eerily soon after his discovery, Zane is fired. He then embarks on a search to determine the origins of the transmission that leads him into a Hitchcockian labyrinth of paranoia and intrigue.",/3051CM0SZfZJ3oOJG8P0YERQl1w.jpg,1996-05-31,6.0,"['Science Fiction', 'Thriller', 'Horror']"
750,Dr. Strangelove or: How I Learned to Stop Worrying and Love the Bomb (1964),Comedy|War,935.0,"After the insane General Jack D. Ripper initiates a nuclear strike on the Soviet Union, a war room full of politicians, generals and a Russian diplomat all frantically try to stop it.",/6x7MzQ6BOMlRzam1StcmPO9v61g.jpg,1964-01-29,8.123,"['Comedy', 'War']"
757,Ashes of Time (Dung che sai duk) (1994),Drama,40751.0,"Ouyang Feng is a heartbroken and cynical man who spends his days in the desert, connecting expert swordsmen with those seeking revenge and willing to pay for it. Throughout five seasons in exile, Ouyang spins tales of his clients' unrequited loves and unusual acts of bravery.",/ciyEwAbvoMHPP3281cgSnfslu43.jpg,1994-09-17,7.047,"['Drama', 'Action']"
759,Maya Lin: A Strong Clear Vision (1994),Documentary,85778.0,A film about the work of the artist most famous for her monuments such as the Vietnam Memorial Wall and the Civil Rights Fountain Memorial.,/fqYvHdWNV84yF7zPV3ENHOZ2Jow.jpg,1995-11-10,7.0,['Documentary']
760,Stalingrad (1993),Drama|War,11101.0,"A German Platoon is explored through the brutal fighting of the Battle of Stalingrad. After half of their number is wiped out and they're placed under the command of a sadistic captain, the platoon lieutenant leads his men to desert. The platoon members attempt escape from the city, now surrounded by the Soviet Army.",/rB78VDAOK94KJWp9ofgE3GSQEor.jpg,1993-01-20,7.3,"['Drama', 'History', 'War']"
761,"Phantom, The (1996)",Action|Adventure,9826.0,The 21st successor to the role of Bengalla's resident superhero must travel to New York to prevent a rich madman from obtaining three magic skulls that would give him the secret to ultimate power.,/8k8RSMkmGR9Lp6FbKtithM3KIQb.jpg,1996-06-06,5.3,"['Adventure', 'Action']"
762,Striptease (1996),Comedy|Crime,9879.0,"Bounced from her job, Erin Grant needs money if she's to have any chance of winning back custody of her child. But, eventually, she must confront the naked truth: to take on the system, she'll have to take it all off. Erin strips to conquer, but she faces unintended circumstances when a hound dog of a Congressman zeroes in on her and sharpens the shady tools at his fingertips, including blackmail and murder.",/4zMy6R7acotCmGoDk4sjzRtDwKn.jpg,1996-06-28,5.5,"['Comedy', 'Crime', 'Drama']"
764,Heavy (1995),Drama|Romance,22621.0,"Victor is a cook who works in a greasy roadside restaurant owned by his mother, Dolly. It's just the two of them, a waitress named Delores, and a heavy drinking regular, Leo. But things change when Callie, a beautiful college dropout, shows up as a new waitress and steals Victor's heart. But Victor is too shy to do anything about it, and too self-consciously overweight to dream of winning Callie away.",/xo2KsY7hOHDqpgYlDStL56zmgaq.jpg,1995-12-29,6.6,"['Drama', 'Romance']"
765,Jack (1996),Comedy|Drama,7095.0,"Born with a rare condition that makes him age four times faster than normal, ten-year-old Jack Powell looks like a forty-year-old man. After years of homeschooling, he enters public school for the first time, eager to make friends and live like any other kid—only to discover that growing up too fast means learning some of life’s hardest lessons early.",/9W6UI8UQ4YdLCAaPFd0lcKJ1tX4.jpg,1996-08-09,6.3,"['Comedy', 'Family', 'Drama']"
766,I Shot Andy Warhol (1996),Drama,26890.0,"Based on the true story of Valerie Solanas who was a 1960s radical preaching hatred toward men in her ""Scum"" manifesto. She wrote a screenplay for a film that she wanted Andy Warhol to produce, but he continued to ignore her. So she shot him. This is Valerie's story.",/eF4iTAjunicLQyc6AdF7JNwSBOC.jpg,1996-05-01,6.1,['Drama']
773,Touki Bouki (1973),Drama,77771.0,"Mory, a cowherd, and Anta, a university student, try to make money in order to go to Paris and leave their boring past behind.",/kcBYKHyg9GcQqa6DWq0AuQDhtPI.jpg,1973-05-10,6.65,"['Drama', 'Romance']"
775,Spirits of the Dead (1968),Horror|Mystery,41225.0,"Anthology film from three European directors based on stories by Edgar Allan Poe: a cruel countess haunted by a ghostly horse, a sadistic young man haunted by his double, and an alcoholic actor haunted by the Devil.",/9HmCwfPG7URPSXSrmEAFN65VoWE.jpg,1968-05-16,6.245,"['Horror', 'Mystery', 'Drama']"
778,Trainspotting (1996),Comedy|Crime|Drama,627.0,"Heroin addict Mark Renton stumbles through bad ideas and sobriety attempts with his unreliable friends --Sick Boy, Begbie, Spud and Tommy. He also has an underage girlfriend, Diane, along for the ride. After cleaning up and moving from Edinburgh to London, Mark finds he can't escape the life he left behind as Begbie and Sick Boy come knocking.",/y0HmDV0bZDTtXWHqqYYbT9XoshB.jpg,1996-02-23,7.958,"['Drama', 'Crime']"
779,'Til There Was You (1997),Drama|Romance,32872.0,"Two strangers, whose paths are always crossing, finally meet when fate steps in. It took them twenty years to fall in love at first sight.",/ndbW89bKquf5gMXgncY2fCkrIa.jpg,1997-05-30,3.8,"['Comedy', 'Romance']"
780,Independence Day (a.k.a. ID4) (1996),Action|Adventure|Sci-Fi|Thriller,602.0,"Strange phenomena surface around the globe. The skies ignite. Terror races through the world's major cities. As these extraordinary events unfold, it becomes increasingly clear that a force of incredible magnitude has arrived. Its mission: total annihilation over the Fourth of July weekend. The last hope to stop the destruction is an unlikely group of people united by fate and unimaginable circumstances.",/p0BPQGSPoSa8Ml0DAf2mB2kCU0R.jpg,1996-06-25,6.901,"['Action', 'Adventure', 'Science Fiction']"
781,Stealing Beauty (1996),Drama,14553.0,"Lucy Harmon, an American teenager is arriving in the lush Tuscan countryside to be sculpted by a family friend who lives in a beautiful villa. Lucy visited there four years earlier and exchanged a kiss with an Italian boy with whom she hopes to become reacquainted.",/5ugxnyVmBK952bwOcE4M0szNimx.jpg,1996-03-29,6.7,"['Drama', 'Romance']"
782,"Fan, The (1996)",Drama|Thriller,9566.0,"When the San Francisco Giants pay center-fielder, Bobby Rayburn $40 million to lead their team to the World Series, no one is happier or more supportive than #1 fan, Gil Renard.  When Rayburn becomes mired in the worst slump of his career, the obsessed Renard decides to stop at nothing to help his idol regain his former glory—not even murder.",/lu7CjP8YES5dJMCFg5O9o9jCkjl.jpg,1996-08-15,6.008,"['Thriller', 'Action', 'Drama']"
783,"Hunchback of Notre Dame, The (1996)",Animation|Children|Drama|Musical|Romance,10545.0,"Isolated bell-ringer Quasimodo wishes to leave Notre Dame tower against the wishes of Judge Claude Frollo, his stern guardian and Paris' strait-laced Minister of Justice. His first venture to the outside world finds him Esmeralda, a kind-hearted and fearless Romani woman who openly stands up to Frollo's tyranny.",/hImMgT9B27evYSRmfztqdDtX6qi.jpg,1996-06-21,7.1,"['Drama', 'Animation', 'Family']"
784,"Cable Guy, The (1996)",Comedy|Thriller,9894.0,"When recently single Steven moves into his new apartment, cable guy Chip comes to hook him up—and doesn't let go. Initially, Chip is just overzealous in his desire to be Steven's pal, but when Steven tries to end the 'friendship', Chip shows his dark side. He begins stalking Steven, who's left to fend for himself because no one else can believe Chip's capable of such behaviour.",/YJt9l3RdrRohI95btQKPXwpdii.jpg,1996-06-10,5.995,"['Comedy', 'Drama', 'Thriller']"
785,Kingpin (1996),Comedy,11543.0,"After bowler Roy Munson swindles the wrong crowd and is left with a hook for a hand, he settles into impoverished obscurity. That is, until he uncovers the next big thing: an Amish kid named Ishmael. So, the corrupt and the hopelessly naive hit the circuit intent on settling an old score with Big Ern.",/lVpejjxzBujSjLpxQ7hGe1s0wP2.jpg,1996-07-04,6.537,['Comedy']
786,Eraser (1996),Action|Drama|Thriller,9268.0,A Witness Protection specialist becomes suspicious of his co-workers when dealing with a case involving high-tech weapons.,/uu2gBpFElDfxTI6BI9bT4pZ4kvw.jpg,1996-06-21,6.082,"['Action', 'Mystery', 'Thriller']"
788,"Nutty Professor, The (1996)",Comedy|Fantasy|Romance|Sci-Fi,9327.0,"When beautiful Carla Purty joins the university faculty, genetic professor Dr. Sherman Klump grows desperate to whittle his 400-pound frame down to size and win her heart. So, with one swig of his experimental fat-reducing serum, Sherman becomes 'Buddy Love', a fast-talking, pumped-up, plumped down Don Juan.",/fMtb5aZoLRNbMnCkatFsTmPRfl5.jpg,1996-06-28,5.6,"['Fantasy', 'Comedy', 'Romance', 'Science Fiction']"
790,"Unforgettable Summer, An (Un été inoubliable) (1994)",Drama,81949.0,"In 1925 Romania, young Marie-Therese Von Debretsy refuses the flirtatious advances of her husband's commanding officer. As a result, the cosmopolitan family is reassigned to a brutally bleak and dangerous outpost on the Bulgarian/Romanian frontier where both their relationship and humanity are severely tested.",/aQeuQzrl1bU4lSz7qklkJEnZTAx.jpg,1994-06-15,5.9,"['Drama', 'Romance', 'War']"
791,"Last Klezmer: Leopold Kozlowski, His Life and Music, The (1994)",Documentary,,,,,,[]
795,Somebody to Love (1994),Drama,44535.0,"Mercedes is a taxi dancer who wants to be an actress. She's involved with the married Harry, who considers himself a respected actor. Ernesto is in love with Mercedes, but he doesn't dance or have money.",/9ShSfdYCbDoPtgZpZ1MbkrexuIQ.jpg,1994-09-27,5.0,"['Comedy', 'Drama']"
798,Daylight (1996),Action|Adventure|Drama|Thriller,11228.0,A group of armed robbers fleeing the police head for the New Jersey Tunnel and run right into trucks transporting toxic waste. The spectacular explosion that follows results in both ends of the tunnel collapsing and the handful of people who survived the explosion are now in peril. Kit Latura is the only man with the skill and knowledge to lead the band of survivors out of the tunnel before the structure collapses.,/bRWNxtm3q0QvIIM52uQqRIEvpl2.jpg,1996-12-06,6.122,"['Action', 'Adventure', 'Thriller']"
799,"Frighteners, The (1996)",Comedy|Horror|Thriller,10779.0,"Once an architect, Frank Bannister now passes himself off as an exorcist of evil spirits. To bolster his facade, he claims his ""special"" gift is the result of a car accident that killed his wife. But what he does not count on is more people dying in the small town where he lives. As he tries to piece together the supernatural mystery of these killings, he falls in love with the wife of one of the victims and deals with a crazy FBI agent.",/zcJbCMwFLJdn5OLjhYwMVaSB32R.jpg,1996-07-19,6.922,"['Horror', 'Comedy']"
800,Lone Star (1996),Drama|Mystery|Western,26748.0,"When the skeleton of his murdered predecessor is found, Sheriff Sam Deeds unearths many other long-buried secrets in his Texas border town.",/lBxY8znsRoqa9Dy2NCe8I6GPsRm.jpg,1996-06-21,7.026,"['Drama', 'Mystery', 'Romance']"
801,Harriet the Spy (1996),Children|Comedy,38223.0,"When the secret notebook of a young girl who fancies herself a spy is found by her friends, her speculations make her very unpopular! Can she win her friends back?",/spTUUMgIVm4gOdWL35IoYWEuZQl.jpg,1996-07-10,6.0,"['Comedy', 'Drama', 'Family']"
802,Phenomenon (1996),Drama|Romance,9294.0,"An ordinary man sees a bright light descend from the sky, and discovers he now has super-intelligence and telekinesis.",/p4CGc4HxuMCDoYC3yVsdAMQDzGo.jpg,1996-07-05,6.5,"['Drama', 'Romance', 'Fantasy']"
803,Walking and Talking (1996),Comedy|Drama|Romance,49963.0,"Just as Amelia thinks she's over her anxiety and insecurity, her best friend announces her engagement, bringing her anxiety and insecurity right back.",/m8JMJQUfGwGt7gse8aoduAcTYE.jpg,1996-07-17,5.982,"['Comedy', 'Drama', 'Romance']"
804,She's the One (1996),Comedy|Romance,11363.0,"Mickey, a free-spirited New York cabbie, and Francis, a materialistic Wall Street stockbroker, are extremely competitive and confused about women as a result of their father's influence. They disagree on everything, but they have one thing in common: Mickey's ex-fiance Heather is Francis's secret love. Although both brothers are already married, Heather triggers their longtime sibling rivalry.",/wNd6qM8Qa8tLFOiUOiEivh0qBkH.jpg,1996-08-26,5.5,"['Romance', 'Comedy']"
805,"Time to Kill, A (1996)",Drama|Thriller,1645.0,"A young lawyer defends a black man accused of murdering two white men who raped his 10-year-old daughter, sparking a rebirth of the KKK.",/w8UCke112E9jrhjKcwG32kyhTx5.jpg,1996-07-24,7.389,"['Crime', 'Drama', 'Thriller']"
806,American Buffalo (1996),Crime|Drama,31546.0,Three inner-city losers plan a robbery of a valuable coin in a seedy second-hand junk shop.,/tkIMquxwzMzZUrnAv43e3w0eX0F.jpg,1996-09-13,5.4,"['Drama', 'Crime']"
808,Alaska (1996),Adventure|Children,36344.0,"Jake Barnes and his two kids, Sean and Jessie, have moved to Alaska after his wife died. He is a former airline pilot now delivering toilet paper across the mountains. During an emergency delivery in a storm his plane goes down somewhere in the mountains. Annoyed that the authorities aren't doing enough, Jessie and Sean set out on an adventure to find their father with the help of a polar bear which they have saved from a ferocious poacher. Conflict ensues.",/8TtnhRd4ls1xWzz3h9F5AyJuxil.jpg,1996-08-14,5.836,"['Family', 'Drama', 'Adventure']"
809,Fled (1996),Action|Adventure,18550.0,"During a routine prison work detail, convict Piper is chained to Dodge, a cyberhacker, when gunfire breaks out. Apparently, the attack is related to stolen money that the Mafia is after, and some computer files that somebody wants desperately to bury. The pair, who don't exactly enjoy each other's company, escape and must work together if they are to reach Atlanta alive. Luckily, they meet a woman who may be willing to help them.",/5oGdTgWXCOKerrfdBxJrOlFyifL.jpg,1996-07-19,5.6,['Action']
810,Kazaam (1996),Children|Comedy|Fantasy,11511.0,"When Max fools a gang of local toughs, he finds himself in big trouble. Fleeing from the thugs, Max runs into an old warehouse and bumps into a boom box. By doing that, he manages to release Kazaam, a genie who has been held captive for thousands of years.",/k6kXq27UVxf7zGCWSvygYYIp9eP.jpg,1996-07-17,4.1,"['Fantasy', 'Comedy', 'Family']"
813,Larger Than Life (1996),Comedy,34170.0,"Motivational Speaker Jack Corcoran is determined to get his career off the ground, but the biggest gigs he can get are the ones nobody wants. One day, he receives a telegram that his circus clown father has passed away and left a ""huge"" inheritance: an elephant that was his father's pride and joy. His main intention to sell the pachyderm off, Jack must choose between loud and rude zookeeper Mo or attractive animal show owner Terry. As the two trek through the country Jack and the elephant develop a bond, and it changes his approach to life for the better.",/jdpEVxE5IUQv1qEBxWcQM49qDF9.jpg,1996-07-26,5.5,"['Comedy', 'Family']"
818,"Very Brady Sequel, A (1996)",Comedy,12606.0,"A man claiming to be Carol Brady's long-lost first husband, Roy Martin, shows up at the suburban Brady residence one evening. An impostor, the man is actually determined to steal the Bradys' familiar horse statue, a $20-million ancient Asian artifact.",/7xqOkzAQvXCLkDtmlWU6HZnOhru.jpg,1996-08-23,5.781,"['Family', 'Comedy']"
823,"Collector, The (La collectionneuse) (1967)",Drama,4837.0,"A bombastic, womanizing art dealer and his painter friend go to a seventeenth-century villa on the Riviera for a relaxing summer getaway. But their idyll is disturbed by the presence of the bohemian Haydée, accused of being a “collector” of men.",/rMVluFrpfeCtcCUtDkjklbBirry.jpg,1967-03-02,6.9,"['Drama', 'Romance']"
824,Kaspar Hauser (1993),Drama|Mystery,12632.0,"In May 1828, a feral boy aged around 16 was found in Nuremberg. Kaspar Hauser, as he is called, can only speak a few indistinct words and knows nothing about his origins or family. The film depicts the - presumed - circumstances under which Hauser was held captive in complete isolation in a hiding place from infancy onwards. From this emerges the picture of an intrigue involving high circles of aristocratic society. Five years after his liberation, in December 1833, Kaspar Hauser died as a result of a stab wound inflicted by an unknown perpetrator.",/7gA2f8X9bim0905iC5NMXCJh7OS.jpg,1993-09-11,6.1,['Drama']
828,"Adventures of Pinocchio, The (1996)",Adventure|Children,18975.0,"One of puppet-maker Geppetto's creations comes magically to life. This puppet, Pinocchio, has one major desire and that is to become a real boy someday. In order to accomplish this goal he has to learn to act responsibly. This film shows you the adventures on which he learns valuable lessons.",/rGPFPkUmPam6arT22ey8jWpKzL2.jpg,1996-07-26,5.3,"['Family', 'Fantasy', 'Adventure', 'Drama']"
829,Joe's Apartment (1996),Comedy|Fantasy|Musical,11962.0,"A nice guy has just moved to New York and discovers that he must share his run-down apartment with a couple thousand singing, dancing cockroaches.",/a06jrMRurcq7sYdhFK2LNs8bRt8.jpg,1996-07-26,5.808,"['Comedy', 'Fantasy']"
830,"First Wives Club, The (1996)",Comedy,2925.0,"After years of helping their hubbies climb the ladder of success, three mid-life Manhattanites have been dumped for a newer, curvier model. But the trio is determined to turn their pain into gain. They come up with a cleverly devious plan to hit their exes where it really hurts - in the wallet!",/2ApifgYnfdJUSmCKzTBrWOYYWsn.jpg,1996-09-20,6.708,['Comedy']
832,Ransom (1996),Crime|Thriller,3595.0,"When a rich man's son is kidnapped, he cooperates with the police at first but then tries a unique tactic against the criminals.",/4nmOA5ZOY2VlHzwSlKY03sF2JUz.jpg,1996-11-08,6.668,"['Action', 'Thriller']"
833,High School High (1996),Comedy,9308.0,"Richard Clark has just left the well-known Wellington Academy to teach at Marion Barry High School. Now, he will try to inspire the D-average students into making good grades and try to woo a fellow teacher.",/rVaKt2stFzTfae2VEuTz3hlF3yC.jpg,1996-10-25,5.5,"['Comedy', 'Crime', 'Romance']"
835,Foxfire (1996),Drama,18555.0,The story of five teenage girls who form an unlikely bond after beating up a teacher who has sexually harassed them. They build a solid friendship but their wild ways begin to get out of control.,/ywrSScJT43HerqWPlMu8nigLFzg.jpg,1996-08-23,6.0,"['Action', 'Drama', 'Thriller']"
836,Chain Reaction (1996),Action|Adventure|Thriller,12123.0,"At the University of Chicago, a research team that includes brilliant student machinist Eddie Kasalivich experiences a breakthrough: a stable form of fusion that may lead to a waste-free energy source. However, a private company wants to exploit the technology, so Kasalivich and physicist Dr. Lily Sinclair are framed for murder, and the fusion device is stolen. On the run from the FBI, they must recover the technology and exonerate themselves.",/4ahjVHwXXsq5zK57ds8FwWY73MS.jpg,1996-08-02,5.805,"['Thriller', 'Action', 'Science Fiction']"
837,Matilda (1996),Children|Comedy|Fantasy,10830.0,"Matilda Wormwood is an brilliant and intelligent little girl. Unfortunately, her parents, Harry and Zinnia, fail to see that fact. As time passes, she finally starts school and has a kind teacher, loyal friends, and a terrifying, sadistic headmistress. As she becomes fed up with the constant cruelty, she discovers she has a special gift that she just might be able to use to outwit the unruly adults around her.",/wYoDpWInsBEVSmWStnRH06ddoyk.jpg,1996-08-02,7.174,"['Comedy', 'Family', 'Fantasy']"
838,Emma (1996),Comedy|Drama|Romance,3573.0,"Emma Woodhouse is a congenial young lady who delights in meddling in other people’s affairs. She is perpetually trying to unite men and women who are utterly wrong for each other. Despite her interest in romance, Emma is clueless about her own feelings, and her relationship with gentle Mr. Knightley.",/fM5goQ6c3uq3hzNJj3ZAFfTFkX9.jpg,1996-08-02,6.606,"['Romance', 'Comedy', 'Drama']"
839,"Crow: City of Angels, The (1996)",Action|Thriller,10546.0,"A murder victim is brought back to life by a mysterious crow. With the help of a beautiful woman, he exacts revenge on his killers – only to realize his enemy has discovered the one weakness that can destroy him forever.",/ppOoLiO2JY0BJQdixs08xrQuAA6.jpg,1996-08-29,5.497,"['Action', 'Fantasy', 'Thriller']"
840,House Arrest (1996),Children|Comedy,18862.0,"High-schooler Grover Beindorf and his younger sister Stacy decide that their parents, Janet and Ned, are acting childishly when they decide to divorce after 18 years of marriage, so they lock them up in the basement until they'll sort out their problems.",/mpQg8IgbmrMY0skgpTXBA9EhiWy.jpg,1996-08-14,5.3,"['Comedy', 'Family']"
841,"Eyes Without a Face (Yeux sans visage, Les) (1959)",Horror,31417.0,"Dr. Génessier is riddled with guilt after an accident that he caused disfigures the face of his daughter, the once beautiful Christiane, who outsiders believe is dead. Dr. Génessier, along with accomplice and laboratory assistant Louise, kidnaps young women and brings them to the Génessier mansion. After rendering his victims unconscious, Dr. Génessier removes their faces and attempts to graft them on to Christiane's.",/8y7Z9Gvcq52uOlJlUWyn2epGGRd.jpg,1960-01-11,7.6,"['Drama', 'Horror', 'Thriller']"
842,Tales from the Crypt Presents: Bordello of Blood (1996),Comedy|Horror,9431.0,"Private eye Rafe Guttman is hired by repressed, born-again Katherine to find her missing bad-boy brother. The trail leads him to a whorehouse run by a thousand-year-old vampire and secretly backed by Katherine's boss, televangelist Jimmy Current.",/aKkUQ0Zd9TFlqfcMMHFKQBB15wZ.jpg,1996-08-16,5.9,"['Horror', 'Comedy']"
848,"Spitfire Grill, The (1996)",Drama,47907.0,"Percy, upon being released from prison, goes to the small town of Gillead, to find a place where she can start over again. She is taken in by Hannah, to help out at her place, the Spitfire Grill. Percy brings change to the small town, stirring resentment and fear in some, and growth in others.",/8msETDMD6sxIkN3YtIFbCy23CBP.jpg,1996-08-23,6.4,"['Comedy', 'Drama']"
849,Escape from L.A. (1996),Action|Adventure|Sci-Fi|Thriller,10061.0,Into the 9.6-quaked Los Angeles of 2013 comes Snake Plissken. His job: wade through L.A.'s ruined landmarks to retrieve a doomsday device.,/3L9lL2eUsmLNNfENPwNOc82Hzpw.jpg,1996-08-09,5.876,"['Action', 'Science Fiction', 'Thriller', 'Adventure']"
851,Basquiat (1996),Drama,549.0,"The brief life of Jean Michel Basquiat, a world renowned New York street artist struggling with fame, drugs and his identity.",/gFfVhN8BbgHhMb3ZNQRAH5xc7kq.jpg,1996-08-09,6.6,"['Drama', 'History']"
852,Tin Cup (1996),Comedy|Drama|Romance,10478.0,A washed up golf pro working at a driving range tries to qualify for the US Open in order to win the heart of his succesful rival's girlfriend.,/rB7OvMmjcBFoogleORaUqrRgp8g.jpg,1996-08-16,6.056,"['Drama', 'Romance', 'Comedy']"
858,"Godfather, The (1972)",Crime|Drama,238.0,"Spanning the years 1945 to 1955, a chronicle of the fictional Italian-American Corleone crime family. When organized crime family patriarch, Vito Corleone barely survives an attempt on his life, his youngest son, Michael steps in to take care of the would-be killers, launching a campaign of bloody revenge.",/3bhkrj58Vtu7enYsRolD1fZdja1.jpg,1972-03-14,8.686,"['Drama', 'Crime']"
861,Supercop (Police Story 3: Supercop) (Jing cha gu shi III: Chao ji jing cha) (1992),Action|Comedy|Crime|Thriller,11134.0,A Hong Kong detective teams up with his female Red Chinese counterpart to stop a Chinese drug czar.,/wHeJWZDXegVEiBGBfnc7LGffuF6.jpg,1992-07-04,6.903,"['Action', 'Crime', 'Thriller']"
866,Bound (1996),Crime|Drama|Romance|Thriller,9303.0,"Corky, a tough female ex-convict working on an apartment renovation in a Chicago building, meets a couple living next door, Caesar, a paranoid mobster, and Violet, his seductive girlfriend, who is immediately attracted to her.",/9qAy6UWVw44dGrsyKrdEMt5qIUM.jpg,1996-09-13,7.2,"['Drama', 'Thriller', 'Crime']"
867,Carpool (1996),Comedy|Crime,23945.0,"A man with an important business meeting finds himself having to take care of the carpool for the neighborhood school children when his wife gets sick. Stopping to get donuts for the kids, things go even more awry when he finds himself a victim of a robbery. However, the situation only gets worse as a desperate man who had been contemplating a bank robbery robs the robbers and takes the man and the kids hostage in their van as his truck is blocked by an armored car. The thing then proceeds into a comedic chase movie. The father finds his kids don't really respect him and they react better to the robber. The end result is everyone gets a lifestyle change, including the original store owner.",/rYoZR4EtrfziT5WXhZzcNbH5GuE.jpg,1996-08-23,5.2,"['Family', 'Comedy']"
869,Kansas City (1996),Crime|Drama|Musical|Thriller,22479.0,A pair of kidnappings expose the complex power dynamics within the corrupt and unpredictable workings of 1930s Kansas City.,/deD8SAbQYGvzcpRr50HUb9uj8xJ.jpg,1996-08-16,6.1,"['Drama', 'Crime']"
870,Gone Fishin' (1997),Comedy,9054.0,Two fishing fanatics get in trouble when their fishing boat gets stolen while on a trip.,/lGRHE7s2iGgJ0JNO9gxm8BJKelt.jpg,1997-05-30,4.9,['Comedy']
875,Nothing to Lose (1994),Action|Crime|Drama,410921.0,"A young street fighter seeks revenge against a powerful drug lord who killed his entire family. Using of his many special combat skills, he's about to take down a whole criminal operation, reaching his goal whatever the consequences.",/obRFIwQWBieexkUQtZBNROeZTcR.jpg,1994-01-01,3.3,"['Action', 'Crime', 'Drama']"
876,Supercop 2 (Project S) (Chao ji ji hua) (1993),Action|Comedy|Crime|Thriller,38955.0,"As a crime wave sweeps through Hong Kong, the police call Jessica Yang, a rising star in the ranks, to help stop a notorious gang of thieves! What Jessica doesn't realize is that her boyfriend – recently discharged from the force – is the leader of this ruthless crime ring!",/wYGXe2BRIyNX2z7Y6UdQoiw8yfk.jpg,1993-10-21,5.7,"['Action', 'Crime', 'Thriller', 'Comedy']"
879,"Relic, The (1997)",Horror|Thriller,11015.0,A homicide detective teams up with an evolutionary biologist to hunt a giant creature that is killing people in a Chicago museum.,/fAG4nKPUWEIwGBpP38H64GGV8kl.jpg,1997-01-10,6.022,"['Horror', 'Mystery', 'Thriller', 'Science Fiction']"
880,"Island of Dr. Moreau, The (1996)",Sci-Fi|Thriller,9306.0,A plane crash surviving attorney stumbles upon a mysterious island and is shocked to discover that a brilliant scientist and his lab assistant have found a way to combine human and animal DNA—with horrific results.,/hOJeQXve8W9rNRhdgC1WV3GQJyA.jpg,1996-08-23,4.9,"['Science Fiction', 'Horror']"
881,First Kid (1996),Children|Comedy,12559.0,"Some say that to be the leader of a country is one of the loneliest jobs in the world. But being the child of a world leader can be doubly so. Constantly surrounded by security officers, restricted in movements and having almost every waking moment carefully monitored makes normalcy an impossibility. No one knows this better than young Luke Davenport, the son of U.S. President Davenport. He vents his loneliness, frustration and feelings of isolation from family and friends by being a brat to his private Secret Service agent. When the agent snaps from the strain in front of the First Lady, a new agent is assigned to Luke. He turns out to be the enormous Sam Simms, a bit of a rogue who managed to rise through the ranks by sheer determination rather than strict adherence to Secret-Service protocol. At first, Luke tries all his old tricks upon Sam. But instead of getting angry, Sam seems to actually understand.",/t7yTkuXQpnougXmRIqgfT32axZi.jpg,1996-08-30,5.7,"['Comedy', 'Family']"
882,"Trigger Effect, The (1996)",Drama|Thriller,58770.0,"A blackout leaves those affected to consider what is necessary, what is legal, and what is questionable, in order to survive in a predatory environment.",/9LZLXVwhhmkdye4JXoLP06fm5G2.jpg,1996-08-30,5.8,"['Drama', 'Thriller']"
885,Bogus (1996),Children|Drama|Fantasy,3587.0,"Recently orphaned, a young boy is taken in by his godmother who is shocked to realize that she can see the boy's imaginary friend: a flamboyant, French magician named Bogus.",/unp3wg7uzIV3HikMexGQJpO0OHc.jpg,1996-09-06,5.8,"['Fantasy', 'Comedy', 'Family']"
886,Bulletproof (1996),Action|Comedy|Crime,10723.0,"An undercover police officer named Rock Keats befriends a drug dealer and car thief named Archie Moses in a bid to catch the villainous drug lord Frank Coltan. But the only problem is that Keats is a cop, his real name is Jack Carter, and he is working undercover with the LAPD to bust Moses and Colton at a sting operation the LAPD has set up.",/iI7G9YXxodrqkQPKis1y3EKP8wJ.jpg,1996-09-06,5.727,"['Comedy', 'Crime', 'Action']"
888,Land Before Time III: The Time of the Great Giving (1995),Adventure|Animation|Children|Musical,19004.0,"When a sudden shortage of water threatens all life in the great valley, The gang of young dinosaur must cooperate with a group of bullies to make a risky journey outside the valley and find the cause.",/abcJUBDHi6hxibSgm2bxYK1wAZK.jpg,1995-03-16,6.2,"['Animation', 'Adventure', 'Family']"
889,1-900 (06) (1994),Drama|Romance,101230.0,"Sarah, 30, single, well educated, likes art, places a voice ad for phone sex, inviting replies from men under 35, sturdy and sensual. Wilbert, a chubby middle aged architect, leaves a message that he is Thomas, 32 and well formed. A week later, she phones. She likes his voice, he likes her laugh, so once a week she phones him (he's not to know her last name, where she lives, or her number). Portraits emerge of humor and sadness. He presses for details of her life and tells her about his work; she wants these Thursday calls to be fantasy and release, separate from the rest of who she is. The film dramatizes these tensions of lies and truth, connection and distance. Written by",/lSf3TgDjG7gPoAp3lfpOE6mVPjl.jpg,1994-09-01,3.7,"['Drama', 'Romance']"
891,Halloween: The Curse of Michael Myers (Halloween 6: The Curse of Michael Myers) (1995),Horror|Thriller,10987.0,"Six years after being presumed dead in a fire, and just as the town prepares to finally celebrate Halloween again, Michael Myers returns to Haddonfield to continue his reign of terror.",/noCnM8nEI2bEDSdKHh0RKbwBwbC.jpg,1995-09-29,5.15,['Horror']
892,Twelfth Night (1996),Comedy|Drama|Romance,44705.0,"Shakespeare's comedy of gender confusion, in which a girl disguises herself as a man to be near the count she adores, only to be pursued by the woman he loves.",/uMvHIh50LqWJxUK26eYWV10epdq.jpg,1996-10-25,6.9,"['Drama', 'Comedy', 'Romance']"
893,Mother Night (1996),Drama,20318.0,"An American spy behind the lines during WWII serves as a Nazi propagandist, a role he cannot escape in his future life as he can never reveal his real role in the war.",/cJtOHLb96rcLjgLS4FM9fqEKcd6.jpg,1996-11-01,6.595,"['Drama', 'History']"
896,Wild Reeds (Les roseaux sauvages) (1994),Drama,26933.0,"As the Algerian War draws to a close, a teenager with a girlfriend starts feeling homosexual urges for two of his classmates: a country boy, and a French-Algerian intellectual.",/yTBEcAsD8OoIs8thYXl7FZuUXN3.jpg,1994-06-01,7.021,"['Drama', 'Romance']"
897,For Whom the Bell Tolls (1943),Adventure|Drama|Romance|War,27854.0,Spain in the 1930s is the place to be for a man of action like Robert Jordan. There is a civil war going on and Jordan—who has joined up on the side that appeals most to idealists of that era—has been given a high-risk assignment up in the mountains. He awaits the right time to blow up a crucial bridge in order to halt the enemy's progress.,/uoNTHrpeOgIuWsC5Eucx5Sp483D.jpg,1943-07-12,6.5,"['War', 'Romance', 'History', 'Drama', 'Adventure']"
898,"Philadelphia Story, The (1940)",Comedy|Drama|Romance,981.0,"When a rich woman's ex-husband and a tabloid-type reporter turn up just before her planned remarriage, she begins to learn the truth about herself.",/dKUubjvxO78XDts6VP1Ggcp4R9O.jpg,1940-12-05,7.578,"['Comedy', 'Romance']"
899,Singin' in the Rain (1952),Comedy|Musical|Romance,872.0,"In 1927 Hollywood, a silent film star falls for a chorus girl just as he and his paranoid screen partner struggle to make the difficult transition to talking pictures.",/w03EiJVHP8Un77boQeE7hg9DVdU.jpg,1952-04-10,8.132,"['Comedy', 'Romance']"
900,"American in Paris, An (1951)",Musical|Romance,2769.0,"Jerry Mulligan is an exuberant American expatriate in Paris trying to make a reputation as a painter. His friend Adam is a struggling concert pianist who's a long time associate of a famous French singer, Henri Baurel. A lonely society woman, Milo Roberts, takes Jerry under her wing and supports him, but is interested in more than his art.",/lyDXkvG53ldz6Cf7dbjJl7TaoP5.jpg,1951-09-26,7.0,"['Music', 'Romance', 'Comedy']"
901,Funny Face (1957),Comedy|Musical,13320.0,A shy Greenwich Village book clerk is discovered by a fashion photographer and whisked off to Paris where she becomes a reluctant model.,/tzTjalpIz6NyFrWPPlOBFoBjb7z.jpg,1957-02-13,6.985,"['Music', 'Comedy', 'Romance']"
902,Breakfast at Tiffany's (1961),Drama|Romance,164.0,"Holly Golightly is an eccentric New York City playgirl determined to marry a Brazilian millionaire. But when young writer Paul Varjak moves into her apartment building, her past threatens to get in their way.",/79xm4gXw4l7A5D0XukUOJRocFYQ.jpg,1961-10-06,7.6,"['Comedy', 'Romance', 'Drama']"
903,Vertigo (1958),Drama|Mystery|Romance|Thriller,426.0,"A retired San Francisco detective suffering from acrophobia investigates the strange activities of an old friend's wife, all the while becoming dangerously obsessed with her.",/15uOEfqBNTVtDUT7hGBVCka0rZz.jpg,1958-05-09,8.1,"['Mystery', 'Romance', 'Thriller']"
904,Rear Window (1954),Mystery|Thriller,567.0,A wheelchair-bound photographer spies on his neighbors from his apartment window and becomes convinced one of them has committed murder.,/ILVF0eJxHMddjxeQhswFtpMtqx.jpg,1954-08-01,8.34,"['Thriller', 'Mystery']"
905,It Happened One Night (1934),Comedy|Romance,3078.0,A runaway heiress makes a deal with the rogue reporter trailing her but the mismatched pair end up stuck with each other when their bus leaves them behind.,/2PNUGWAflH6UUumas0POMmokHlc.jpg,1934-02-22,7.818,"['Comedy', 'Romance']"
906,Gaslight (1944),Drama|Thriller,13528.0,A newlywed fears she's going mad when strange things start happening at the family mansion.,/gXKszCl5Q1KrgWRWpPcqn94CP58.jpg,1944-05-04,7.526,"['Thriller', 'Drama', 'Mystery', 'Crime']"
907,"Gay Divorcee, The (1934)",Comedy|Musical|Romance,28288.0,"Seeking a divorce from her absentee husband, Mimi Glossop travels to an English seaside resort. There she falls in love with dancer Guy Holden, whom she later mistakes for the corespondent her lawyer hired.",/xD6oUOAa0Q6PppaOnY6dy6sWPLG.jpg,1934-10-12,6.9,"['Comedy', 'Romance']"
908,North by Northwest (1959),Action|Adventure|Mystery|Romance|Thriller,213.0,"Advertising man Roger Thornhill is mistaken for a spy, triggering a deadly cross-country chase.",/kNOFPQrel9YFCVzI0DF8FnCEpCw.jpg,1959-08-06,7.965,"['Thriller', 'Adventure']"
909,"Apartment, The (1960)",Comedy|Drama|Romance,284.0,"Bud Baxter is a minor clerk in a huge New York insurance company, until he discovers a quick way to climb the corporate ladder. He lends out his apartment to the executives as a place to take their mistresses. Although he often has to deal with the aftermath of their visits, one night he's left with a major problem to solve.",/hhSRt1KKfRT0yEhEtRW3qp31JFU.jpg,1960-06-21,8.2,"['Comedy', 'Drama', 'Romance']"
910,Some Like It Hot (1959),Comedy|Crime,239.0,"In Prohibition-era Chicago, musicians Joe and Jerry witness a mob hit, and flee the state in an all-female band disguised as Josephine and Daphne, but further complications set in.",/hVIKyTK13AvOGv7ICmJjK44DTzp.jpg,1959-03-19,8.084,"['Comedy', 'Romance', 'Crime']"
911,Charade (1963),Comedy|Crime|Mystery|Romance|Thriller,4808.0,"After Regina Lampert falls for the dashing Peter Joshua on a skiing holiday in the French Alps, she discovers upon her return to Paris that her husband has been murdered. Soon, she and Peter are giving chase to three of her late husband's World War II cronies, Tex, Scobie and Gideon, who are after a quarter of a million dollars the quartet stole while behind enemy lines.",/qqaPjC5FQidtKY65jbAKZPiOTaS.jpg,1963-12-01,7.657,"['Comedy', 'Mystery', 'Romance']"
912,Casablanca (1942),Drama|Romance,289.0,"In Casablanca, Morocco in December 1941, a cynical American expatriate meets a former lover, with unforeseen complications.",/lGCEKlJo2CnWydQj7aamY7s1S7Q.jpg,1943-01-15,8.143,"['Drama', 'Romance']"
913,"Maltese Falcon, The (1941)",Film-Noir|Mystery,963.0,"A private detective takes on a case that involves him with three eccentric criminals, a beautiful liar, and their quest for a priceless statuette.",/bf4o6Uzw5wqLjdKwRuiDrN1xyvl.jpg,1941-10-18,7.704,"['Mystery', 'Crime', 'Thriller']"
914,My Fair Lady (1964),Comedy|Drama|Musical|Romance,11113.0,A snobbish phonetics professor agrees to a wager that he can take a flower girl and make her presentable in high society.,/bTXVc29lGSNclf94VIZ49W4gGKl.jpg,1964-12-01,7.506,"['Comedy', 'Romance']"
915,Sabrina (1954),Comedy|Romance,6620.0,"After her return from school in Paris, a playboy finally takes notice of his family's chauffeur's daughter Sabrina, who's long had a crush on him, but he questions his more serious brother's motives when he warns against getting involved with her.",/e1Po9NDrH7IJZhv89467gJH5FS0.jpg,1954-09-01,7.5,"['Comedy', 'Romance', 'Drama']"
916,Roman Holiday (1953),Comedy|Drama|Romance,804.0,"Overwhelmed by her suffocating schedule, touring European princess Ann takes off for a night while in Rome. When a sedative she took from her doctor kicks in, however, she falls asleep on a park bench and is found by an American reporter, Joe Bradley, who takes her back to his apartment for safety. At work the next morning, Joe finds out Ann's regal identity and bets his editor he can get exclusive interview with her, but romance soon gets in the way.",/8lI9dmz1RH20FAqltkGelY1v4BE.jpg,1953-08-26,7.892,"['Romance', 'Comedy', 'Drama']"
917,"Little Princess, The (1939)",Children|Drama,26531.0,A little girl goes in search of her father who is reported missing by the military during the Second Boer War.,/cnMSURyv7R6gjmUm5SYdTxXLzIO.jpg,1939-03-17,6.671,"['Family', 'Drama', 'Comedy']"
918,Meet Me in St. Louis (1944),Musical,909.0,"A year in the life of a turn-of-the-century middle class family, leading up to the opening of the 1904 St. Louis World's Fair.",/ekVeUvG81pidsv2LMtWf5yYcNbq.jpg,1944-11-28,7.0,"['Comedy', 'Drama', 'Romance', 'Family']"
919,"Wizard of Oz, The (1939)",Adventure|Children|Fantasy|Musical,630.0,"Young Dorothy finds herself in a magical world where she makes friends with a lion, a scarecrow and a tin man as they make their way along the yellow brick road to talk with the Wizard and ask for the things they miss most in their lives. The Wicked Witch of the West is the only thing that could stop them.",/uCC3j4pV9eOZwzDUWp2ilbcTf1f.jpg,1939-08-15,7.584,"['Adventure', 'Fantasy', 'Family']"
920,Gone with the Wind (1939),Drama|Romance|War,770.0,The spoiled daughter of a Georgia plantation owner conducts a tumultuous romance with a cynical profiteer during the American Civil War and Reconstruction Era.,/lNz2Ow0wGCAvzckW7EOjE03KcYv.jpg,1939-12-15,7.917,"['Drama', 'War', 'Romance']"
921,My Favorite Year (1982),Comedy,31044.0,"Fledgling comic Benjy Stone can't believe his luck when his childhood hero, the swashbuckling matinee idol Alan Swann, gets booked to appear on the variety show he writes for. But when Swann arrives, he fails to live up to his silver screen image. Instead, he's a drunken womanizer who suffers from stage fright. Benjy is assigned to look after him before the show, and it's all he can do to keep his former idol from going completely off the rails.",/xksAhZJx1WmHM03OaePNe9IiEBt.jpg,1982-10-01,6.6,"['Comedy', 'Drama']"
922,Sunset Blvd. (a.k.a. Sunset Boulevard) (1950),Drama|Film-Noir|Romance,599.0,A hack screenwriter writes a screenplay for a former silent film star who has faded into Hollywood obscurity.,/zt8aQ6ksqK6p1AopC5zVTDS9pKT.jpg,1950-08-10,8.278,['Drama']
923,Citizen Kane (1941),Drama|Mystery,15.0,"Newspaper magnate Charles Foster Kane is taken from his mother as a boy and made the ward of a rich industrialist. As a result, every well-meaning, tyrannical or self-destructive move he makes for the rest of his life appears in some way to be a reaction to that deeply wounding event.",/sav0jxhqiH0bPr2vZFU0Kjt2nZL.jpg,1941-04-17,7.978,"['Mystery', 'Drama']"
924,2001: A Space Odyssey (1968),Adventure|Drama|Sci-Fi,62.0,"Humanity finds a mysterious object buried beneath the lunar surface and sets off to find its origins with the help of HAL 9000, the world's most advanced super computer.",/ve72VxNqjGM69Uky4WTo2bK6rfq.jpg,1968-04-02,8.1,"['Science Fiction', 'Mystery', 'Adventure']"
926,All About Eve (1950),Drama,705.0,"From the moment she glimpses her idol at the stage door, Eve Harrington is determined to take the reins of power away from the great actress Margo Channing. Eve maneuvers her way into Margo's Broadway role, becomes a sensation and even causes turmoil in the lives of Margo's director boyfriend, her playwright and his wife. Only the cynical drama critic sees through Eve, admiring her audacity and perfect pattern of deceit.",/blBzZaatPWVuWpXEnPscMA4Xp6m.jpg,1950-11-09,8.078,['Drama']
927,"Women, The (1939)",Comedy,22490.0,A happily married woman lets her catty friends talk her into divorce when her husband strays.,/wMTbDI60uvt7ecLZ301XEE8mAOo.jpg,1939-09-01,7.1,"['Comedy', 'Drama']"
928,Rebecca (1940),Drama|Mystery|Romance|Thriller,223.0,"Story of a young woman who marries a fascinating widower only to find out that she must live in the shadow of his former wife, Rebecca, who died mysteriously several years earlier. The young wife must come to grips with the terrible secret of her handsome, cold husband, Max De Winter. She must also deal with the jealous, obsessed Mrs. Danvers, the housekeeper, who will not accept her as the mistress of the house.",/1qz3qUOHnVy7dL7M7G8jSErxE4b.jpg,1940-03-23,7.893,"['Mystery', 'Romance', 'Thriller']"
929,Foreign Correspondent (1940),Drama|Film-Noir|Mystery|Thriller,25670.0,"American crime reporter John Jones is reassigned to Europe as a foreign correspondent to cover the imminent war. When he walks into the middle of an assassination and stumbles on a spy ring, he seeks help from a beautiful politician’s daughter and an urbane English journalist to uncover the truth.",/n0WX6eIdIliKB66MI2MWZ3wHsoJ.jpg,1940-08-16,7.0,"['Thriller', 'Mystery', 'Action']"
930,Notorious (1946),Film-Noir|Romance|Thriller,303.0,"In order to help bring Nazis to justice, U.S. government agent T.R. Devlin recruits Alicia Huberman, the American daughter of a convicted German war criminal, as a spy. As they begin to fall for one another, Alicia is instructed to win the affections of Alexander Sebastian, a Nazi hiding out in Brazil. When Sebastian becomes serious about his relationship with Alicia, the stakes get higher, and Devlin must watch her slip further undercover.",/4RERYb1NIQrJHYY5e8nUlYM7t2z.jpg,1946-08-21,7.729,"['Thriller', 'Romance', 'Mystery']"
931,Spellbound (1945),Mystery|Romance|Thriller,4174.0,"When Dr. Anthony Edwardes arrives at a Vermont mental hospital to replace the outgoing hospital director, Dr. Constance Peterson, a psychoanalyst, discovers Edwardes is actually an impostor. The man confesses that the real Dr. Edwardes is dead and fears he may have killed him, but cannot recall anything. Dr. Peterson, however is convinced his impostor is innocent of the man's murder, and joins him on a quest to unravel his amnesia through psychoanalysis.",/dPAox7jGScLBvxKLeRptJIBF7v.jpg,1945-11-08,7.4,"['Thriller', 'Mystery', 'Romance']"
932,"Affair to Remember, An (1957)",Drama|Romance,8356.0,A couple falls in love and agrees to meet in six months at the Empire State Building - but will it happen?,/jwbWglYHbjqUu8M9DjTYzTOFklt.jpg,1957-07-11,7.4,"['Drama', 'Romance']"
933,To Catch a Thief (1955),Crime|Mystery|Romance|Thriller,381.0,"When a string of jewel robberies hits the French Riviera, suspicion falls on retired thief John “The Cat” Robie. To clear his name, he sets out to trap the copycat himself—entangling a wealthy widow and her beguiling daughter in a seductive game of pursuit, deception, and desire.",/6M6NwjV3XvtayljoiZ8wRHOKCQG.jpg,1955-08-03,7.266,"['Mystery', 'Romance', 'Thriller']"
934,Father of the Bride (1950),Comedy,20758.0,"Proud father Stanley Banks remembers the day his daughter, Kay, got married. Starting when she announces her engagement through to the wedding itself, we learn of all the surprises and disasters along the way.",/sygyqqXq41SBZiYjY8nuQRAcuUv.jpg,1950-05-18,7.0,"['Comedy', 'Romance', 'Drama']"
935,"Band Wagon, The (1953)",Comedy|Musical,29376.0,A Broadway artiste turns a faded film star's comeback vehicle into an artsy flop.,/uxWFMdbgQ5TSZvUMVkHDeDCaGH8.jpg,1953-08-07,7.2,"['Music', 'Comedy', 'Romance']"
936,Ninotchka (1939),Comedy|Romance,1859.0,A stern Russian woman sent to Paris on official business finds herself attracted to a man who represents everything she is supposed to detest.,/v4MkgNqZyodYwBDNbZ64MF9tVEL.jpg,1939-11-16,7.514,"['Comedy', 'Romance']"
937,Love in the Afternoon (1957),Comedy|Romance,18299.0,A middle-aged playboy becomes fascinated by the daughter of a private detective who has been hired to entrap him with a client's wife.,/jCHVviBhRQ7OkJFQfziO2N2ZJmh.jpg,1957-05-29,7.0,"['Comedy', 'Romance']"
938,Gigi (1958),Musical,17281.0,"A home, a motorcar, servants, the latest fashions: the most eligible and most finicky bachelor in Paris offers them all to Gigi. But she, who's gone from girlish gawkishness to cultured glamour before our eyes, yearns for that wonderful something money can't buy.",/3GSuecnDr4N5ZaqTrwElSzt6eC2.jpg,1958-05-15,6.22,"['Comedy', 'Romance']"
940,"Adventures of Robin Hood, The (1938)",Action|Adventure|Romance,10907.0,Robin Hood fights nobly for justice against the evil Sir Guy of Gisbourne while striving to win the hand of the beautiful Maid Marian.,/4mazyXEMkmLw5h6076yyNSm9uv0.jpg,1938-05-13,7.479,"['Adventure', 'Romance', 'History']"
941,"Mark of Zorro, The (1940)",Adventure,32093.0,"In 1820 Spain, the son of a California nobleman comes home to find his native land under a villainous dictatorship. On one hand, he plays the useless fop, while on the other, he is the masked avenger Zorro.",/bJDonmAPnDV8jDv9jLlsejAdAoL.jpg,1940-11-08,7.074,"['Adventure', 'Romance', 'Action']"
942,Laura (1944),Crime|Film-Noir|Mystery,1939.0,A police detective falls in love with the woman whose murder he's investigating.,/j0zEiFFrdbZnMXqD3piOtZBJeNB.jpg,1944-10-11,7.629,"['Drama', 'Mystery']"
943,"Ghost and Mrs. Muir, The (1947)",Drama|Fantasy|Romance,22292.0,"In 1900, young widow Lucy Muir learns that her seaside cottage is haunted and forms a unique relationship with the ghost.",/idoD3cwfwj86BPvVoWVgWhnT2xq.jpg,1947-05-25,7.533,"['Romance', 'Fantasy', 'Drama']"
944,Lost Horizon (1937),Drama,3598.0,"British diplomat Robert Conway and a small group of civilians crash-land in the Himalayas, where they are rescued by the inhabitants of the hidden, idyllic valley of Shangri-La. Protected by the mountains from the world outside, where the clouds of World War II are gathering, Shangri-La provides a seductive escape for the world-weary Conway.",/jCY8uJ80xlO2ApfrsB8s2gzyiBX.jpg,1937-03-03,6.992,"['Adventure', 'Fantasy', 'Drama', 'Romance']"
945,Top Hat (1935),Comedy|Musical|Romance,3080.0,"Showman Jerry Travers is working for producer Horace Hardwick in London. Jerry demonstrates his new dance steps late one night in Horace's hotel room, much to the annoyance of sleeping Dale Tremont below. She goes upstairs to complain and the two are immediately attracted to each other. Complications arise when Dale mistakes Jerry for Horace.",/qoPBiN6PBs2NsP7BNOJGCnmwruG.jpg,1935-08-29,7.2,"['Music', 'Comedy', 'Romance']"
946,To Be or Not to Be (1942),Comedy|Drama|War,198.0,"During the Nazi occupation of Poland, an acting troupe becomes embroiled in a Polish soldier's efforts to track down a German spy.",/dDQRpEoyjHT4fzw9cNklIvZuXYg.jpg,1942-03-06,7.8,"['Comedy', 'War', 'Romance']"
947,My Man Godfrey (1936),Comedy|Romance,13562.0,"Fifth Avenue socialite Irene Bullock needs a ""forgotten man"" to win a scavenger hunt, and no one is more forgotten than Godfrey Park, who resides in a dump by the East River. Irene hires Godfrey as a servant for her riotously unhinged family, to the chagrin of her spoiled sister, Cornelia, who tries her best to get Godfrey fired. As Irene falls for her new butler, Godfrey turns the tables and teaches the frivolous Bullocks a lesson or two.",/wtfOW7fIxBZWY78rvUoPpWhMSiR.jpg,1936-09-02,7.575,['Comedy']
948,Giant (1956),Drama|Romance|Western,1712.0,"Wealthy rancher Bick Benedict and dirt-poor cowboy Jett Rink both woo Leslie Lynnton, a beautiful young woman from Maryland who is new to Texas. She marries Benedict, but she is shocked by the racial bigotry of the White Texans against the local people of Mexican descent. Rink discovers oil on a small plot of land, and while he uses his vast, new wealth to buy all the land surrounding the Benedict ranch, the Benedict's disagreement over prejudice fuels conflict that runs across generations.",/h5RRYPVVuHzd7QOJyP5Dsi8J9XZ.jpg,1956-11-08,7.6,"['Drama', 'Western', 'Romance']"
949,East of Eden (1955),Drama,220.0,"In the Salinas Valley in and around World War I, Cal Trask feels he must compete against overwhelming odds with his brother for the love of their father. Cal is frustrated at every turn, from his reaction to the war, how to get ahead in business and in life, and how to relate to his estranged mother.",/xv1MZVIop0SQqwLUymgE5eb2LFl.jpg,1955-04-10,7.534,['Drama']
950,"Thin Man, The (1934)",Comedy|Crime,3529.0,A husband and wife detective team takes on the search for a missing inventor and almost get killed for their efforts.,/6cL89ok9t8xEKboOjOVga2W66jj.jpg,1934-05-25,7.503,"['Comedy', 'Mystery', 'Crime']"
951,His Girl Friday (1940),Comedy|Romance,3085.0,"Walter Burns is an irresistibly conniving newspaper publisher desperate to woo back his paper’s star reporter, who also happens to be his estranged wife. She’s threatening to quit and settle down with a new beau, but, as Walter knows, she has a weakness: she can’t resist a juicy scoop.",/lu86Y9zTPH3neCiUzLzHCEFHf7f.jpg,1940-01-18,7.417,"['Comedy', 'Romance', 'Drama']"
952,Around the World in 80 Days (1956),Adventure|Comedy,2897.0,"Based on the famous book by Jules Verne the movie follows Phileas Fogg on his journey around the world. Which has to be completed within 80 days, a very short period for those days.",/kk6Rrwh0toMz9tjuUHdS4O3v2Rk.jpg,1956-10-17,6.637,"['Adventure', 'Comedy', 'Family', 'Fantasy', 'Romance']"
953,It's a Wonderful Life (1946),Children|Drama|Fantasy|Romance,1585.0,"George Bailey has spent his entire life giving to the people of Bedford Falls.  All that prevents rich skinflint Mr. Potter from taking over the entire town is George's modest building and loan company.  But on Christmas Eve the business's $8,000 is lost and George's troubles begin.",/bSqt9rhDZx1Q7UZ86dBPKdNomp2.jpg,1946-12-20,8.28,"['Drama', 'Family', 'Fantasy']"
954,Mr. Smith Goes to Washington (1939),Drama,3083.0,"After the death of a United States Senator, idealistic Jefferson Smith is appointed as his replacement in Washington. Soon, the naive and earnest new senator has to battle political corruption.",/nDjg1fbNyq15excNDl3acd2IqAk.jpg,1939-10-19,7.827,"['Comedy', 'Drama']"
955,Bringing Up Baby (1938),Comedy|Romance,900.0,"David Huxley is waiting to get a bone he needs for his museum collection. Through a series of strange circumstances, he meets Susan Vance, and the duo have a series of misadventures which include a leopard called Baby.",/vTNNOtemaYmtx3k2NpsLMRJKEwZ.jpg,1938-02-18,7.516,"['Comedy', 'Romance']"
956,Penny Serenade (1941),Drama|Romance,43795.0,"Julie and Roger are a love-struck married couple who desperately want to have a child. Tragedy after tragedy gets in their way, as the two attempt to rise above their troubles and fulfill their dreams of parenthood.",/7MC1fE5FSEIP9xf0N2VD68zRKv2.jpg,1941-04-24,6.6,"['Drama', 'Romance']"
959,Of Human Bondage (1934),Drama,43905.0,A young man finds himself attracted to a cold and unfeeling waitress who may ultimately destroy them both.,/cpGAPsHnCpifmLKeiLnwNgT157y.jpg,1934-07-20,6.5,"['Drama', 'Romance']"
961,Little Lord Fauntleroy (1936),Drama,23114.0,"An American boy turns out to be the heir of a wealthy British earl. He is sent to live with the irritable and unsentimental aristocrat, his grandfather.",/tH2RxIEugTQ5SwfiOfLhPcnopP8.jpg,1936-03-06,6.7,"['Drama', 'Family']"
963,"Inspector General, The (1949)",Musical,40206.0,"An illiterate stooge in a traveling medicine show wanders into a strange town and is picked up on a vagrancy charge. The town's corrupt officials mistake him for the inspector general whom they think is traveling in disguise. Fearing he will discover they've been pocketing tax money, they make several bungled attempts to kill him.",/pEseNGrq1lSdomjayEflNn0xjaZ.jpg,1949-12-31,6.6,"['Comedy', 'Music', 'Romance']"
965,"39 Steps, The (1935)",Drama|Mystery|Thriller,260.0,"Richard Hanney has a rude awakening when a glamorous female spy falls into his bed - with a knife in her back. Having a bit of trouble explaining it all to Scotland Yard, he heads for the hills of Scotland to try to clear his name by locating the spy ring known as The 39 Steps.",/oC81jK6aAug4MA0xzYVngHmjsZS.jpg,1935-06-06,7.326,"['Mystery', 'Thriller']"
968,Night of the Living Dead (1968),Horror|Sci-Fi|Thriller,10331.0,A ragtag group barricade themselves in an old Pennsylvania farmhouse to remain safe from a horde of flesh-eating ghouls ravaging the Northeast.,/rb2NWyb008u1EcKCOyXs2Nmj0ra.jpg,1968-10-04,7.6,"['Horror', 'Thriller', 'Science Fiction']"
969,"African Queen, The (1951)",Adventure|Comedy|Romance|War,488.0,"At the start of the First World War, in the middle of Africa’s nowhere, a gin soaked riverboat captain is persuaded by a strong-willed missionary to go down river and face-off a German warship.",/2Ypg0KhQfFYWILelvHGtSHHR0dk.jpg,1952-01-07,7.367,"['Romance', 'Adventure', 'Drama']"
970,Beat the Devil (1953),Adventure|Comedy|Crime|Drama|Romance,22733.0,A group of con artists stake their claim on a bogus uranium mine.,/yBg55pY6WYPqzZuQ1rJ4Cjj5nOG.jpg,1953-11-24,6.1,"['Adventure', 'Comedy']"
971,Cat on a Hot Tin Roof (1958),Drama,261.0,"An alcoholic ex-football player drinks his days away, having failed to come to terms with his sexuality and his real feelings for his football buddy who died after an ambiguous accident. His wife is crucified by her desperation to make him desire her: but he resists the affections of his wife. His reunion with his father—who is dying of cancer—jogs a host of memories and revelations for both father and son.",/5djZZECgqDGuSI1INmrdAcGRBb0.jpg,1958-08-29,7.634,['Drama']
973,Meet John Doe (1941),Comedy|Drama,32574.0,"As a parting shot, fired reporter Ann Mitchell prints a fake letter from unemployed ""John Doe,"" who threatens suicide in protest of social ills. The paper is forced to rehire Ann and hires John Willoughby to impersonate ""Doe."" Ann and her bosses cynically milk the story for all it's worth, until the made-up ""John Doe"" philosophy starts a whole political movement.",/dnBZbFE2OGlTGNGBVTn6t83tJtd.jpg,1941-03-14,7.326,"['Drama', 'Comedy', 'Romance']"
976,"Farewell to Arms, A (1932)",Romance|War,22649.0,"A tale of the World War I love affair, begun in Italy, between American ambulance driver Lt. Frederic Henry and British nurse Catherine Barkley. Eventually separated by Frederic's transfer, tremendous challenges and difficult decisions face each as the war rages on.",/eNmPByGZJqlp60nCZRhsAlVAb3F.jpg,1932-12-08,6.1,"['Drama', 'Romance', 'War']"
979,Nothing Personal (1995),Drama|War,125587.0,"A raw depiction of the Belfast 'troubles' as savage tribal warfare. Set shortly after the 1975 cease fire, the film focuses on the tribulations of Kenny, Protestant leader of a group of Shankill Road Loyalists, and his one-time friend Liam, a Catholic.",/yEv3mKU7TMQJDUnPoIDsO0QTts2.jpg,1996-10-18,4.3,['Drama']
981,Dangerous Ground (1997),Drama,52855.0,"Vusi Madlazi returns to the South African village he left as a young boy to bury his father. He meets up with his brother Ernest, who tells him their other brother Stephen couldn't be contacted. Vusi goes to Johannesburg to find him, but at first can only find his neighbor/girlfriend, Karin, a stripper. Vusi proceeds to learn how conditions have changed since the end of apartheid, not always for the better for black men.",/3oFap1KH6zTTP1w0iQ6uQZrzKU4.jpg,1997-02-12,4.3,"['Drama', 'Crime']"
982,Picnic (1955),Drama,39940.0,"Labor Day in a small Kansas farm town. Hal, a burly and resolute drifter, jumps off a dusty freight train car with the purpose of visiting Alan, a former college classmate and son of the richest man in town.",/aKCSA9JUp9JkztAjzODPTrtZmzC.jpg,1955-11-18,6.3,"['Drama', 'Romance']"
984,"Pompatus of Love, The (1996)",Comedy|Drama,85328.0,"Four guys sit around drinking beer and talking, trying to figure out the meaning of ""the pompatus of love"" (from the Steve Miller song ""Joker"") and analyzing their relationships with women.",/i94UXzKj8OF1hUyXlT4BHvfgJZI.jpg,1996-07-26,3.6,"['Comedy', 'Romance', 'Drama']"
986,Fly Away Home (1996),Adventure|Children,11076.0,"Amy is only 13 years old when her mother is killed. She goes to Canada to live with her father, an eccentric inventor whom she barely knows. Amy is miserable in her new life... until she discovers a nest of goose eggs that were abandoned when a local forest was torn down. The eggs hatch and Amy becomes ""Mama Goose"". When winter comes, Amy and her dad must find a way to lead the birds South.",/obcQJkZB2OsRxd5GWIcQ5Qjv4YW.jpg,1996-09-13,6.946,"['Adventure', 'Drama', 'Family']"
987,Bliss (1997),Drama|Romance,63945.0,"On his wedding day, Joseph nervously admits that his wife is not quite like other women. But his beautiful bride is more than just the ""impulsive, compulsive, obsessive"" woman he thinks he knows. And when Joseph discovers she is hiding troubling secrets, it sends them both on a sexual odyssey that will either destroy or redeem their relationship.",/zGdGINvf9oSysprbWnu85dIM7rc.jpg,1997-04-14,5.4,"['Drama', 'Romance']"
988,Grace of My Heart (1996),Comedy|Drama,58985.0,"Philadelphia teenager Edna Buxton wins a talent contest during the early rock 'n' roll era, changes her name to Denise Waverly and moves to New York City to make it big. Though she flops as a recording artist, fast-talking record producer Joel Millner recognizes her songwriting talent and teams her with struggling songsmith Howard Caszatt.",/fkgVjmbN9VdBxguNi6tz6lb3sDu.jpg,1996-09-13,6.1,"['Comedy', 'Drama', 'Music']"
990,Maximum Risk (1996),Action|Adventure|Thriller,10861.0,"Alain Moreau's investigation into the death of his identical twin brother leads him from the beauty of the south of France to the mean streets of New York City and into the arms of his brother's beautiful girlfriend. Pursued by ruthless Russian mobsters and renegade FBI agents, the duo race against time to solve his brother's murder and expose an international conspiracy.",/18HVWwyLihWJPzGpSVl3omRRMyL.jpg,1996-09-13,5.8,"['Action', 'Thriller', 'Crime']"
991,Michael Collins (1996),Drama,1770.0,"Michael Collins plays a crucial role in the establishment of the Irish Free State in the 1920s, but becomes vilified by those hoping to create a completely independent Irish republic.",/brIBbU6t9glEGAKRTJ4PMj9OiDC.jpg,1996-10-25,6.9,"['War', 'Drama', 'Thriller', 'History']"
993,Infinity (1996),Drama,2033.0,Story of the early life of genius and Nobel Prize-winning physicist Richard Feynman.,/45cU6BNyRGKhDQZKzVSll4eTgwh.jpg,1996-10-04,6.2,"['Drama', 'Romance']"
994,Big Night (1996),Comedy|Drama,18203.0,"Primo and Secondo, two immigrant brothers, pin their hopes on a banquet honoring Louis Prima to save their struggling restaurant.",/8AJGSDyrj3Dz2B57n1ZB4qNPbmJ.jpg,1996-09-20,6.972,"['Drama', 'Romance', 'Comedy']"
996,Last Man Standing (1996),Action|Crime|Drama|Thriller,9333.0,"John Smith is a mysterious stranger who is drawn into a vicious war between two Prohibition-era gangs. In a dangerous game, he switches allegiances from one to another, offering his services to the highest bidder. As the death toll mounts, Smith takes the law into his own hands in a deadly race to stay alive.",/m8bVMFAN18H7qmwn2KOWWjDQnbC.jpg,1996-09-20,6.4,"['Crime', 'Action', 'Western', 'Drama']"
998,Set It Off (1996),Action|Crime,9400.0,"Four inner-city Black women, determined to end their constant struggle, decide to live by one rule — get what you want or die trying. So the four women take back their lives and take out some banks in the process.",/wpiARyUqTfabzakAXHMIUY6Tl1A.jpg,1996-11-06,7.2,"['Crime', 'Drama', 'Thriller', 'Action', 'Romance']"
999,2 Days in the Valley (1996),Crime|Film-Noir,9401.0,"In a sleepy bedroom community of LA's San Fernando Valley, the murder of a professional athlete by two hit men sets into motion a chain of events that puts the mundane lives of a dozen residents on a collision course. This clever tale tells the story of two hit men, a mistress, a nurse, a vindictive ex-wife, a wealthy art dealer and his lovelorn assistant, a suicidal writer and his dog, and a bitter cop and his partner.",/dKmOINYPpg2W8SMRicnFdusqk1x.jpg,1996-09-11,6.2,"['Comedy', 'Crime', 'Thriller']"
1003,Extreme Measures (1996),Drama|Thriller,11306.0,"Guy Luthan, a British doctor working at a hospital in New York, starts making unwelcome enquiries when the body of a man who died in his emergency room disappears. After the trail leads Luthan to the door of an eminent surgeon at the hospital, Luthan soon finds himself in extreme danger people who want the hospital's secret to remain undiscovered.",/uowP2Nw2mLpQni1vtbUb1LUSiP0.jpg,1996-09-27,6.0,"['Drama', 'Thriller']"
1004,"Glimmer Man, The (1996)",Action|Thriller,9625.0,"A former government operative renowned for his stealth, Jack Cole is now a Los Angeles police detective. When a series of horrible murders occurs in the metro area, Cole is assigned to the case, along with tough-talking fellow cop Jim Campbell. Although the two men clash, they gradually become effective partners as they uncover a conspiracy linked to the killings, which also involves terrorism and organized crime.",/fMXc2nf3iZFsVbNNmJ5MCtjcwlk.jpg,1996-10-04,5.4,"['Action', 'Comedy', 'Crime', 'Drama', 'Thriller']"
1005,D3: The Mighty Ducks (1996),Children|Comedy,10680.0,The Ducks are offered scholarships at Eden Hall Academy but struggle with their new coach's methods and come under pressure from the board to retain their scholarships before their big game against the Varsity team.,/wltMr1loUKSCaEV4EDgh21eCRI3.jpg,1996-10-04,5.952,"['Comedy', 'Action', 'Family', 'Drama']"
1006,"Chamber, The (1996)",Drama,6346.0,"Idealistic young attorney Adam Hall takes on the death row clemency case of his racist grandfather, Sam Cayhall, a former Ku Klux Klan member he has never met.",/dHwB9Fn2uBEkxkMZZxWpxMGrhL3.jpg,1996-10-11,6.0,"['Crime', 'Drama']"
1007,"Apple Dumpling Gang, The (1975)",Children|Comedy|Western,18660.0,A roving bachelor gets saddled with three children and a wealth of trouble when the youngsters stumble upon a huge gold nugget. They join forces with two bumbling outlaws to fend off the greedy townspeople and soon find themselves facing a surly gang of sharpshooters.,/cSbRtW2rSpz6AxS4BwtunpFHma.jpg,1975-07-01,6.6,"['Comedy', 'Family', 'Western']"
1008,"Davy Crockett, King of the Wild Frontier (1955)",Adventure|Western,35115.0,"Legends (and myths) from the life of famed American frontiersman Davy Crockett are depicted in this feature film edited from television episodes. Crockett and his friend George Russel fight in the Creek Indian War. Then Crockett is elected to Congress and brings his rough-hewn ways to the House of Representatives. Finally, Crockett and Russell journey to Texas and the last stand at the Alamo.",/7IFRrsQdaaUJaemg2z35fshzswd.jpg,1955-05-25,6.4,"['Adventure', 'Family', 'Western']"
1009,Escape to Witch Mountain (1975),Adventure|Children|Fantasy,14821.0,"Tia and Tony are two orphaned youngsters with extraordinary powers. Lucas Deranian poses as their uncle in order to get the kids into the clutches of Deranian's megalomaniacal boss, evil millionaire Aristotle Bolt, who wants to exploit them. Jason, a cynical widower, helps Tia and Tony escape to witch mountain, while at the same time Tia and Tony help Jason escape the pain of the loss of his wife.",/cXicoCiCfO6FDfv6ozwcfQCnhVW.jpg,1975-03-21,6.4,"['Adventure', 'Fantasy', 'Science Fiction', 'Family']"
1010,"Love Bug, The (1969)",Children|Comedy,14136.0,"Down-on-his-luck race car driver Jim Douglas teams up with a little VW Bug that has a mind of its own, not realizing Herbie's worth until a sneaky rival plots to steal him.",/9Lc1efdYZUZia2zsRWcUkiD1KdN.jpg,1968-12-23,6.6,"['Comedy', 'Family', 'Fantasy']"
1011,Herbie Rides Again (1974),Children|Comedy|Fantasy|Romance,10869.0,The living Volkswagen Beetle helps an old lady protect her home from a corrupt developer.,/1k14PPykkUQfhjn3xXDrc55lfHl.jpg,1974-02-12,6.153,"['Romance', 'Comedy', 'Family', 'Fantasy']"
1012,Old Yeller (1957),Children|Drama,22660.0,"Young Travis Coates is left to take care of the family ranch with his mother and younger brother while his father goes off on a cattle drive in the 1860s. When a yellow mongrel comes for an uninvited stay with the family, Travis reluctantly adopts the dog.",/Xe7AB0ffhGPSdBZ4qJ9AKJfllL.jpg,1957-12-25,6.895,"['Adventure', 'Drama', 'Family', 'Western']"
1013,"Parent Trap, The (1961)",Children|Comedy|Romance,19186.0,"Two identical twin sisters, separated at birth by their parents' divorce, are reunited years later at a summer camp, where they scheme to bring their parents back together. The girls, one of whom has been living with their mother and the other with their father, switch places after camp and go to work on their plan, the first objective being to scare off a gold-digger pursuing their father.",/jaZFWy6ZAvQoMW2mo9xP5gx4URo.jpg,1961-05-13,7.0,"['Comedy', 'Family', 'Romance']"
1014,Pollyanna (1960),Children|Comedy|Drama,31102.0,A young girl comes to an embittered town and confronts its attitude with her determination to see the best in life.,/9lWkRXg35SjUZXLr10ez8DERvRv.jpg,1960-05-19,6.962,"['Comedy', 'Drama', 'Family']"
1015,Homeward Bound: The Incredible Journey (1993),Adventure|Children|Drama,6878.0,"Before the Seavers leave for a family vacation to San Francisco, they drop off their pets -- Chance, an adventurous American bulldog; Shadow, a wise golden retriever; and Sassy, a cautious cat -- at a friend's ranch. But when the animals start to worry that they've been left for good, the three embark together on a treacherous and thrilling journey to find their way back home through the California wilderness.",/el6dJEpK97OJRQiQhuiSGk2jkV5.jpg,1993-02-03,7.0,"['Adventure', 'Comedy', 'Family']"
1016,"Shaggy Dog, The (1959)",Children|Comedy,15944.0,"Through an ancient spell, a boy changes into a sheepdog and back again. It seems to happen at inopportune times and the spell can only be broken by an act of bravery....",/x0fTvnnRIZNyTne2BrcS8I5X20e.jpg,1959-03-19,6.2,"['Comedy', 'Family', 'Fantasy']"
1017,Swiss Family Robinson (1960),Adventure|Children,18444.0,"After being shipwrecked, the Robinson family is marooned on an island inhabited only by an impressive array of wildlife. In true pioneer spirit, they quickly make themselves at home but soon face a danger even greater than nature: dastardly pirates.",/3ZItm1RcdwNuPnCaaqEFGrbVlcO.jpg,1960-12-21,6.9,"['Adventure', 'Family']"
1018,That Darn Cat! (1965),Children|Comedy|Mystery,20723.0,"A young woman suspects foul play when her cat comes home wearing a wristwatch. Convincing the FBI, though, and catching the bad guys is tougher than she imagined.",/by92HEWg2d4WrkgbUIPEA0ufsHI.jpg,1965-12-02,6.6,"['Family', 'Crime', 'Comedy']"
1019,"20,000 Leagues Under the Sea (1954)",Adventure|Drama|Sci-Fi,173.0,"A ship sent to investigate a wave of mysterious sinkings encounters the advanced submarine, the Nautilus, commanded by Captain Nemo.",/heAEH85fdxEgV98LizHbQCL95iZ.jpg,1954-12-23,7.055,"['Adventure', 'Science Fiction', 'Fantasy']"
1020,Cool Runnings (1993),Comedy,864.0,"When a Jamaican sprinter is disqualified from the Olympic Games, he enlists the help of a dishonored coach to start the first Jamaican bobsled team.",/6fXuGEb7EqGmAeUodxm7l5ELPZ.jpg,1993-10-01,7.01,"['Comedy', 'Adventure', 'Drama']"
1021,Angels in the Outfield (1994),Children|Comedy,24795.0,"Roger is a foster child whose irresponsible father promises to get his act together when Roger's favourite baseball team, the California Angels, wins the pennant. The problem is that the Angels are in last place, so Roger prays for help to turn the team around. Sure enough, his prayers are answered in the form of angel Al.",/7WRt6l7tiXVPG9zLco1rwy5Ffw9.jpg,1994-07-15,6.0,"['Comedy', 'Family', 'Fantasy']"
1022,Cinderella (1950),Animation|Children|Fantasy|Musical|Romance,11224.0,"Cinderella has faith her dreams of a better life will come true. With help from her loyal mice friends and a wave of her Fairy Godmother's wand, Cinderella's rags are magically turned into a glorious gown and off she goes to the Royal Ball. But when the clock strikes midnight, the spell is broken, leaving a single glass slipper... the only key to the ultimate fairy-tale ending!",/ug3ndicuPM1V07vhVFGLMsd4AZl.jpg,1950-02-22,7.042,"['Family', 'Fantasy', 'Animation', 'Romance']"
1023,Winnie the Pooh and the Blustery Day (1968),Animation|Children|Musical,81310.0,"Winnie the Pooh and his friends experience high winds, heavy rains, and a flood in Hundred Acre Wood.",/5kNFx8GW0zgtLDkhfNBOMMVmJTX.jpg,1968-12-20,7.3,"['Family', 'Animation', 'Music']"
1024,"Three Caballeros, The (1945)",Animation|Children|Musical,15947.0,"For Donald's birthday he receives a box with three gifts inside. The gifts, a movie projector, a pop-up book, and a pinata, each take Donald on wild adventures through Mexico and South America.",/nMfScRxw9wVLoO7LiEjziFAKLSK.jpg,1944-12-21,6.3,"['Animation', 'Family', 'Music']"
1025,"Sword in the Stone, The (1963)",Animation|Children|Fantasy|Musical,9078.0,"Wart is a young boy who aspires to be a knight's squire. On a hunting trip he falls in on Merlin, a powerful but amnesiac wizard who has plans for him beyond mere squiredom. He starts by trying to give him an education, believing that once one has an education, one can go anywhere. Needless to say, it doesn't quite work out that way.",/7lyeeuhGAJSNXYEW34S8mJ1bwI8.jpg,1963-12-25,7.218,"['Animation', 'Family', 'Fantasy']"
1027,Robin Hood: Prince of Thieves (1991),Adventure|Drama,8367.0,"Nobleman crusader Robin of Locksley breaks out of a Jerusalem prison with the help of Moorish fellow prisoner Azeem and travels back home to England. But upon arrival he discovers his dead father in the ruins of his family estate, killed by the vicious sheriff of Nottingham, Robin and Azeem join forces with outlaws Little John and Will Scarlett to save the kingdom from the sheriff's villainy.",/hbRnWUNJkKKVN5mkcuC5ooqjE4e.jpg,1991-06-14,6.853,"['Action', 'Adventure', 'Drama']"
1028,Mary Poppins (1964),Children|Comedy|Fantasy|Musical,433.0,"In turn of the century London, a magical nanny employs music and adventure to help two neglected children become closer to their father.",/pHyWpWn2pRIfhS3Arcn4SKtKKW4.jpg,1964-12-17,7.542,"['Comedy', 'Family', 'Fantasy']"
1029,Dumbo (1941),Animation|Children|Drama|Musical,11360.0,"Dumbo is a baby elephant born with over-sized ears and a supreme lack of confidence. But thanks to his even more diminutive buddy Timothy the Mouse,  the pint-sized pachyderm learns to surmount all obstacles.",/4x9FmvdJ464Fg7A9XcbYSmxfVw3.jpg,1941-10-31,7.0,"['Animation', 'Family']"
1030,Pete's Dragon (1977),Adventure|Animation|Children|Musical,11114.0,"Pete, a young orphan, runs away to a Maine fishing town with his best friend a lovable, sometimes invisible dragon named Elliott! When they are taken in by a kind lighthouse keeper, Nora, and her father, Elliott's prank playing lands them in big trouble. Then, when crooked salesmen try to capture Elliott for their own gain, Pete must attempt a daring rescue.",/noShGNQKAgMqNanJL5EiZlf6LCp.jpg,1977-11-03,6.3,"['Fantasy', 'Animation', 'Comedy', 'Family']"
1031,Bedknobs and Broomsticks (1971),Adventure|Children|Musical,12335.0,Three children evacuated from London during World War II are forced to stay with an eccentric spinster. The children's initial fears disappear when they find out she is in fact a trainee witch.,/1BBzsThIZ06UmjZ3rChYGZhJtFQ.jpg,1971-10-07,7.0,"['Family', 'Animation', 'Fantasy']"
1032,Alice in Wonderland (1951),Adventure|Animation|Children|Fantasy|Musical,12092.0,"On a golden afternoon, wildly curious young Alice tumbles into the burrow and enters the merry, madcap world of Wonderland full of whimsical escapades.",/20cvfwfaFqNbe9Fc3VEHJuPRxmn.jpg,1951-07-28,7.184,"['Animation', 'Family', 'Fantasy', 'Adventure']"
1033,"Fox and the Hound, The (1981)",Animation|Children|Drama,10948.0,"When a feisty little fox named Tod is adopted into a farm family, he quickly becomes friends with a fun and adorable hound puppy named Copper. Life is full of hilarious adventures until Copper is expected to take on his role as a hunting dog -- and the object of his search is his best friend!",/aC3k6XBaYnulGSkK8263ABjU3Md.jpg,1981-07-10,7.138,"['Adventure', 'Animation', 'Drama', 'Family']"
1034,Freeway (1996),Comedy|Crime|Drama|Thriller,11229.0,"Following the arrest of her mother, Ramona, young Vanessa Lutz decides to go in search of her estranged grandmother. On the way, she is given a ride by school counselor Bob Wolverton. During the journey, Lutz begins to realize that Bob is the notorious I-5 Killer and manages to escape by shooting him several times. Wounded but still very much alive, Bob pursues Lutz across the state in this modern retelling of Little Red Riding Hood.",/m0pAARUq3foDWFsrUmlYDHtNPE9.jpg,1996-08-23,6.454,"['Comedy', 'Crime', 'Thriller', 'Drama']"
1035,"Sound of Music, The (1965)",Musical|Romance,15121.0,"In the years before World War II, a tomboyish postulant at an Austrian abbey is hired as a governess in the home of a widowed naval captain with seven children and brings a new love of life and music into the home.",/c6CrUZypAsBCaRWX0M3RVRDbhNS.jpg,1965-03-29,7.73,"['Drama', 'Family', 'Music', 'Romance']"
1036,Die Hard (1988),Action|Crime|Thriller,562.0,"NYPD cop John McClane's plan to reconcile with his estranged wife is thrown for a serious loop when, minutes after he arrives at her office's Christmas Party, the entire building is overtaken by a group of terrorists. With little help from the LAPD, wisecracking McClane sets out to single-handedly rescue the hostages and bring the bad guys down.",/7Bjd8kfmDSOzpmhySpEhkUyK2oH.jpg,1988-07-15,7.807,"['Action', 'Thriller']"
1037,"Lawnmower Man, The (1992)",Action|Horror|Sci-Fi|Thriller,10163.0,A simple man is turned into a genius through the application of computer science.,/aDACpFww9vkeyYOj5xrfJuxoQdK.jpg,1992-03-05,5.63,"['Science Fiction', 'Horror']"
1040,"Secret Agent, The (1996)",Drama,47199.0,"In 1880s London, pornographic bookseller Verloc is a double agent for the Russian government, providing information to Chief Inspector Heat about a lazy anarchist organization. In order for the anarchists to be arrested, an act of terrorism must occur. So Verloc decides to set up bombs – which leads to tragedy – not only for himself but also for his family, including wife Winnie and brother-in-law, Stevie.",/6DO2BO3qp5QAyd91se4h22qifj.jpg,1996-11-08,5.5,"['Drama', 'Thriller']"
1041,Secrets & Lies (1996),Drama,11159.0,"After her adoptive mother dies, Hortense, a successful black optometrist, seeks out her birth mother. She's shocked when her research leads her to Cynthia, a working class white woman.",/zQBuRQ3hrLhkEsXcxteUxuxLrvs.jpg,1996-05-24,7.575,['Drama']
1042,That Thing You Do! (1996),Comedy|Drama,9591.0,"A Pennsylvania band scores a hit in 1964 and rides the star-making machinery as long as it can, with lots of help from its manager. But behind the scenes, the group’s sudden fame tests their strength, their maturity and responsibility, and their ability to resist the temptations that money and notoriety always make possible.",/9RmZu33qHdyZFGLfhEOmkTjdNEu.jpg,1996-10-04,6.9,"['Comedy', 'Drama', 'Romance', 'Music']"
1043,To Gillian on Her 37th Birthday (1996),Drama|Romance,30500.0,"David loves his wife, Gillian. Unfortunately, she died two years ago. David deals with his grief by continuing his romance with Gillian during walks with her ""ghost"" on the beach at night. While David lives in the past, other family problems crop up in the present in the real world....",/7HGWS6WlsPzBsB7NG5JM4P8NrIv.jpg,1996-10-25,5.4,"['Drama', 'Romance']"
1046,Beautiful Thing (1996),Drama|Romance,10938.0,"During a long, hot summer on the Thamesmead Estate in Southeast London, three teenagers edge towards adulthood.",/34fPI0phWQ189lc5O7aNf12jWPm.jpg,1996-06-21,7.2,"['Comedy', 'Drama', 'Romance']"
1047,"Long Kiss Goodnight, The (1996)",Action|Drama|Thriller,11412.0,"Samantha Caine is a small-town schoolteacher and mom with no memory of her life before washing up on a beach eight years ago. After a car accident and a violent home invasion trigger flashes of her past, she discovers she used to be a deadly CIA assassin. Teaming up with a wisecracking private investigator, Samantha must return to her old ways to take down the people who tried to erase her.",/yREdXX5lMFUKhTvb0ofI7mzUHlR.jpg,1996-10-11,6.582,"['Crime', 'Action', 'Mystery', 'Thriller']"
1049,"Ghost and the Darkness, The (1996)",Action|Adventure,10586.0,"Sir Robert Beaumont is behind schedule on a railroad in Africa. Enlisting noted engineer John Henry Patterson to right the ship, Beaumont expects results. Everything seems great until the crew discovers the mutilated corpse of the project's foreman, seemingly killed by a lion. After several more attacks, Patterson calls in famed hunter Charles Remington, who has finally met his match in the bloodthirsty lions.",/3KEPs6RKlin9pT9fqjtW7MSLC8H.jpg,1996-10-11,6.827,"['Adventure', 'Thriller', 'History']"
1050,Looking for Richard (1996),Documentary|Drama,42314.0,"Al Pacino's deeply-felt rumination on Shakespeare's significance and relevance to the modern world through interviews and an in-depth analysis of ""Richard III.""",/2iEgEoMP1S2YWKkYkwm8cgg2bBN.jpg,1996-10-11,6.8,['Documentary']
1051,Trees Lounge (1996),Drama,27845.0,"Tommy has lost his job, his love and his life. He lives in a small apartment above the Trees Lounge, a bar which he frequents along with a few other regulars without lives. He gets a job driving an ice cream truck and ends up getting involved with the seventeen-year-old niece of his ex-girlfriend. This gets him into serious trouble with her father.",/2DtoVhI9RkArGbzkvctGxY578QN.jpg,1996-05-11,6.9,"['Drama', 'Comedy']"
1053,Normal Life (1996),Crime|Drama|Romance,23223.0,"Chris Anderson and his wife Pam live a fairly normal life until Chris loses his job on the police force and secretly turns to robbing banks to make his wife's dreams come true. Upon discovering his secret, she joins his deadly crime wave and together they terrorize an unsuspecting suburban town.",/keQ3yXWkPN1tmKt45bFBtGVokSG.jpg,1996-01-26,5.9,"['Crime', 'Drama', 'Romance']"
1054,Get on the Bus (1996),Drama,49471.0,"Fifteen Black men gather in South Central LA to take a cross-country bus trip to attend the Million Man March in Washington, DC in October 1995. Among the attendees are an eclectic set of characters, including a laid-off aircraft worker, a man whose at-risk son is handcuffed to him, a Black Republican, a former gangsta, a Hollywood actor, a cop of mixed racial background, and a white bus driver. All make the trek discussing issues surrounding the March, including manhood, religion, politics, sexuality, and race.",/7p8FvHMSr11LQw9Xv6dPJdrBeU2.jpg,1996-10-16,6.4,"['History', 'Adventure', 'Drama']"
1055,Shadow Conspiracy (1997),Thriller,38153.0,"Bobby Bishop is a special assistant to the President of the United States. Accidentally, he meets his friend professor Pochenko on the street. Pochenko has time to tell Bishop about some conspiracy in the White House but then immediately gets killed by an assassin. Now bad guys are after Bobby as the only man who knows about a plot. Bishop must now not only survive, but to stop the conspirators from achieving their goal. And he doesn't know whom to trust.",/m8dgxxCrpLhKjkjH2DPxkz0inoJ.jpg,1997-01-25,5.0,['Thriller']
1056,Jude (1996),Drama,25147.0,"In late 19th-century England, Jude aspires to be an academic, but is hobbled by his blue-collar background. Instead, he works as a stonemason and is trapped in an unloving marriage to a farmer's daughter named Arabella. But when his wife leaves him, Jude sees an opportunity to improve himself. He moves to the city and begins an affair with his married cousin, Sue, courting tragedy every step of the way.",/pK7hcjrvgRisQC7i1XwiA1B97sJ.jpg,1996-02-06,6.3,"['Drama', 'Romance']"
1057,Everyone Says I Love You (1996),Comedy|Musical|Romance,9716.0,A New York girl sets her father up with a beautiful woman in a shaky marriage while her half sister gets engaged.,/cFOZ4bNbWtnIIboc43M86yhwPBX.jpg,1996-12-06,6.449,"['Comedy', 'Romance']"
1059,William Shakespeare's Romeo + Juliet (1996),Drama|Romance,454.0,"In this contemporary take on William Shakespeare's classic tragedy, the Montagues and Capulets have moved their ongoing feud to the sweltering suburb of Verona Beach, where Romeo and Juliet fall in love and secretly wed. Though the film is visually modern, the bard's dialogue remains.",/eLf4jclPijOqfEp6bDAmezRFxk5.jpg,1996-11-01,6.8,"['Drama', 'Romance']"
1060,Swingers (1996),Comedy|Drama,10218.0,"After 6 years together, Mike's girlfriend leaves him, so he travels to LA to be a star. Six months on, he's still not doing very well— so a few of his friends try to reconnect him to the social scene and hopefully help him forget his failed relationship.",/rRjWk68kU3a2so4lgr3TKB7Y5vA.jpg,1996-10-18,6.857,"['Comedy', 'Drama']"
1061,Sleepers (1996),Thriller,819.0,Two gangsters seek revenge on the state jail worker who during their stay at a youth prison sexually abused them. A sensational court hearing takes place to charge him for the crimes.,/yUpiEk2EojS9ZEXb3nIQonQCYYF.jpg,1996-10-18,7.601,"['Crime', 'Drama', 'Thriller']"
1064,Aladdin and the King of Thieves (1996),Animation|Children|Comedy|Fantasy|Musical|Romance,11238.0,"Legendary secrets are revealed as Aladdin and his friends—Jasmine, Abu, Carpet and, of course, the always entertaining Genie—face all sorts of terrifying threats and make some exciting last-minute escapes pursuing the King Of Thieves and his villainous crew.",/kTH7qEyvdDYMoQraQZm3LFKCge3.jpg,1996-05-20,6.254,"['Adventure', 'Animation', 'Family']"
1066,Shall We Dance (1937),Comedy|Musical|Romance,31530.0,"Ballet star Petrov arranges to cross the Atlantic aboard the same ship as the dancer and musical star he's fallen for but barely knows. By the time the ocean liner reaches New York, a little white lie has churned through the rumour mill and turned into a hot gossip item—that the two celebrities are secretly married.",/6anwn2NxTw7NwVEEU4qhVwN3Exi.jpg,1937-05-07,7.3,"['Comedy', 'Romance']"
1068,Crossfire (1947),Crime|Film-Noir,28120.0,"A man is murdered, apparently by one of a group of soldiers just out of the army. But which one? And why?",/s3EFBiCsc4Ckc1tntoHAEnhZtSO.jpg,1947-08-15,6.673,"['Crime', 'Mystery', 'Thriller']"
1073,Willy Wonka & the Chocolate Factory (1971),Children|Comedy|Fantasy|Musical,252.0,"When eccentric candy man Willy Wonka promises a lifetime supply of sweets and a tour of his chocolate factory to five lucky kids, penniless Charlie Bucket seeks the golden ticket that will make him a winner.",/vmpsZkrs4Uvkp9r1atL8B3frA63.jpg,1971-06-29,7.482,"['Family', 'Fantasy', 'Comedy']"
1076,"Innocents, The (1961)",Drama|Horror|Thriller,16372.0,A young governess for two children becomes convinced that the house and grounds are haunted by ghosts and that the children are being possessed.,/idqvLBmlEHUITMnQ0EJ6Yb5TpVw.jpg,1961-11-24,7.485,"['Horror', 'Mystery', 'Drama']"
1077,Sleeper (1973),Comedy|Sci-Fi,11561.0,"Miles Monroe, a clarinet-playing health food store proprietor, is revived out of cryostasis 200 years into a future world in order to help rebels fight an oppressive government regime.",/YTYSziZZP5aXt5CDvdEMwKDzme.jpg,1973-12-17,6.875,"['Comedy', 'Science Fiction']"
1078,Bananas (1971),Comedy|War,11302.0,"When a bumbling New Yorker is dumped by his activist girlfriend, he travels to a tiny Latin American nation and becomes involved in its latest rebellion.",/gK11RUXspxqty0Wq6KoV8J0crKO.jpg,1971-04-28,6.686,['Comedy']
1079,"Fish Called Wanda, A (1988)",Comedy|Crime,623.0,"While a diamond advocate attempts to steal a collection of diamonds, troubles arise when he realises he’s not the only one after the collection.",/hkSGFNVfEEUXFCxRZDITFHVhUlu.jpg,1988-07-15,7.205,"['Comedy', 'Crime']"
1080,Monty Python's Life of Brian (1979),Comedy,583.0,"Brian Cohen is an average young Jewish man, but through a series of ridiculous events, he gains a reputation as the Messiah. When he's not dodging his followers or being scolded by his shrill mother, the hapless Brian has to contend with the pompous Pontius Pilate and acronym-obsessed members of a separatist movement. Rife with Monty Python's signature absurdity, the tale finds Brian's life paralleling Biblical lore, albeit with many more laughs.",/lSSA64WF0M0BXnjwr2quMh6shCl.jpg,1979-08-17,7.758,['Comedy']
1081,Victor/Victoria (1982),Comedy|Musical|Romance,12614.0,"A struggling female soprano finds work playing a male female impersonator, but it complicates her personal life.",/mCjXcPRM3Rc7gOCGeVrBdPvF2bk.jpg,1982-04-25,7.3,"['Music', 'Comedy', 'Romance']"
1082,"Candidate, The (1972)",Drama,21711.0,"Bill McKay is a candidate for the U.S. Senate from California. He has no hope of winning, so he is willing to tweak the establishment.",/6zcDSOe1akUXsc2Q1APfchKcVaI.jpg,1972-06-29,6.5,"['Comedy', 'Drama']"
1083,"Great Race, The (1965)",Comedy|Musical,11575.0,"Professional daredevil and white-suited hero, The Great Leslie, convinces turn-of-the-century auto makers that a race from New York to Paris (westward across America, the Bering Straight and Russia) will help to promote automobile sales. Leslie's arch-rival, the mustached and black-attired Professor Fate vows to beat Leslie to the finish line in a car of Fate's own invention.",/9rL8GWuFdO3fLXcNV9rZRHskoOn.jpg,1965-07-01,7.082,"['Comedy', 'Adventure', 'Action', 'Romance', 'Western']"
1084,Bonnie and Clyde (1967),Crime|Drama,475.0,"In the 1930s, bored European-American waitress Bonnie Parker falls in love with a European-American ex-con named Clyde Barrow and together they start a violent crime spree through the country, stealing cars and robbing banks.",/sCSQFK9kMsprT4jgWqgw82dT6WI.jpg,1967-08-13,7.494,"['Crime', 'Drama']"
1085,"Old Man and the Sea, The (1958)",Adventure|Drama,11331.0,"Santiago is an aging, down-on-his-luck, Cuban fisherman who, after catching nothing for nearly 3 months, hooks a huge Marlin and struggles to land it far out in the Gulf Stream.",/6Q34dJL6m1vdzAr0jDDKDmNL52e.jpg,1958-10-07,6.5,"['Adventure', 'Drama']"
1086,Dial M for Murder (1954),Crime|Mystery|Thriller,521.0,"When her American lover visits London, a wealthy woman’s jealous husband hatches a plan to murder her and inherit her fortune.",/2gDCAgl2iBQNuJuk6p2xtuS1ewg.jpg,1954-05-29,8.0,"['Thriller', 'Crime']"
1088,Dirty Dancing (1987),Drama|Musical|Romance,88.0,"Expecting the usual tedium that accompanies a summer in the Catskills with her family, 17-year-old Frances 'Baby' Houseman is surprised to find herself stepping into the shoes of a professional hoofer—and unexpectedly falling in love.",/9Jw6jys7q9gjzVX5zm1z0gC8gY9.jpg,1987-08-21,7.324,"['Drama', 'Music', 'Romance']"
1089,Reservoir Dogs (1992),Crime|Mystery|Thriller,500.0,"A botched robbery indicates a police informant, and the pressure mounts in the aftermath at a warehouse. Crime begets violence as the survivors -- veteran Mr. White, newcomer Mr. Orange, psychopathic parolee Mr. Blonde, bickering weasel Mr. Pink and Nice Guy Eddie -- unravel.",/xi8Iu6qyTfyZVDVy60raIOYJJmk.jpg,1992-09-02,8.116,"['Crime', 'Thriller']"
1090,Platoon (1986),Drama|War,792.0,"As a young and naive recruit in Vietnam, Chris Taylor faces a moral crisis when confronted with the horrors of war and the duality of man.",/m3mmFkPQKvPZq5exmh0bDuXlD9T.jpg,1986-12-19,7.743,"['Drama', 'War', 'Action']"
1091,Weekend at Bernie's (1989),Comedy,8491.0,"Two young insurance corporation employees try to pretend that their murdered employer is alive by puppeteering his dead body, leading a hitman to attempt to track him down to finish him off.",/4RtjBkBSqHG46uieHgTtM7oKlpo.jpg,1989-07-05,6.4,"['Comedy', 'Crime']"
1092,Basic Instinct (1992),Crime|Mystery|Thriller,402.0,"Catherine, a novelist with an insatiable sexual appetite, becomes a prime suspect when her boyfriend is brutally murdered -- a crime she had described in her latest story.",/76Ts0yoHk8kVQj9MMnoMixhRWoh.jpg,1992-03-20,6.936,"['Thriller', 'Mystery']"
1093,"Doors, The (1991)",Drama,10537.0,"The story of the famous and influential 1960s rock band and its lead singer and composer, Jim Morrison.",/x1LM3dzGuG6xOz0aT2e71o11vhu.jpg,1991-03-01,7.108,"['Music', 'Drama', 'History']"
1094,"Crying Game, The (1992)",Drama|Romance|Thriller,11386.0,"Irish Republican Army member Fergus forms an unexpected bond with Jody, a kidnapped British soldier in his custody, despite the warnings of fellow IRA members Jude and Maguire. Jody makes Fergus promise he'll visit his girlfriend, Dil, in London, and when Fergus flees to the city, he seeks her out. Hounded by his former IRA colleagues, he finds himself increasingly drawn to the enigmatic, and surprising, Dil.",/ynEfiiwS0dosbPjzGqBLo7FXMlD.jpg,1992-09-02,6.842,"['Crime', 'Drama', 'Thriller']"
1095,Glengarry Glen Ross (1992),Drama,9504.0,"Times are tough at Premiere Properties. Shelley ""the machine"" Levene and Dave Moss are veteran salesmen, but only Ricky Roma is on a hot streak. The new Glengarry sales leads could turn everything around, but the front office is holding them back until these ""losers"" prove themselves. Then someone decides to take matters into his own hands, stealing the Glengarry leads and leaving everyone wondering who did it.",/zcaEDx8KlVfh4vKfMNLhiSi5Oz4.jpg,1992-09-10,7.327,"['Crime', 'Drama', 'Mystery']"
1096,Sophie's Choice (1982),Drama,15764.0,"Stingo, a young writer, moves to Brooklyn in 1947 to begin work on his first novel. As he becomes friendly with Sophie and her lover Nathan, he learns that she is a Holocaust survivor. Flashbacks reveal her harrowing story, from pre-war prosperity to Auschwitz. In the present, Sophie and Nathan's relationship increasingly unravels as Stingo grows closer to Sophie and Nathan's fragile mental state becomes ever more apparent.",/rZDPbPTFwuKgr5b9jixGFNYkGYt.jpg,1982-12-08,7.3,"['Drama', 'Romance', 'War']"
1097,E.T. the Extra-Terrestrial (1982),Children|Drama|Sci-Fi,601.0,"An alien is left behind on Earth and saved by the 10-year-old Elliott who decides to keep him hidden in his home. While a task force hunts for the extra-terrestrial, Elliott, his brother, and his little sister Gertie form an emotional bond with their new friend, and try to help him find his way home.",/an0nD6uq6byfxXCfk6lQBzdL2J1.jpg,1982-06-11,7.512,"['Science Fiction', 'Adventure', 'Family', 'Fantasy']"
1099,"Christmas Carol, A (1938)",Children|Drama|Fantasy,25842.0,"Miser Ebenezer Scrooge is awakened on Christmas Eve by spirits who reveal to him his own miserable existence, what opportunities he wasted in his youth, his current cruelties, and the dire fate that awaits him if he does not change his ways. Scrooge is faced with his own story of growing bitterness and meanness, and must decide what his own future will hold: death or redemption.",/cvr7x3CjBMsHv2GptR0tcFddMSa.jpg,1938-12-16,7.0,"['Drama', 'Fantasy', 'Family']"
1100,Days of Thunder (1990),Action|Drama|Romance,2119.0,"Talented but unproven stock car driver Cole Trickle gets a break and with the guidance of veteran Harry Hogge turns heads on the track. The young hotshot develops a rivalry with a fellow racer that threatens his career when the two smash their cars. But with the help of his doctor, Cole just might overcome his injuries-- and his fear.",/8UvcoeMJag8UWGF8sg7eYspzq0Q.jpg,1990-06-27,6.345,"['Adventure', 'Action', 'Drama']"
1101,Top Gun (1986),Action|Romance,744.0,"For Lieutenant Pete 'Maverick' Mitchell and his friend and co-pilot Nick 'Goose' Bradshaw, being accepted into an elite training school for fighter pilots is a dream come true. But a tragedy, as well as personal demons, will threaten Pete's dreams of becoming an ace pilot.",/xUuHj3CgmZQ9P2cMaqQs4J0d4Zc.jpg,1986-05-16,7.058,"['Action', 'Drama', 'Romance']"
1103,Rebel Without a Cause (1955),Drama,221.0,"After moving to a new town, troublemaking teen Jim Stark is supposed to have a clean slate, although being the new kid in town brings its own problems. While searching for some stability, Stark forms a bond with a disturbed classmate, Plato, and falls for local girl Judy. However, Judy is the girlfriend of neighborhood tough, Buzz. When Buzz violently confronts Jim and challenges him to a drag race, the new kid's real troubles begin.",/yHStsC8rRRfIjqRN38BQsLh6S7k.jpg,1955-10-27,7.5,['Drama']
1104,"Streetcar Named Desire, A (1951)",Drama,702.0,"A disturbed, aging Southern belle moves in with her sister for solace — but being face-to-face with her brutish brother-in-law accelerates her downward spiral.",/aicdlO5vt7z2ARm279eGzJeYCLQ.jpg,1951-09-18,7.622,"['Drama', 'Thriller']"
1105,Children of the Corn IV: The Gathering (1996),Horror,25750.0,A bright young medical student must solve the frightening mystery that plagues the children of a small Midwestern town.,/tRjeV9AZgCXGTqyvlp7Ui55Yb3l.jpg,1996-10-08,4.5,['Horror']
1107,Loser (1991),Comedy,,,,,,[]
1111,Microcosmos (Microcosmos: Le peuple de l'herbe) (1996),Documentary,9305.0,"A documentary of insect life in meadows and ponds, using incredible close-ups, slow motion, and time-lapse photography. It includes bees collecting nectar, ladybugs eating mites, snails mating, spiders wrapping their catch, a scarab beetle relentlessly pushing its ball of dung uphill, endless lines of caterpillars, an underwater spider creating an air bubble to live in, and a mosquito hatching.",/OPoiGrzNr5FWoczXH5Gs1cReec.jpg,1996-09-06,7.6,['Documentary']
1112,Palookaville (1996),Action|Comedy|Drama,37616.0,"Jerry and his two pals, Russ and Syd, are just looking for some easy money to help them break out of their nowhere lives in their nowhere town. Despite a bungled jewelry store heist which exposes their incompetence as criminals, a fateful event (and an old black-and-white film) convinces them that they can pull off an armored-truck robbery. While they are busy plotting their caper, their dysfunctional families spin out of control, all around them.",/vmlO5CbUKmqvn5BVtEprxAmNOkp.jpg,1995-09-07,5.8,"['Comedy', 'Crime']"
1114,"Funeral, The (1996)",Crime|Drama,21612.0,"After the funeral of one of their own, a criminal family decides to embark on an emotionally unnerving journey in an attempt to exact bloody revenge.",/sHbJbr6BvVwRJhliiX1PKPERejO.jpg,1996-01-26,6.7,"['Crime', 'Drama']"
1116,"Single Girl, A (Fille seule, La) (1995)",Drama,102461.0,"A young Parisian must make major decisions about pregnancy, a job and her boyfriend.",/8dFs6OW8T8Y1R56U2YdlDDBkUPj.jpg,1995-11-29,5.9,['Drama']
1117,"Eighth Day, The (Huitième jour, Le) (1996)",Drama,36998.0,"Georges has Down syndrome, living at a mental-institution, Harry is a busy businessman, giving lectures for young aspiring salesmen. He is successful in his business life, but his social life is a disaster since his wife left him and took their two children with her. This weekend his children came by train to meet him, but Harry, working as always, forgot to pick them up. Neither his wife or his children want to see him again and he is driving around on the country roads, anguished and angry. He almost runs over Georges, on the run from the institution since everybody else went home with their parents except him, whose mother is dead. Harry tries to get rid of Georges but he won't leave his new friend. Eventually a special friendship forms between the two of them, a friendship which makes Harry a different person.",/cgpJTvFcd0NJyJRTKYaBoLMuqdW.jpg,1996-05-22,7.3,['Drama']
1119,Drunks (1995),Drama,116844.0,"At the beginning of a nightly Alcoholics Anonymous meeting, Jim seems particularly troubled. His sponsor encourages him to talk that night, the first time in seven months, so he does - and leaves the meeting right after. As Jim wanders the night, searching for some solace in his old stomping grounds, bars and parks where he bought drugs, the meeting goes on, and we hear the stories of survivors and addicts - some, like Louis, who claim to have wandered in looking for choir practice, who don't call themselves alcoholic, and others, like Joseph, whose drinking almost caused the death of his child - as they talk about their lives at the meeting",/lY5E0rjsgzlxUyMtUZRlzwHqLTA.jpg,1997-03-14,2.7,['Drama']
1120,"People vs. Larry Flynt, The (1996)",Comedy|Drama,1630.0,"Larry Flynt is the hedonistically obnoxious, but indomitable, publisher of Hustler magazine. The film recounts his struggle to make an honest living publishing his girlie magazine and how it changes into a battle to protect the freedom of speech for all people.",/sAgHn7ys6TiVXBDTZ0UBEjinIUk.jpg,1996-12-25,6.973,['Drama']
1121,Glory Daze (1995),Drama,26626.0,"Jack, a soon-to-be graduate, finds he's having a difficult time letting go of the college life -- and decides maybe he doesn't have to. Also questioning whether there's life after college are Jack's roommates: Rob, who fears domestication; comic-strip artist Mickey, who's shy around girls; intellectual party animal Slosh; and perpetual student Dennis.",/mosH3RnC5wjcThd0DZq4ZqWkTPQ.jpg,1995-10-01,5.1,['Comedy']
1123,"Perfect Candidate, A (1996)",Documentary,124837.0,"The filmmakers follow Oliver North's unsuccessful 1994 bid for a Virginia Senate seat, focusing on North's campaign strategist, Mark Goodin, and a Washington Post reporter. Mudslinging ensues.",/91XMadgfU6scOPYsDW8v4VJuJF3.jpg,1996-06-19,5.6,['Documentary']
1124,On Golden Pond (1981),Drama,11816.0,"For Norman and Ethel Thayer, this summer on golden pond is filled with conflict and resolution. When their daughter Chelsea arrives, the family is forced to renew the bonds of love and overcome the generational friction that has existed for years.",/ic4f03J6pnf9cpQmVDABFhUpbCU.jpg,1981-12-04,7.261,"['Drama', 'Romance']"
1125,"Return of the Pink Panther, The (1975)",Comedy|Crime,11843.0,The famous Pink Panther jewel has once again been stolen and Inspector Clouseau is called in to catch the thief. The Inspector is convinced that 'The Phantom' has returned and utilises all of his resources – himself and his Asian manservant – to reveal the identity of 'The Phantom'.,/vMyjHGfCT89RpwLeN7ofmfgDru7.jpg,1975-05-21,6.788,"['Comedy', 'Crime', 'Mystery']"
1126,Drop Dead Fred (1991),Comedy|Fantasy,10379.0,"An unhappy housewife gets a lift from the return of her imaginary childhood friend, Drop Dead Fred.",/v2kadCRcRdq8a0aRbQg4yVk3Xmd.jpg,1991-04-19,5.8,"['Comedy', 'Fantasy', 'Family']"
1127,"Abyss, The (1989)",Action|Adventure|Sci-Fi|Thriller,2756.0,"A civilian oil rig crew is recruited to conduct a search and rescue effort when a nuclear submarine mysteriously sinks. One diver soon finds himself on a spectacular odyssey 25,000 feet below the ocean's surface where he confronts a mysterious force that has the power to change the world or destroy it.",/2dCit3XAtv9KWCJvRKdPkJ0FAkH.jpg,1989-08-09,7.341,"['Adventure', 'Thriller', 'Science Fiction']"
1128,"Fog, The (1980)",Horror,790.0,"Strange things begin to occur as a tiny California coastal town prepares to commemorate its centenary. Inanimate objects spring eerily to life; Rev. Malone stumbles upon a dark secret about the town's founding; radio announcer Stevie witnesses a mystical fire; and hitchhiker Elizabeth discovers the mutilated corpse of a fisherman. Then a mysterious iridescent fog descends upon the village, and more people start to die.",/12EeSboRofP3CI4SPmMFNNXCbtY.jpg,1980-02-01,6.7,['Horror']
1129,Escape from New York (1981),Action|Adventure|Sci-Fi|Thriller,1103.0,"In a world ravaged by crime, the entire island of Manhattan has been converted into a walled prison where brutal prisoners roam free. After the US president crash-lands inside, war hero Snake Plissken has 24 hours to bring him back.",/vH9llaphjAssRGi0k7e75tD40Ce.jpg,1981-05-23,7.045,"['Science Fiction', 'Action', 'Thriller']"
1130,"Howling, The (1980)",Horror|Mystery,11298.0,"After a bizarre and near fatal encounter with a serial killer, a newswoman is sent to a rehabilitation center whose inhabitants may not be what they seem.",/nRTonikdpMUYr3y3RXESLBhRUov.jpg,1981-01-21,6.588,['Horror']
1131,Jean de Florette (1986),Drama|Mystery,4480.0,"In a rural French village, an old man and his only remaining relative cast their covetous eyes on an adjoining vacant property. They need its spring water for growing their flowers, and are dismayed to hear that the man who has inherited it is moving in. They block up the spring and watch as their new neighbour tries to keep his crops watered from wells far afield through the hot summer. Though they see his desperate efforts are breaking his health and his wife and daughter's hearts, they think only of getting the water.",/atjyDRdOnOi2S28X3mNtJ7CQmFj.jpg,1986-08-27,7.685,['Drama']
1132,Manon of the Spring (Manon des sources) (1986),Drama,4481.0,"In this, the sequel to Jean de Florette, Manon has grown into a beautiful young shepherdess living in the idyllic Provencal countryside. She plots vengeance on the men who greedily conspired to acquire her father's land years earlier.",/1qpu6Zc1PSDL3UbDNIZJ6YuhJDW.jpg,1986-11-19,7.575,['Drama']
1135,Private Benjamin (1980),Comedy,10765.0,A sheltered young high society woman joins the US Army on a whim and finds herself in a more difficult situation than she ever expected.,/maIiPNXddZXKHQCi0HyULd5kces.jpg,1980-10-06,5.9,['Comedy']
1136,Monty Python and the Holy Grail (1975),Adventure|Comedy|Fantasy,762.0,"King Arthur, accompanied by his squire, recruits his Knights of the Round Table, including Sir Bedevere the Wise, Sir Lancelot the Brave, Sir Robin the Not-Quite-So-Brave-As-Sir-Lancelot and Sir Galahad the Pure. On the way, Arthur battles the Black Knight who, despite having had all his limbs chopped off, insists he can still fight. They reach Camelot, but Arthur decides not  to enter, as ""it is a silly place"".",/h3rksLHevpCbHfSoaUXm85nt2CH.jpg,1975-04-03,7.804,"['Adventure', 'Comedy', 'Fantasy']"
1137,Hustler White (1996),Romance,44497.0,"Reminiscent of Sunset Boulevard, the action is transposed from the silver screen's old backlots to contemporary male prostitution and the pornographic industry.",/1LI4muqdd7iWS6I63CDB0A9y1RV.jpg,1996-10-30,5.2,"['Romance', 'Comedy']"
1140,Entertaining Angels: The Dorothy Day Story (1996),Drama,99479.0,"The firebrand reporter, feminist and philanthropist Dorothy Day co-founds The Catholic Worker with Peter Maurin, an eccentric philosopher.",/jYDSEJYcvSI0LzwIEP1JWMMAbWh.jpg,1996-09-27,4.8,['Drama']
1144,"Line King: The Al Hirschfeld Story, The (1996)",Documentary,124829.0,"The childhood, adolescence, and incredible adult years of Al Hirschfeld, celebrated creator of thousands of line drawings of famous people - many in the entertainment industry - over a span of more than sixty years. He is still drawing in his nineties. His interesting domestic life, political, and cultural views are highlights. In addition, he talks about himself a bit - seriously and lightly.(At one point he he claims that his only form of exercise has been to live in his Manhattan townhouse: stairs). He drives his car around Manhattan - an adventure in itself. Brief interviews with, and reminiscences of many friends and associates.",/msLmn8QJLKpG8GHwbSbvX6iYmoB.jpg,1996-09-27,7.0,['Documentary']
1147,When We Were Kings (1996),Documentary,10548.0,"It's 1974. Muhammad Ali is 32 and thought by many to be past his prime. George Foreman is ten years younger and the heavyweight champion of the world. Promoter Don King wants to make a name for himself and offers both fighters five million dollars apiece to fight one another, and when they accept, King has only to come up with the money. He finds a willing backer in Mobutu Sese Suko, the dictator of Zaire, and the ""Rumble in the Jungle"" is set, including a musical festival featuring some of America's top black performers, like James Brown and B.B. King.",/yBkZK1JZOOJ3q5Jj1H9UP9T8YuV.jpg,1996-10-25,7.562,"['Documentary', 'TV Movie', 'History', 'Music']"
1148,Wallace & Gromit: The Wrong Trousers (1993),Animation|Children|Comedy|Crime,531.0,"Wallace rents out Gromit's former bedroom to a penguin, who takes up an interest in the techno trousers created by Wallace. However, Gromit later learns that the penguin is a wanted criminal.",/mV8SDTjkxrDxu0a0egvFz1lRPU7.jpg,1993-12-17,7.8,"['Animation', 'Comedy', 'Family']"
1150,"Return of Martin Guerre, The (Retour de Martin Guerre, Le) (1982)",Drama,4483.0,"Village of Artigat, southern France, summer 1542, during the reign of Francis I. Martin Guerre and Bertrande de Rols marry. A few years later, accused of having committed a robbery, Martin suddenly disappears. When, almost a decade later, a man arrives in Artigat claiming to be Martin, the Guerre family recognizes him as such; but doubts soon arise about his true identity.",/wNMjsqJYUt79YYwdO43OF7mpAKV.jpg,1982-05-14,6.7,"['Drama', 'History']"
1151,Lesson Faust (1994),Animation|Comedy|Drama|Fantasy,18919.0,"A very free adaptation of Marlowe's ""Doctor Faustus"", Goethe's ""Faust"" and various other treatments of the old legend of the man who sold his soul to the devil. A nondescript man is lured by a strange map into a sinister puppet theatre, where he finds himself immersed in an indescribably weird version of the play, blending live actors, clay animation and giant puppets.",/pyCHHLEdRJPx0BD22n9Cs7B78Wp.jpg,1994-09-10,7.4,"['Animation', 'Fantasy']"
1156,"Children Are Watching Us, The (Bambini ci guardano, I) (1944)",Drama,61461.0,"In his first collaboration with renowned screenwriter and longtime partner Cesare Zavattini, Vittorio De Sica examines the cataclysmic consequences of adult folly on an innocent child. Heralding the pair’s subsequent work on some of the masterpieces of Italian neorealism, The Children Are Watching Us is a vivid, deeply humane portrait of a family’s disintegration.",/vEkp2FoxUFpCGeioWdUS4wb7ezh.jpg,1943-10-27,7.6,['Drama']
1161,"Tin Drum, The (Blechtrommel, Die) (1979)",Drama|War,659.0,"In 1924, Oskar Matzerath is born in the Free City of Danzig. At age three, he falls down a flight of stairs and stops growing. In 1939, World War II breaks out.",/z4QsBWJbbBxct2zU7LnYSOw8UFz.jpg,1979-05-02,7.0,"['Drama', 'History', 'War']"
1162,"Ruling Class, The (1972)",Comedy|Drama,30892.0,"When the Earl of Gurney dies in a cross-dressing accident, his schizophrenic son, Jack, inherits the Gurney estate. Jack is not the average nobleman; he sings and dances across the estate and thinks he is Jesus reincarnated. Believing that Jack is mentally unfit to own the estate, the Gurney family plots to steal Jack's inheritance. As their outrageous schemes fail, the family strives to cure Jack of his bizarre behavior, with disastrous results.",/29EZjwr3jDFWtdj9Lpq2BtCvKga.jpg,1972-05-24,6.4,"['Comedy', 'Drama']"
1163,Mina Tannenbaum (1994),Drama,86369.0,The film tells the story of two girls who are of totally different character. They know each other since their childhood and were friends until they became teenagers. But growing up and becoming adults they go different ways.,/hx9ocZaXDjXyo5VkPaSvtiTmIlL.jpg,1994-03-02,6.3,"['Drama', 'Comedy']"
1167,Dear God (1996),Comedy,38554.0,"A judge gives con-man Tom Turner a choice—a jail sentence, or a year of honest work. But when he gets a job in the U.S. Post Office's dead letter office, he starts a Good Samaritan con by answering letters written to God. His seemingly virtuous work inspires his co-workers to do the same, but their good deeds are frowned upon by the postmaster general—and the cops.",/mHc6hY6Rv7S7kS50vW2vVdHWG79.jpg,1996-11-01,5.5,['Comedy']
1170,Best of the Best 3: No Turning Back (1995),Action,36555.0,A martial arts instructor comes to the defense of a schoolteacher who has taken a stand against a local white supremacist organization.,/kUZ2Hbj2Gjpou5uQVzgqh2ELZiK.jpg,1995-05-17,5.6,"['Action', 'Crime', 'Drama', 'Thriller']"
1171,Bob Roberts (1992),Comedy,10608.0,"Millionaire conservative Bob Roberts launches an insurgent campaign against incumbent senator Brickley Paiste, firing up crowds at his rallies by singing '60s-style acoustic folk songs with lyrics espousing far-right conservative social and economic views.",/j4PokuSIrmbN5oCR54D8kiI0U6a.jpg,1992-09-04,6.5,"['Comedy', 'Drama']"
1172,Cinema Paradiso (Nuovo cinema Paradiso) (1989),Drama,11216.0,"A filmmaker recalls his childhood, when he fell in love with the movies at his village's theater and formed a deep friendship with the theater's projectionist.",/gCI2AeMV4IHSewhJkzsur5MEp6R.jpg,1988-11-17,8.425,"['Drama', 'Romance']"
1173,"Cook the Thief His Wife & Her Lover, The (1989)",Comedy|Drama,7452.0,"When churlish mobster Albert Spica acquires an upscale French restaurant in London, he dines there nightly, effectively scaring off the clientele with his bad manners. His wife, Georgina, is especially disgusted by him, and soon begins an affair with regular guest Michael. Despite their best efforts to keep it secret, Spica learns about their trysts, and he plots a terrible revenge.",/fNkl7o1VQQqy1nEX9x56CDHULmr.jpg,1989-10-13,7.3,"['Crime', 'Drama']"
1175,Delicatessen (1991),Comedy|Drama|Romance,892.0,"In a post-apocalyptic world, the residents of an apartment above the butcher shop receive an occasional delicacy of meat, something that is in low supply. A young man new in town falls in love with the butcher's daughter, which causes conflicts in her family, who need the young man for other business-related purposes.",/gNtOgQHxE5B8e08zuNRAdDpmK5Z.jpg,1991-04-17,7.31,"['Comedy', 'Science Fiction', 'Fantasy']"
1176,"Double Life of Veronique, The (Double Vie de Véronique, La) (1991)",Drama|Fantasy|Romance,1600.0,"Véronique is a beautiful young French woman who aspires to be a renowned singer; Weronika lives in Poland, has a similar career goal and looks identical to Véronique, though the two are not related. The film follows both women as they contend with the ups and downs of their individual lives, with Véronique embarking on an unusual romance with Alexandre Fabbri, a puppeteer who may be able to help her with her existential issues.",/oqRyO9xrNBRaxqF9pCHHgLuaATx.jpg,1991-05-15,7.493,"['Drama', 'Fantasy']"
1177,Enchanted April (1992),Drama|Romance,26561.0,"When married British women Rose Arbuthnot and Lottie Wilkins decide to take a break from their respective spouses, they stay at a castle in Italy for a quiet holiday. Joining the ladies is Caroline Dester, a young socialite, and Mrs. Fisher, an older aristocrat. Liberated from their daily routines, the four women ease into life in rural Italy, and each finds herself transformed by the experience.",/b4Jrg23Q3y7p8GS7aMnPdFiEcnP.jpg,1991-11-27,6.7,"['Romance', 'Drama']"
1178,Paths of Glory (1957),Drama|War,975.0,A commanding officer defends three scapegoats on trial for a failed offensive that occurred within the French Army in 1916.,/tJXwtzOSNUC8dxJfrdvkNtGrrgW.jpg,1957-10-25,8.254,"['War', 'Drama']"
1179,"Grifters, The (1990)",Crime|Drama|Film-Noir,18129.0,"A small-time conman has his loyalties torn between his estranged mother and his new girlfriend, both of whom are high-stakes grifters with their own angles to play.",/zMpGfkiDIdg5bB7WGcAT3Fdrfpt.jpg,1990-08-08,6.502,"['Crime', 'Drama']"
1180,Hear My Song (1991),Comedy,54405.0,"Singer Josef Locke fled to Ireland 25 years ago to escape the clutches of the tax man and police Chief Jim Abbott. What he also left behind was the love of his life Cathleen Doyle. Now, Micky O’Neill is desperate to save both his ailing Liverpool nightclub ‘Heartly’s’ and his failing relationship with the beautiful Nancy, Cathleen’s daughter. The solution? Book the infamous Josef Locke.",/xD8hh10Atodan4tzYg3K2QFCrJ1.jpg,1991-12-27,5.8,['Comedy']
1183,"English Patient, The (1996)",Drama|Romance|War,409.0,"In the 1930s, Count Almásy is a Hungarian map maker employed by the Royal Geographical Society to chart the vast expanses of the Sahara Desert along with several other prominent explorers. As World War II unfolds, Almásy enters into a world of love, betrayal, and politics.",/8eHHqMg8qEYtVw8LQLygsHXSR2q.jpg,1996-11-14,7.1,"['Drama', 'Romance', 'War']"
1184,Mediterraneo (1991),Comedy|Drama,38251.0,"Greek Sea, World War II. An Italian ship leaves a handful of soldiers in a little island; their mission is to spot enemy ships and to hold the island in case of attack. The village of the island seems abandoned and there isn't a single enemy in sight, so the soldiers begin to relax a little. Things change when their ship is hit and destroyed by the enemy, and the soldiers find themselves abandoned there.",/omFU47TZSR7xAAZcDHKM48SmVwe.jpg,1991-02-02,7.623,"['Comedy', 'Romance', 'War']"
1185,My Left Foot (1989),Drama,10161.0,"No one expects much from Christy Brown, a boy with cerebral palsy born into a working-class Irish family. Though Christy is a spastic quadriplegic and essentially paralyzed, a miraculous event occurs when, at the age of 5, he demonstrates control of his left foot by using chalk to scrawl a word on the floor. With the help of his steely mother — and no shortage of grit and determination — Christy overcomes his infirmity to become a painter, poet and author.",/GRAAl0bMQFoFIjV3aunc5jsM5u.jpg,1989-04-07,7.518,['Drama']
1186,"Sex, Lies, and Videotape (1989)",Drama,1412.0,"Ann, a frustrated wife, enters into counseling due to a troubled marriage. Unbeknownst to her, her husband John has begun an affair with her sister. When John’s best friend Graham arrives, his penchant for interviewing women about their sex lives forever changes John and Ann’s rocky marriage.",/pj1uKm07svgXZDHbYE8AzRfNHcu.jpg,1989-08-04,6.94,['Drama']
1187,Passion Fish (1992),Drama,41768.0,"After an accident leaves her a paraplegic, a former soap opera star struggles to recover both emotionally and mentally, until she meets her newest nurse, who has struggles of her own.",/g60GELLr2oGnlJX5Yidkl9ufFYv.jpg,1992-12-11,6.9,['Drama']
1188,Strictly Ballroom (1992),Comedy|Romance,10409.0,"Brave new steps put Scott's career in jeopardy. With a new partner and determination, can he still succeed?",/f6vs4DQGuNpLuA5Z7k69uuKpbVG.jpg,1992-08-20,6.564,"['Comedy', 'Drama', 'Romance']"
1189,"Thin Blue Line, The (1988)",Documentary,14285.0,This unique documentary dramatically re-enacts the crime scene and investigation of a police officer's murder in Dallas.,/4w4BJk3l8y9gYwPPLRs6uPHOmGL.jpg,1988-08-28,7.634,"['Crime', 'Documentary']"
1190,Tie Me Up! Tie Me Down! (¡Átame!) (1990),Crime|Drama|Romance,2469.0,"After being released from a mental hospital, a troubled young man tracks down an actress he once had sex with and forces her into captivity, determined to make her part of his life.",/4eNyqA543ixNCME8pcADgP9wb1i.jpg,1990-01-22,6.83,"['Comedy', 'Romance', 'Drama']"
1191,Madonna: Truth or Dare (1991),Documentary|Musical,10174.0,"From the rains of Japan, through threats of arrest for 'public indecency' in Canada, and a birthday tribute to her father in Detroit, this documentary follows Madonna on her 1990 'Blond Ambition' concert tour. Filmed in black and white, with the concert pieces in glittering MTV color, it is an intimate look at the work of the icon, from a prayer circle before each performance to bed games with the dance troupe afterwards.",/kJHCqwDgS9MEhdChIkGn7QAUoyL.jpg,1991-05-10,6.2,"['Music', 'Documentary']"
1192,Paris Is Burning (1990),Documentary,31225.0,"Where does voguing come from, and what, exactly, is throwing shade? This landmark documentary provides a vibrant snapshot of the 1980s through the eyes of New York City's African American and Latinx Harlem drag-ball scene. Made over seven years, PARIS IS BURNING offers an intimate portrait of rival fashion ""houses,"" from fierce contests for trophies to house mothers offering sustenance in a world rampant with homophobia, transphobia, racism, AIDS, and poverty. Featuring legendary voguers, drag queens, and trans women — including Willi Ninja, Pepper LaBeija, Dorian Corey, and Venus Xtravaganza.",/90rCWH41mj9hjHUEy2SOHfuAOl3.jpg,1991-03-13,8.0,['Documentary']
1193,One Flew Over the Cuckoo's Nest (1975),Drama,510.0,"A petty criminal fakes insanity to serve his sentence in a mental ward rather than prison. He soon finds himself as a leader to the other patients—and an enemy to the cruel, domineering nurse who runs the ward.",/kjWsMh72V6d8KRLV4EOoSJLT1H7.jpg,1975-11-19,8.412,['Drama']
1194,Cheech and Chong's Up in Smoke (1978),Comedy,11455.0,"An unemployed pot-smoking slacker and amateur drummer, Anthony Stoner ditches his strict parents and hits the road, eventually meeting kindred spirit Pedro de Pacas. While the drug-ingesting duo is soon arrested for possession of marijuana, Anthony and Pedro get released on a technicality, allowing them to continue their many misadventures and ultimately compete in a rock band contest, where they perform the raucous tune ""Earache My Eye.""",/lKXINU3ApbhFPQJ3pqgMzGPCYnH.jpg,1978-05-16,6.645,"['Adventure', 'Comedy']"
1196,Star Wars: Episode V - The Empire Strikes Back (1980),Action|Adventure|Sci-Fi,1891.0,"The epic saga continues as Luke Skywalker, in hopes of defeating the evil Galactic Empire, learns the ways of the Jedi from aging master Yoda. But Darth Vader is more determined than ever to capture Luke. Meanwhile, rebel leader Princess Leia, cocky Han Solo, Chewbacca, and droids C-3PO and R2-D2 are thrown into various stages of capture, betrayal and despair.",/nNAeTmF4CtdSgMDplXTDPOpYzsX.jpg,1980-05-20,8.392,"['Adventure', 'Action', 'Science Fiction']"
1197,"Princess Bride, The (1987)",Action|Adventure|Comedy|Fantasy|Romance,2493.0,"In this enchantingly cracked fairy tale, the beautiful Princess Buttercup and the dashing Westley must overcome staggering odds to find happiness amid six-fingered swordsmen, murderous princes, Sicilians and rodents of unusual size. But even death can't stop these true lovebirds from triumphing.",/2FC9L9MrjBoGHYjYZjdWQdopVYb.jpg,1987-09-25,7.696,"['Adventure', 'Family', 'Fantasy', 'Comedy', 'Romance']"
1198,Raiders of the Lost Ark (Indiana Jones and the Raiders of the Lost Ark) (1981),Action|Adventure,85.0,"When Dr. Indiana Jones – the tweed-suited professor who just happens to be a celebrated archaeologist – is hired by the government to locate the legendary Ark of the Covenant, he finds himself up against the entire Nazi regime.",/ceG9VzoRAVGwivFU403Wc3AHRys.jpg,1981-06-12,7.923,"['Adventure', 'Action']"
1199,Brazil (1985),Fantasy|Sci-Fi,68.0,"Low-level bureaucrat Sam Lowry escapes the monotony of his day-to-day life through a recurring daydream of himself as a virtuous hero saving a beautiful damsel. Investigating a case that led to the wrongful arrest and eventual death of an innocent man instead of wanted terrorist Harry Tuttle, he meets the woman from his daydream, and in trying to help her gets caught in a web of mistaken identities, mindless bureaucracy and lies.",/aewan59WcFThBimkTVVoNf2o5Vb.jpg,1985-02-20,7.667,"['Comedy', 'Science Fiction']"
1200,Aliens (1986),Action|Adventure|Horror|Sci-Fi,679.0,"Ripley, the sole survivor of the Nostromo's deadly encounter with the monstrous Alien, returns to Earth after drifting through space in hypersleep for 57 years. Although her story is initially met with skepticism, she agrees to accompany a team of Colonial Marines back to LV-426.",/r1x5JGpyqZU8PYhbs4UcrO1Xb6x.jpg,1986-07-18,7.96,"['Action', 'Thriller', 'Science Fiction']"
1201,"Good, the Bad and the Ugly, The (Buono, il brutto, il cattivo, Il) (1966)",Action|Adventure|Western,429.0,"While the Civil War rages on between the Union and the Confederacy, three men – a quiet loner, a ruthless hitman, and a Mexican bandit – comb the American Southwest in search of a strongbox containing $200,000 in stolen gold.",/bX2xnavhMYjWDoZp1VM6VnU1xwe.jpg,1966-12-23,8.5,['Western']
1202,Withnail & I (1987),Comedy,13446.0,"Two out-of-work actors -- the anxious, luckless Marwood and his acerbic, alcoholic friend, Withnail -- spend their days drifting between their squalid flat, the unemployment office and the pub. When they take a holiday ""by mistake"" at the country house of Withnail's flamboyantly gay uncle, Monty, they encounter the unpleasant side of the English countryside: tedium, terrifying locals and torrential rain.",/i18cIp8A10A2JgByrfA9oIC9299.jpg,1987-06-19,7.249,"['Comedy', 'Drama']"
1203,12 Angry Men (1957),Drama,389.0,"The defense and the prosecution have rested and the jury is filing into the jury room to decide if a young Spanish-American is guilty or innocent of murdering his father. What begins as an open and shut case soon becomes a mini-drama of each of the jurors' prejudices and preconceptions about the trial, the accused, and each other.",/zhG3vKWyDRaZYoaww1UVAi29T9h.jpg,1957-04-10,8.558,['Drama']
1204,Lawrence of Arabia (1962),Adventure|Drama|War,947.0,"During World War I, English officer Thomas Edward 'T.E.' Lawrence sets out to unite and lead the diverse, often warring, Arab tribes to fight the Turks.",/AiAm0EtDvyGqNpVoieRw4u65vD1.jpg,1962-12-11,7.994,"['Adventure', 'History', 'War']"
1206,"Clockwork Orange, A (1971)",Crime|Drama|Sci-Fi|Thriller,185.0,"In a near-future Britain, young Alexander DeLarge and his pals get their kicks beating and raping anyone they please. When not destroying the lives of others, Alex swoons to the music of Beethoven. The state, eager to crack down on juvenile crime, gives an incarcerated Alex the option to undergo an invasive procedure that'll rob him of all personal agency. In a time when conscience is a commodity, can Alex change his tune?",/4sHeTAp65WrSSuc05nRBKddhBxO.jpg,1971-10-28,8.178,"['Science Fiction', 'Crime']"
1207,To Kill a Mockingbird (1962),Drama,595.0,"Scout Finch, 6, and her older brother Jem live in sleepy Maycomb, Alabama, spending much of their time with their friend Dill and spying on their reclusive and mysterious neighbor, Boo Radley. When Atticus, their widowed father and a respected lawyer, defends a black man named Tom Robinson against fabricated rape charges, the trial and tangent events expose the children to evils of racism and stereotyping.",/gZycFUMLx2110dzK3nBNai7gfpM.jpg,1962-12-20,7.996,['Drama']
1208,Apocalypse Now (1979),Action|Drama|War,28.0,"At the height of the Vietnam war, Captain Benjamin Willard is sent on a dangerous mission that, officially, ""does not exist, nor will it ever exist."" His goal is to locate - and eliminate - a mysterious Green Beret Colonel named Walter Kurtz, who has been leading his personal army on illegal guerrilla missions into enemy territory.",/gQB8Y5RCMkv2zwzFHbUJX3kAhvA.jpg,1979-05-19,8.268,"['Drama', 'War']"
1209,Once Upon a Time in the West (C'era una volta il West) (1968),Action|Drama|Western,335.0,"As the railroad builders advance unstoppably through the Arizona desert on their way to the sea, Jill arrives in the small town of Flagstone with the intention of starting a new life.",/qbYgqOczabWNn2XKwgMtVrntD6P.jpg,1968-12-21,8.277,"['Drama', 'Western']"
1210,Star Wars: Episode VI - Return of the Jedi (1983),Action|Adventure|Sci-Fi,1892.0,"Luke Skywalker leads a mission to rescue his friend Han Solo from the clutches of Jabba the Hutt, the Emperor prepares to crush the Rebellion with a more powerful Death Star, and the Rebel fleet mounts a massive attack on the space station. Luke Skywalker confronts Darth Vader in a final climactic duel before the evil Emperor.",/jQYlydvHm3kUix1f8prMucrplhm.jpg,1983-05-25,7.906,"['Adventure', 'Action', 'Science Fiction']"
1211,"Wings of Desire (Himmel über Berlin, Der) (1987)",Drama|Fantasy|Romance,144.0,"Two angels, Damiel and Cassiel, glide through the streets of Berlin, observing the bustling population, providing invisible rays of hope to the distressed but never interacting with them. When Damiel falls in love with lonely trapeze artist Marion, the angel longs to experience life in the physical world, and finds — with some words of wisdom from actor Peter Falk — that it might be possible for him to take human form.",/iZQs2vUeCzvS1KfZJ6uYNCGJBBV.jpg,1987-09-23,7.8,"['Drama', 'Fantasy', 'Romance']"
1212,"Third Man, The (1949)",Film-Noir|Mystery|Thriller,1092.0,"In postwar Vienna, Austria, Holly Martins, a writer of pulp Westerns, arrives penniless as a guest of his childhood chum Harry Lime, only to learn he has died. Martins develops a conspiracy theory after learning of a ""third man"" present at the time of Harry's death, running into interference from British officer Major Calloway, and falling head-over-heels for Harry's grief-stricken lover, Anna.",/rO2Fq0AZZx9obs52KJdx4mRE8p5.jpg,1949-08-31,7.902,"['Thriller', 'Mystery']"
1213,Goodfellas (1990),Crime|Drama,769.0,"The true story of Henry Hill, a half-Irish, half-Sicilian Brooklyn kid who is adopted by neighbourhood gangsters at an early age and climbs the ranks of a Mafia family under the guidance of Jimmy Conway.",/9OkCLM73MIU2CrKZbqiT8Ln1wY2.jpg,1990-09-12,8.5,"['Drama', 'Crime']"
1214,Alien (1979),Horror|Sci-Fi,348.0,"During its return to the earth, commercial spaceship Nostromo intercepts a distress signal from a distant planet. When a three-member team of the crew discovers a chamber containing thousands of eggs on the planet, a creature inside one of the eggs attacks an explorer. The entire crew is unaware of the impending nightmare set to descend upon them when the alien parasite planted inside its unfortunate host is birthed.",/vfrQk5IPloGg1v9Rzbh2Eg3VGyM.jpg,1979-05-25,8.169,"['Horror', 'Science Fiction']"
1215,Army of Darkness (1993),Action|Adventure|Comedy|Fantasy|Horror,766.0,"Ash, a handsome, shotgun-toting, chainsaw-armed department store clerk, is time warped backwards into England's Dark Ages, where he romances a beauty and faces legions of the undead.",/xsgTuAtR2zSH8Umg3jWZcZjlDpe.jpg,1992-10-31,7.26,"['Fantasy', 'Horror', 'Comedy']"
1216,"Big Blue, The (Grand bleu, Le) (1988)",Adventure|Drama|Romance,175.0,"Childhood friends Jacques and Enzo share a passion for the danger of free diving. Professional diver Jacques opted to follow in the footsteps of his father, who died at sea when Jacques was a boy; to the bewilderment of scientists, Jacques harbors a remarkable ability to adjust his heart rate and breathing pattern in the water, so that his vital signs more closely resemble that of dolphins than men. As Enzo persuades a reluctant Jacques to compete against him in a free diving contest -- determining who can dive deeper and longer without scuba gear -- Jacques meets Johana, a beautiful American insurance investigator, and finds that he must choose between his love for her and his love of the sea.",/3t5t7yaFiTJQlqxiTkXJMFZdkh3.jpg,1988-05-10,7.444,"['Romance', 'Adventure', 'Drama']"
1217,Ran (1985),Drama|War,11645.0,Shakespeare's King Lear is reimagined as a singular historical epic set in sixteenth-century Japan where an aging warlord divides his kingdom between his three sons.,/1gKWXRVgesduqHDfR8siXppfELO.jpg,1985-06-01,8.03,"['Action', 'Drama', 'History']"
1218,"Killer, The (Die xue shuang xiong) (1989)",Action|Crime|Drama|Thriller,10835.0,"Mob assassin Jeffrey is no ordinary hired gun; the best in his business, he views his chosen profession as a calling rather than simply a job. So, when beautiful nightclub chanteuse Jennie is blinded in the crossfire of his most recent hit, Jeffrey chooses to retire after one last job to pay for his unintended victim's sight-restoring operation. But when Jeffrey is double-crossed, he reluctantly joins forces with a rogue policeman to make things right.",/8hTxlSqMAHBXAh1eB69ir0BXhzE.jpg,1989-03-24,7.583,"['Action', 'Crime', 'Drama', 'Thriller']"
1219,Psycho (1960),Crime|Horror,539.0,"When larcenous real estate clerk Marion Crane goes on the lam with a wad of cash and hopes of starting a new life, she ends up at the notorious Bates Motel, where manager Norman Bates cares for his housebound mother.",/yz4QVqPx3h1hD1DfqqQkCq3rmxW.jpg,1960-06-22,8.416,"['Horror', 'Thriller', 'Mystery']"
1220,"Blues Brothers, The (1980)",Action|Comedy|Musical,525.0,"Jake Blues, just released from prison, puts his old band back together to save the Catholic home where he and his brother Elwood were raised.",/rhYJKOt6UrQq7JQgLyQcSWW5R86.jpg,1980-06-16,7.717,"['Music', 'Comedy', 'Action', 'Crime']"
1221,"Godfather: Part II, The (1974)",Crime|Drama,240.0,"In the continuing saga of the Corleone crime family, a young Vito Corleone grows up in Sicily and in 1910s New York. In the 1950s, Michael Corleone attempts to expand the family business into Las Vegas, Hollywood and Cuba.",/hek3koDUyRQk7FIhPXsa6mT2Zc3.jpg,1974-12-20,8.572,"['Drama', 'Crime']"
1222,Full Metal Jacket (1987),Drama|War,600.0,A pragmatic U.S. Marine observes the dehumanizing effects the U.S.-Vietnam War has on his fellow recruits from their brutal boot camp training to the bloody street fighting in Hue.,/kMKyx1k8hWWscYFnPbnxxN4Eqo4.jpg,1987-06-26,8.1,"['Drama', 'War']"
1223,"Grand Day Out with Wallace and Gromit, A (1989)",Adventure|Animation|Children|Comedy|Sci-Fi,530.0,"Wallace and Gromit have run out of cheese, and this provides an excellent excuse for the duo to take their holiday to the moon, where, as everyone knows, there is ample cheese.",/h5e3r12VwfUotN36fBr1DNeCD4n.jpg,1990-05-18,7.5,"['Family', 'Animation', 'Comedy', 'Science Fiction', 'Adventure']"
1224,Henry V (1989),Action|Drama|Romance|War,10705.0,"In 1415, in the midst of the Hundred Years' War, the young King Henry V of England embarks on the conquest of France.",/w9R2HsYNnfF3m9uEo2UAmPNJr8a.jpg,1989-10-05,7.132,"['War', 'Drama', 'History']"
1225,Amadeus (1984),Drama,279.0,Disciplined Italian composer Antonio Salieri becomes consumed by jealousy and resentment towards the hedonistic and remarkably talented young Salzburger composer Wolfgang Amadeus Mozart.,/gQRfiyfGvr1az0quaYyMram3Aqt.jpg,1984-09-19,8.024,"['History', 'Music', 'Drama']"
1226,"Quiet Man, The (1952)",Drama|Romance,3109.0,"An American man returns to the village of his birth in Ireland, where he finds love and conflict.",/u3B1hVKHE56yBRoxF3Nk9uxHdYN.jpg,1952-07-21,7.3,"['Romance', 'Comedy', 'Drama']"
1227,Once Upon a Time in America (1984),Crime|Drama,311.0,"A former Prohibition-era Jewish gangster returns to the Lower East Side of Manhattan over thirty years later, where he once again must confront the ghosts and regrets of his old life.",/i0enkzsL5dPeneWnjl1fCWm6L7k.jpg,1984-05-23,8.383,"['Drama', 'Crime']"
1228,Raging Bull (1980),Drama,1578.0,"The life of boxer Jake LaMotta, whose violence and temper that led him to the top in the ring destroyed his life outside of it.",/1WV7WlTS8LI1L5NkCgjWT9GSW3O.jpg,1980-11-14,7.904,"['Drama', 'History']"
1230,Annie Hall (1977),Comedy|Romance,703.0,New York comedian Alvy Singer falls in love with the ditsy Annie Hall.,/dEtjPywhDbAXYjoFfhBC4U9unU7.jpg,1977-04-19,7.7,"['Comedy', 'Drama', 'Romance']"
1231,"Right Stuff, The (1983)",Drama,9549.0,"At the dawn of the Space Race, seven test pilots set out to become the first American astronauts to enter space. However, the road to making history brings momentous challenges.",/kFR1p46HXJVVMpmOil8bNWnAQ50.jpg,1983-10-20,7.4,"['Drama', 'History', 'Adventure']"
1232,Stalker (1979),Drama|Mystery|Sci-Fi,1398.0,"Near a gray and unnamed city is the Zone, a place guarded by barbed wire and soldiers, and where the normal laws of physics are victim to frequent anomalies. A stalker guides two men into the Zone, specifically to an area in which deep-seated desires are granted.",/1qhOyf5C4s9ZdvY8d5JDx9DFMeT.jpg,1979-05-25,8.096,"['Science Fiction', 'Drama']"
1233,"Boot, Das (Boat, The) (1981)",Action|Drama|War,387.0,"A German submarine hunts allied ships during the Second World War, but it soon becomes the hunted. The crew tries to survive below the surface, while stretching both the boat and themselves to their limits.",/u8FhQPncOAkwcei2OI9orPWhV6K.jpg,1981-09-17,8.087,"['Drama', 'History', 'War']"
1234,"Sting, The (1973)",Comedy|Crime,9277.0,A novice con man teams up with an acknowledged master to avenge the murder of a mutual friend by pulling off the ultimate big con and swindling a fortune from a big-time mobster.,/ckmYng37zey8INYf6d10cVgIG93.jpg,1973-12-25,8.015,"['Comedy', 'Crime', 'Drama']"
1235,Harold and Maude (1971),Comedy|Drama|Romance,343.0,A deadpan young man obsessed with death meets an eccentric septuagenarian who teaches him to live life to the fullest.,/t7qEuGwDjcYu8ajaKZ68DeDnOxw.jpg,1971-12-20,7.6,"['Comedy', 'Drama', 'Romance']"
1236,Trust (1990),Comedy|Drama|Romance,37291.0,"After being thrown away from home, pregnant high school dropout Maria meets Matthew, a highly educated and extremely moody electronics repairman. The two begin an unusual romance built on their sense of mutual admiration and trust.",/9wE7LuIkvuPfr4Ye6fMqPXHqaiE.jpg,1990-09-09,6.802,"['Drama', 'Comedy', 'Romance']"
1237,"Seventh Seal, The (Sjunde inseglet, Det) (1957)",Drama,490.0,"When disillusioned Swedish knight Antonius Block returns home from the Crusades to find his country in the grips of the Black Death, he challenges Death to a chess match for his life. Tormented by the belief that God does not exist, Block sets off on a journey, meeting up with traveling players Jof and his wife, Mia, and becoming determined to evade Death long enough to commit one redemptive act while he still lives.",/wcZ21zrOsy0b52AfAF50XpTiv75.jpg,1957-02-16,8.161,"['Fantasy', 'Drama']"
1238,Local Hero (1983),Comedy,11235.0,An American oil company sends a man to Scotland to buy up an entire village where they want to build a refinery. But things don't go as expected.,/jqxD0H9a1rg5bXftsm6gsNOjt4n.jpg,1983-02-17,6.785,"['Comedy', 'Drama']"
1240,"Terminator, The (1984)",Action|Sci-Fi|Thriller,218.0,"In the post-apocalyptic future, reigning tyrannical supercomputers teleport a cyborg assassin known as the ""Terminator"" back to 1984 to kill Sarah Connor, whose unborn son is destined to lead insurgents against 21st century mechanical hegemony. Meanwhile, the human-resistance movement dispatches a lone warrior to safeguard Sarah. Can he stop the virtually indestructible killing machine?",/qvktm0BHcnmDpul4Hz01GIazWPr.jpg,1984-10-26,7.677,"['Action', 'Thriller', 'Science Fiction']"
1241,Dead Alive (Braindead) (1992),Comedy|Fantasy|Horror,763.0,"When a Sumatran rat-monkey bites Lionel Cosgrove's mother, she's transformed into a zombie and begins killing (and transforming) the entire town while Lionel races to keep things under control.",/pa39D8TQs6aNw3hiUs4jLjHVUB0.jpg,1992-08-13,7.393,"['Horror', 'Comedy']"
1242,Glory (1989),Drama|War,9665.0,"Robert Gould Shaw leads the US Civil War's first all-black volunteer company, fighting prejudices of both his own Union army and the Confederates.",/pGDzBjZvzmSCIEduQBfESLMiwtp.jpg,1989-12-15,7.474,"['Drama', 'History', 'War']"
1243,Rosencrantz and Guildenstern Are Dead (1990),Comedy|Drama,18971.0,"Rosencrantz and Guildensterm, minor characters from the play 'Hamlet', find themselves on the road to Elsinore Castle at the behest of the King of Denmark. The duo encounter a band of players before arriving to find that they are needed to try to discern what troubles the prince Hamlet. Meanwhile, they ponder the meaning of their existence.",/6RI9sYpRxIdqlmsF6kBOiF7Bxug.jpg,1991-02-08,6.894,"['Comedy', 'Drama']"
1244,Manhattan (1979),Comedy|Drama|Romance,696.0,Manhattan explores how the life of a middle-aged television writer dating a teenage girl is further complicated when he falls in love with his best friend's mistress.,/k4eT3EvfxW1L9Wmt04UqJqCvCR6.jpg,1979-04-25,7.7,"['Comedy', 'Drama', 'Romance']"
1245,Miller's Crossing (1990),Crime|Drama|Film-Noir|Thriller,379.0,"Set in 1929, a political boss and his advisor have a parting of the ways when they both fall for the same woman.",/i83gYdglRCjCRLSsmCk5nRWRmDM.jpg,1990-09-21,7.453,"['Drama', 'Thriller', 'Crime']"
1246,Dead Poets Society (1989),Drama,207.0,"At an elite, old-fashioned boarding school in New England, a passionate English teacher inspires his students to rebel against convention and seize the potential of every day, courting the disdain of the stern headmaster.",/l5NbiHKUmahlAT3Q1ig8Tyl9xrc.jpg,1989-06-02,8.301,['Drama']
1247,"Graduate, The (1967)",Comedy|Drama|Romance,37247.0,A disillusioned college graduate finds himself torn between his older lover and her daughter.,/z1Z1tZMR66RxcNeHbwoEhYeqOlP.jpg,1967-12-21,7.631,"['Drama', 'Romance', 'Comedy']"
1248,Touch of Evil (1958),Crime|Film-Noir|Thriller,1480.0,"A border-town bombing draws Mexican investigator Miguel Vargas into a corruption-ridden police investigation led by crooked captain Hank Quinlan, setting off a deadly struggle over power, justice, and truth.",/1pvRgmfBaoMczIJBOi9gCOZ4FMC.jpg,1958-03-30,7.754,"['Crime', 'Thriller']"
1249,"Femme Nikita, La (Nikita) (1990)",Action|Crime|Romance|Thriller,9322.0,"A beautiful felon, sentenced to life in prison for the murder of a policeman, is given a second chance – as a secret political assassin controlled by the government.",/1ulQDewUG4KKHOhpXdGKm3GdLFq.jpg,1990-02-21,7.106,"['Action', 'Thriller']"
1250,"Bridge on the River Kwai, The (1957)",Adventure|Drama|War,826.0,"The classic story of English POWs in Burma forced to build a bridge to aid the war effort of their Japanese captors. British and American intelligence officers conspire to blow up the structure, but Col. Nicholson, the commander who supervised the bridge's construction, has acquired a sense of pride in his creation and tries to foil their plans.",/7paXMt2e3Tr5dLmEZOGgFEn2Vo7.jpg,1957-10-11,7.8,"['Drama', 'History', 'War']"
1251,8 1/2 (8½) (1963),Drama|Fantasy,422.0,"Guido Anselmi, a film director, finds himself creatively barren at the peak of his career. Urged by his doctors to rest, Anselmi heads for a luxurious resort, but a sorry group gathers—his producer, staff, actors, wife, mistress, and relatives—each one begging him to get on with the show. In retreat from their dependency, he fantasizes about past women and dreams of his childhood.",/nqOsvzEamX7AyNwSx48OOV2iidE.jpg,1963-02-14,8.107,['Drama']
1252,Chinatown (1974),Crime|Film-Noir|Mystery|Thriller,829.0,"Private eye Jake Gittes lives off of the murky moral climate of sunbaked, pre-World War II Southern California. Hired by a beautiful socialite to investigate her husband's extra-marital affair, Gittes is swept into a maelstrom of double dealings and deadly deceits, uncovering a web of personal and political scandals that come crashing together.",/kZRSP3FmOcq0xnBulqpUQngJUXY.jpg,1974-06-20,7.91,"['Crime', 'Drama', 'Mystery', 'Thriller']"
1253,"Day the Earth Stood Still, The (1951)",Drama|Sci-Fi|Thriller,828.0,An alien and a robot land on Earth after World War II and tell mankind to be peaceful or face destruction.,/eslDNzf0LF1m9GsgUXlmyfTcC6Y.jpg,1951-09-18,7.458,"['Science Fiction', 'Thriller', 'Drama']"
1254,"Treasure of the Sierra Madre, The (1948)",Action|Adventure|Drama|Western,3090.0,"Two jobless Americans convince a prospector to travel to the mountains of Mexico with them in search of gold. But the hostile wilderness, local bandits, and greed all get in the way of their journey.",/pWcst7zVbi8Z8W6GFrdNE7HHRxL.jpg,1948-01-15,7.955,"['Adventure', 'Drama', 'Western']"
1255,Bad Taste (1987),Comedy|Horror|Sci-Fi,9964.0,"A team from the intergalactic fast food chain Crumb's Crunchy Delights descends on Earth, planning to make human flesh the newest taste sensation. After they wipe out the New Zealand town Kaihoro, the country’s Astro-Investigation and Defense Service (AIaDS) is called in to deal with the problem. Things are complicated due to Giles, an aid worker who comes to Kaihoro the same day to collect change from the residents. He is captured by the aliens, and AIaDS stages a rescue mission that quickly becomes an all-out assault on the aliens’ headquarters.",/msttMX3undIiaeJLZbMRq94v1bw.jpg,1987-12-01,6.3,"['Action', 'Comedy', 'Horror', 'Science Fiction']"
1256,Duck Soup (1933),Comedy|Musical|War,3063.0,Rufus T. Firefly is named president/dictator of bankrupt Freedonia and declares war on neighboring Sylvania over the love of wealthy Mrs. Teasdale.,/31t63plEGKHhYuuCpC9bFWO9SBS.jpg,1933-11-12,7.317,"['Comedy', 'War']"
1257,Better Off Dead... (1985),Comedy|Romance,13667.0,"High school student Lane Meyer sinks into suicidal depression when his girlfriend dumps him for jock Roy Stalin, the high school ski racing champion. Meanwhile, he has to deal with his eccentric family, a tenacious paperboy and an obnoxious neighbor whose mother is hosting a beautiful French exchange student named Monique.",/pHmbSkpxdB7jXozrovEfacArtW0.jpg,1985-08-23,6.573,"['Comedy', 'Romance']"
1258,"Shining, The (1980)",Horror,694.0,"Jack Torrance accepts a caretaker job at the Overlook Hotel, where he, along with his wife Wendy and their son Danny, must live isolated from the rest of the world for the winter. But they aren't prepared for the madness that lurks within.",/uAR0AWqhQL1hQa69UDEbb2rE5Wx.jpg,1980-05-23,8.205,"['Horror', 'Thriller']"
1259,Stand by Me (1986),Adventure|Drama,235.0,"After learning that a boy their age has been accidentally killed near their rural homes, four boys decide to go see the body. Gordie, Vern, Chris, and Teddy encounter a mean junk man and a marsh full of leeches, but they also learn more about one another and their very different home lives. Just a lark at first, the boys' adventure evolves into a defining event in their lives.",/vz0w9BSehcqjDcJOjRaCk7fgJe7.jpg,1986-08-08,7.841,"['Crime', 'Drama']"
1260,M (1931),Crime|Film-Noir|Thriller,832.0,"In this classic German thriller, Hans Beckert, a serial killer who preys on children, becomes the focus of a massive Berlin police manhunt. Beckert's heinous crimes are so repellant and disruptive to city life that he is even targeted by others in the seedy underworld network. With both cops and criminals in pursuit, the murderer soon realizes that people are on his trail, sending him into a tense, panicked attempt to escape justice.",/bTdZk3q2DWpBRnLiaaItKFWOVhI.jpg,1931-05-11,8.061,"['Drama', 'Thriller', 'Crime']"
1261,Evil Dead II (Dead by Dawn) (1987),Action|Comedy|Fantasy|Horror,765.0,"Ash Williams and his girlfriend Linda find a log cabin in the woods with a voice recording from an archeologist who had recorded himself reciting ancient chants from ""The Book of the Dead."" As they play the recording an evil power is unleashed taking over Linda's body.",/4zqCKJVHUolGs6C5AZwAZqLWixW.jpg,1987-03-13,7.5,"['Horror', 'Comedy', 'Fantasy']"
1262,"Great Escape, The (1963)",Action|Adventure|Drama|War,5925.0,"The Nazis, exasperated at the number of escapes from their prison camps by a relatively small number of Allied prisoners, relocate them to a high-security 'escape-proof' camp to sit out the remainder of the war. Undaunted, the prisoners plan one of the most ambitious escape attempts of World War II. Based on a true story.",/gBH4H8UMFxl139HaLz6lRuvsel8.jpg,1963-07-03,7.929,"['Adventure', 'Drama', 'War']"
1263,"Deer Hunter, The (1978)",Drama|War,11778.0,"Three steelworkers enlist in the army and are sent to Vietnam, one leaving behind a rushed marriage, the others a shared love. What they encounter during the war changes their lives forever.",/bbGtogDZOg09bm42KIpCXUXICkh.jpg,1978-12-08,7.977,"['Drama', 'War']"
1264,Diva (1981),Action|Drama|Mystery|Romance|Thriller,4485.0,"Jules, a young Parisian postman, secretly records a concert performance given by the opera singer Cynthia Hawkins, whom he idolises. The following day, Jules runs into a woman who is being pursued by armed thugs. Before she is killed, the woman slips an audio cassette into his mail bag...",/x5fOCdfv0lRdeI71qLFdNEKWDsc.jpg,1981-03-11,6.701,"['Action', 'Drama', 'Thriller']"
1265,Groundhog Day (1993),Comedy|Fantasy|Romance,137.0,"A cynical TV weatherman, along with his idealistic producer and his sardonic cameraman, is sent to report on Groundhog Day in the small town of Punxsutawney, where he finds himself repeating the same day over and over.",/gCgt1WARPZaXnq523ySQEUKinCs.jpg,1993-02-11,7.626,"['Romance', 'Fantasy', 'Comedy']"
1266,Unforgiven (1992),Drama|Western,33.0,"William Munny is a retired, once-ruthless killer turned gentle widower and hog farmer. To help support his two motherless children, he accepts one last bounty-hunter mission to find the men who brutalized a prostitute. Joined by his former partner and a cocky greenhorn, he takes on a corrupt sheriff.",/54roTwbX9fltg85zjsmrooXAs12.jpg,1992-08-07,7.907,['Western']
1267,"Manchurian Candidate, The (1962)",Crime|Thriller|War,982.0,"Near the end of the Korean War, a platoon of U.S. soldiers is captured by communists and brainwashed. Following the war, the platoon is returned home, and Sergeant Raymond Shaw is lauded as a hero by the rest of his platoon. However, the platoon commander, Captain Bennett Marco, finds himself plagued by strange nightmares and soon races to uncover a terrible plot.",/2xQ856kd9hw6bB3OnusGyTvvkwB.jpg,1962-10-24,7.5,"['Thriller', 'Drama']"
1268,Pump Up the Volume (1990),Comedy|Drama,8428.0,"Mark Hunter, a lonely high school student, uses his shortwave radio to moonlight as the popular pirate DJ ""Hard Harry."" When his show gets blamed for a teen committing suicide, the students clash with high school faculty and the authorities.",/s1SyKrARJG2R7FyS4zkNdaekLAW.jpg,1990-08-22,7.0,"['Music', 'Drama']"
1269,Arsenic and Old Lace (1944),Comedy|Mystery|Thriller,212.0,"Mortimer Brewster, a newspaper drama critic, playwright, and author known for his diatribes against marriage, suddenly falls in love and gets married;  but when he makes a quick trip home to tell his two maiden aunts, he finds out his aunts' hobby - killing lonely old men and burying them in the cellar!",/xG1GEEQGgExKl0WT5sRo1Arst5D.jpg,1944-09-01,7.633,"['Comedy', 'Crime']"
1270,Back to the Future (1985),Adventure|Comedy|Sci-Fi,105.0,"Eighties teenager Marty McFly is accidentally sent back in time to 1955, inadvertently disrupting his parents' first meeting and attracting his mother's romantic interest. Marty must repair the damage to history by rekindling his parents' romance and - with the help of his eccentric inventor friend Doc Brown - return to 1985.",/vN5B5WgYscRGcQpVhHl6p9DDTP0.jpg,1985-07-03,8.325,"['Adventure', 'Comedy', 'Science Fiction']"
1271,Fried Green Tomatoes (1991),Comedy|Crime|Drama,1633.0,"Amidst her own personality crisis, a southern housewife meets an outgoing old woman who tells her the story of Idgie Threadgoode and Ruth Jamison, two young women who experienced hardships and love in 1920s Whistle Stop, Alabama.",/g71l1vbJwyAAYk8zKCkIQQ58qcb.jpg,1991-12-27,7.674,"['Drama', 'Comedy']"
1272,Patton (1970),Drama|War,11202.0,"""Patton"" tells the tale of General George S. Patton, famous tank commander of World War II. The film begins with Patton's career in North Africa and progresses through the invasion of Germany and the fall of the Third Reich. Side plots also speak of Patton's numerous faults such his temper and habit towards insubordination.",/rLM7jIEPTjj4CF7F1IrzzNjLUCu.jpg,1970-01-25,7.5,"['War', 'Drama', 'History']"
1273,Down by Law (1986),Comedy|Drama|Film-Noir,1554.0,"A disc jockey, a pimp and an Italian tourist escape from jail in New Orleans.",/4IyxoUQ7BB5kcSd7gASe2dTyWu7.jpg,1986-09-20,7.343,"['Crime', 'Drama', 'Comedy']"
1274,Akira (1988),Action|Adventure|Animation|Sci-Fi,149.0,A secret military project endangers Neo-Tokyo when it turns a biker gang member into a rampaging psychic psychopath that only two teenagers and a group of psychics can stop.,/neZ0ykEsPqxamsX6o5QNUFILQrz.jpg,1988-06-10,7.945,"['Animation', 'Science Fiction', 'Action']"
1275,Highlander (1986),Action|Adventure|Fantasy,8009.0,He fought his first battle on the Scottish Highlands in 1536. He will fight his greatest battle on the streets of New York City in 1986. His name is Connor MacLeod. He is immortal.,/8Z8dptJEypuLoOQro1WugD855YE.jpg,1986-03-07,6.859,"['Adventure', 'Action', 'Fantasy']"
1276,Cool Hand Luke (1967),Drama,903.0,"When petty criminal Luke Jackson is sentenced to two years in a Florida prison farm, he doesn't play by the rules of either the sadistic warden or the yard's resident heavy, Dragline, who ends up admiring the new guy's unbreakable will. Luke's bravado, even in the face of repeated stints in the prison's dreaded solitary confinement cell, ""the box,"" make him a rebel hero to his fellow convicts and a thorn in the side of the prison officers.",/4ykzTiHKLamh3eZJ8orVICtU2Jp.jpg,1967-11-01,7.739,"['Drama', 'Crime']"
1277,Cyrano de Bergerac (1990),Comedy|Drama|Romance,11673.0,"Famed swordsman and poet Cyrano de Bergerac is in love with his cousin Roxane. He has never expressed his love for her as he his large nose undermines his self-confidence. Then he finds a way to express his love to her, indirectly.",/80XJ5UkGuYTKDuALeG03BLk1OT1.jpg,1990-03-28,7.316,"['Drama', 'Comedy', 'History', 'Romance']"
1278,Young Frankenstein (1974),Comedy|Fantasy,3034.0,"A young neurosurgeon inherits the castle of his grandfather, the famous Dr. Victor von Frankenstein. In the castle he finds a funny hunchback, a pretty lab assistant and the elderly housekeeper. Young Frankenstein believes that the work of his grandfather was delusional, but when he discovers the book where the mad doctor described his reanimation experiment, he suddenly changes his mind.",/3BvvVKPg9yucChlSvQtJxAbLmj9.jpg,1974-12-15,7.854,['Comedy']
1279,Night on Earth (1991),Comedy|Drama,339.0,A quintet of cabbies in five cities and their remarkable fares on the same eventful night.,/ktejUHCo6c8DekpOtR3uSb6oDXr.jpg,1991-12-12,7.525,"['Comedy', 'Drama']"
1280,Raise the Red Lantern (Da hong deng long gao gao gua) (1991),Drama,10404.0,"In 1920s China, 19-year-old Songlian becomes a concubine of a powerful lord and is forced to compete with his three wives for the privileges gained.",/j6MGZpg55cTqlHHwahBtzI2qQg1.jpg,1991-12-18,7.915,['Drama']
1281,"Great Dictator, The (1940)",Comedy|Drama|War,914.0,Dictator Adenoid Hynkel tries to expand his empire while a poor Jewish barber tries to avoid persecution from Hynkel's regime.,/1QpO9wo7JWecZ4NiBuu625FiY1j.jpg,1940-10-15,8.281,"['Comedy', 'War']"
1282,Fantasia (1940),Animation|Children|Fantasy|Musical,756.0,"Walt Disney's timeless masterpiece is an extravaganza of sight and sound! See the music come to life, hear the pictures burst into song and experience the excitement that is Fantasia over and over again.",/5m9njnidjR0syG2gpVPVgcEMB2X.jpg,1940-11-13,7.3,"['Animation', 'Family', 'Fantasy']"
1283,High Noon (1952),Drama|Western,288.0,"Will Kane, the sheriff of a small town in New Mexico, learns a notorious outlaw he put in jail has been freed, and will be arriving on the noon train. Knowing the outlaw and his gang are coming to kill him, Kane is determined to stand his ground, so he attempts to gather a posse from among the local townspeople.",/qETSMQ4IXBSAS409Z9OL0ppXWTW.jpg,1952-06-09,7.664,"['Western', 'Drama', 'Thriller']"
1284,"Big Sleep, The (1946)",Crime|Film-Noir|Mystery,910.0,"Private Investigator Philip Marlowe is hired by wealthy General Sternwood regarding a matter involving his youngest daughter Carmen. Before the complex case is over, Marlowe sees murder, blackmail, deception, and what might be love.",/lraHo9D8c0YWfxsKqT5P5sVqMKN.jpg,1946-08-22,7.6,"['Mystery', 'Crime', 'Thriller']"
1285,Heathers (1989),Comedy,2640.0,"A girl who halfheartedly tries to be part of the ""in crowd"" of her school meets a rebel who teaches her a more devious way to play social politics: by killing the popular kids.",/dGbVfM4WlM7uvIbyRehfPZUIgp2.jpg,1989-03-31,7.27,"['Comedy', 'Crime']"
1286,Somewhere in Time (1980),Drama|Romance,16633.0,"Young writer Richard Collier is met on the opening night of his first play by an old lady who begs him to ""Come back to me"". Mystified, he tries to find out about her, and learns that she is a famous stage actress from the early twentieth century. Becoming more and more obsessed with her, by self-hypnosis he manages to travel back in time—where he meets her.",/hmdegiSwVYUNvEfihaE3HRM3Sos.jpg,1980-10-02,7.528,"['Drama', 'Fantasy', 'Romance']"
1287,Ben-Hur (1959),Action|Adventure|Drama,665.0,"In ancient Judea, a Jewish aristocrat opposing Roman occupation of his homeland reunites with his childhood friend, now a Roman commander — setting in motion a saga of betrayal, adventure, tragedy, revenge, and faith.",/m4WQ1dBIrEIHZNCoAjdpxwSKWyH.jpg,1959-11-18,7.881,"['History', 'Drama', 'Adventure']"
1288,This Is Spinal Tap (1984),Comedy,11031.0,"""This Is Spinal Tap"" shines a light on the self-contained universe of a metal band struggling to get back on the charts, including everything from its complicated history of ups and downs, gold albums, name changes and undersold concert dates, along with the full host of requisite groupies, promoters, hangers-on and historians, sessions, release events and those special behind-the-scenes moments that keep it all real.",/b3lllDltoBws5uKZzBYVSjpjjJx.jpg,1984-03-02,7.417,"['Comedy', 'Music']"
1289,Koyaanisqatsi (a.k.a. Koyaanisqatsi: Life Out of Balance) (1983),Documentary,11314.0,Takes us to locations all around the US and shows us the heavy toll that modern technology is having on humans and the earth. The visual tone poem contains neither dialogue nor a vocalized narration: its tone is set by the juxtaposition of images and the exceptional music by Philip Glass.,/6zCNciRcob8lwuydVXgq0esla8L.jpg,1983-04-27,7.9,"['Documentary', 'Music']"
1290,Some Kind of Wonderful (1987),Drama|Romance,15143.0,"Keith Nelson, an artsy high school outcast, tries to land a date with popular girl Amanda Jones with some help from his tomboy best friend, Watts. However, Watts realizes she likes Keith as more than just a friend and tries to convince him to stop pursuing Amanda. Matters are further complicated when Keith's invitation draws the ire of Amanda's rich yet snobby ex-boyfriend, Hardy Jenns, who makes plans to get even.",/6z6ZUrwbAJl9Nq43OY77O7iY80x.jpg,1987-02-27,6.835,"['Romance', 'Comedy']"
1291,Indiana Jones and the Last Crusade (1989),Action|Adventure,89.0,"In 1938, an art collector appeals to eminent archaeologist Dr. Indiana Jones to embark on a search for the Holy Grail. Indy learns that a medieval historian has vanished while searching for it, and the missing man is his own father, Dr. Henry Jones Sr.. He sets out to rescue his father by following clues in the old man's notebook, which his father had mailed to him before he went missing. Indy arrives in Venice, where he enlists the help of a beautiful academic, Dr. Elsa Schneider, along with Marcus Brody and Sallah. Together they must stop the Nazis from recovering the power of eternal life and taking over the world!",/sizg1AU8f8JDZX4QIgE4pjUMBvx.jpg,1989-05-24,7.85,"['Adventure', 'Action']"
1292,Being There (1979),Comedy|Drama,10322.0,"A simple-minded gardener named Chance has spent all his life in the Washington D.C. house of an old man. When the man dies, Chance is put out on the street with no knowledge of the world except what he has learned from television.",/3RO3jbCKEey2T9bYFkYt9xpwen9.jpg,1979-12-19,7.592,"['Comedy', 'Drama']"
1293,Gandhi (1982),Drama,783.0,"In the early years of the 20th century, Mohandas K. Gandhi, a British-trained lawyer, forsakes all worldly possessions to take up the cause of Indian independence. Faced with armed resistance from the British government, Gandhi adopts a policy of 'passive resistance', endeavouring to win freedom for his people without resorting to bloodshed.",/rOXftt7SluxskrFrvU7qFJa5zeN.jpg,1982-12-01,7.562,"['Drama', 'History']"
1295,"Unbearable Lightness of Being, The (1988)",Drama,10644.0,"Successful surgeon Tomas leaves Prague for an operation, meets a young photographer named Tereza, and brings her back with him. Tereza is surprised to learn that Tomas is already having an affair with the bohemian Sabina, but when the Soviet invasion occurs, all three flee to Switzerland. Sabina begins an affair, Tom continues womanizing, and Tereza, disgusted, returns to Czechoslovakia. Realizing his mistake, Tomas decides to chase after her.",/g1kPEwATsCI8DnGx6ViAhUVKQSI.jpg,1988-02-05,6.873,"['Drama', 'Romance']"
1296,"Room with a View, A (1986)",Drama|Romance,11257.0,"When Lucy Honeychurch and chaperon Charlotte Bartlett find themselves in Florence with rooms without views, fellow guests Mr Emerson and son George step in to remedy the situation. Meeting the Emersons could change Lucy's life forever but, once back in England, how will her experiences in Tuscany affect her marriage plans?",/5xRAqywVo6tNUNQbAESGVP930la.jpg,1986-03-07,6.943,"['Drama', 'Romance']"
1297,Real Genius (1985),Comedy,14370.0,"When teenage geniuses Mitch Taylor and Chris Knight, working on an advanced laser project, learn that the military wants to use it as a weapon, they decide to thwart the plan.",/8az0Tr8hEGDmrUH9WlFz1QIKsMy.jpg,1985-08-07,6.646,"['Comedy', 'Romance', 'Science Fiction']"
1298,Pink Floyd: The Wall (1982),Drama|Musical,12104.0,A troubled rock star descends into madness in the midst of his physical and social isolation from everyone.,/aElHyIdF5jmctFGhlhhaPFsbBJC.jpg,1982-07-14,7.937,"['Music', 'Drama']"
1299,"Killing Fields, The (1984)",Drama|War,625.0,"New York Times reporter Sydney Schanberg is on assignment covering the Cambodian Civil War, with the help of local interpreter Dith Pran and American photojournalist Al Rockoff. When the U.S. Army pulls out amid escalating violence, Schanberg makes exit arrangements for Pran and his family. Pran, however, tells Schanberg he intends to stay in Cambodia to help cover the unfolding story — a decision he may regret as the Khmer Rouge rebels move in.",/cX6Bv7natnZwQjsV9bLL8mmWjkS.jpg,1984-11-23,7.5,"['Drama', 'History', 'War']"
1300,My Life as a Dog (Mitt liv som hund) (1985),Comedy|Drama,8816.0,"A boy, obsessed with comparing himself with those less fortunate, experiences a different life at the home of his aunt and uncle in 1959 Sweden.",/eVg9IsX2HtR1BNYH0UAhF4JPHi7.jpg,1985-12-12,7.213,"['Drama', 'Comedy']"
1301,Forbidden Planet (1956),Drama|Sci-Fi,830.0,"Starship C57D travels to planet Altair 4 in search of the crew of spaceship ""Bellerophon,"" a scientific expedition that has been missing for twenty years. They find themselves unwelcome by the expedition's lone survivor and warned of destruction by an invisible force if they don't turn back immediately.",/aq0OQfRS7hDDI8vyD0ICbH9eguC.jpg,1956-03-23,7.2,"['Science Fiction', 'Adventure']"
1302,Field of Dreams (1989),Children|Drama|Fantasy,2323.0,"Ray Kinsella is an Iowa farmer who hears a mysterious voice telling him to turn his cornfield into a baseball diamond. He does, but the voice's directions don't stop -- even after the spirits of deceased ballplayers turn up to play.",/oeM7nAw6FVFICwUaXKCRkDsKjqO.jpg,1989-04-21,7.111,"['Drama', 'Fantasy']"
1303,"Man Who Would Be King, The (1975)",Adventure|Drama,983.0,"Tired of life as soldiers, Peachy Carnehan and Danny Dravot travel to the isolated land of Kafiristan, where they are ultimately embraced by the people and revered as rulers. After a series of misunderstandings, the natives come to believe that Dravot is a god, but he and Carnehan can't keep up their deception forever.",/xnEhm0CtgJoM9Z1dGGSQAwxU7oJ.jpg,1975-12-03,7.5,"['Adventure', 'Drama']"
1304,Butch Cassidy and the Sundance Kid (1969),Action|Western,642.0,"As the west rapidly becomes civilized, a pair of outlaws in 1890s Wyoming find themselves pursued by a posse and decide to flee to South America in hopes of evading the law.",/gFmmykF1Ym3OGzENo50nZQaD1dx.jpg,1969-09-23,7.611,"['Adventure', 'Western', 'Crime', 'Drama', 'History']"
1305,"Paris, Texas (1984)",Drama|Romance,655.0,"A man wanders out of the desert not knowing who he is. His brother finds him, and helps to pull his memory back of the life he led before he walked out on his family and disappeared four years earlier.",/sP27Qm4THyRZyHjHYMfIDtJP6YE.jpg,1984-07-16,8.1,['Drama']
1306,Until the End of the World (Bis ans Ende der Welt) (1991),Adventure|Drama|Sci-Fi,10341.0,"In 1999, a woman's life is forever changed after she survives a car crash with two bank robbers, who enlist her help to take the money to a drop in Paris. On the way, she runs into another fugitive from the law — an American doctor on the run from the CIA. They want to confiscate his father's invention – a device which allows anyone to record their dreams and visions.",/sDpYWgYkBlrVnpySXQNsxVvDAAG.jpg,1991-09-12,6.748,"['Drama', 'Science Fiction', 'Adventure']"
1307,When Harry Met Sally... (1989),Comedy|Romance,639.0,"Sex always gets in the way of friendships between men and women. At least, that's what Harry Burns believes. So when Harry meets Sally Albright and a deep friendship blossoms between them, Harry's determined not to let his attraction to Sally destroy it. But when a night of weakness ends in a morning of panic, can the pair avoid succumbing to Harry's fears by remaining friends and admitting they just might be the perfect match for each other?",/rFOiFUhTMtDetqCGClC9PIgnC1P.jpg,1989-07-12,7.403,"['Comedy', 'Romance', 'Drama']"
1310,Hype! (1996),Documentary,30180.0,"This documentary examines the Seattle scene as it became the focus of a merging of punk rock, heavy metal, and innovation. Building from the grass roots, self-promoted and self-recorded until break-out success of bands like Nirvana brought the record industry to the Pacific Northwest, a phenomenon was born.",/vfR9veCwZMZXfpCF5QlnaLFoSr1.jpg,1996-11-08,7.4,"['Documentary', 'Music']"
1312,Female Perversions (1996),Drama,41801.0,"An ambitious female attorney wallows in excess and meaningless sex with both male and female partners, while dealing with her personal life problems including helping her kleptomaniac sister.",/5vqRaOZBqBL1YXukRv6zI6Y4pxC.jpg,1996-11-21,5.0,['Drama']
1318,Blue Juice (1995),Comedy|Drama,18762.0,"JC is the hero of the Cornish surfing community. Staring thirty hard in the face, he fears that the wave that has carried him through a prolonged adolescence is heading for the rocks as his girlfriend pressures him for commitment and his friends contemplate growing up.",/9cGEpHyiPk1qRuY1Kv57RGkyesr.jpg,1995-09-15,4.0,"['Comedy', 'Romance']"
1320,Alien³ (a.k.a. Alien 3) (1992),Action|Horror|Sci-Fi|Thriller,8077.0,"After escaping with Newt and Hicks from the alien planet, Ripley crash lands on Fiorina 161, a prison planet and host to a correctional facility. Unfortunately, although Newt and Hicks do not survive the crash, a more unwelcome visitor does. The prison does not allow weapons of any kind, and with aid being a long time away, the prisoners must simply survive in any way they can.",/xh5wI0UoW7DfS1IyLy3d2CgrCEP.jpg,1992-05-22,6.379,"['Science Fiction', 'Action', 'Horror']"
1321,"American Werewolf in London, An (1981)",Comedy|Horror|Thriller,814.0,"American tourists David and Jack are savagely attacked by an unidentified animal while hiking on the Yorkshire Moors. After retiring to the home of a beautiful nurse to recuperate, David soon begins experiencing disturbing changes to his body and mind.",/hVEqUASJmCQaolkKFEySCHZ8uKG.jpg,1981-08-21,7.393,"['Comedy', 'Horror']"
1322,Amityville 1992: It's About Time (1992),Horror,41671.0,"A hot-shot architect returns home from his latest business trip with a surprise: an ornate old clock rescued out of a soon-to-be-demolished mansion in Amityville, New York, that brings about a seemingly unstoppable demonic force.",/rpNTpxVQu6YnLm8GvpvGyAGMg5g.jpg,1992-07-16,4.745,['Horror']
1323,Amityville 3-D (1983),Horror,27214.0,"To debunk the Amityville house's infamous reputation and take advantage of a rock-bottom asking price, skeptical journalist John Baxter buys the place and settles in to write his first novel.",/gYvFL6REedBvjTSzVAhyk5imJgq.jpg,1983-11-18,4.6,['Horror']
1324,Amityville: Dollhouse (1996),Horror,52263.0,"Bill Martin has just finished construction on a picturesque new home for his family, but unknown to him, the previously barren property was once the site of the infamous Amityville murder house, which contains demonic entities with murderous sights on the family.",/c6DVwjJ71jzk3DXqrkuvuM6BxW1.jpg,1996-10-02,4.5,['Horror']
1325,Amityville: A New Generation (1993),Horror,33519.0,"Keyes, a successful photographer who lives at the border of Skid Row, notices a homeless man with a strange old mirror. Immediately struck by it for reasons he cannot explain, he convinces the man to sell it to him, soon behaving in increasingly erratic and unhinged ways.",/jjWkIHRRj2kOgVMXpK8im4KOcTu.jpg,1993-09-29,4.278,['Horror']
1326,Amityville II: The Possession (1982),Horror,16235.0,"Anthony and Dolores Montelli, along with their four children, move into their dream house in Amityville and are immediately plagued by a string of paranormal experiences. When the abusive Anthony wrongly places the blame on their children, Dolores recruits a local Catholic priest to exorcise the house.",/xx9K2m2Arr5EZUQtmggKtEK1f2a.jpg,1982-09-24,5.8,['Horror']
1327,"Amityville Horror, The (1979)",Drama|Horror|Mystery|Thriller,11449.0,"George Lutz, his wife Kathy, and their three children have just moved into a beautiful, and improbably cheap, Victorian mansion nestled in the sleepy coastal town of Amityville, Long Island. However, their dream home is concealing a horrific past and soon each member of the Lutz family is plagued with increasingly strange and violent visions and impulses.",/7VMscq0659xKmcXzd86de1DGV4W.jpg,1979-07-27,6.3,['Horror']
1328,"Amityville Curse, The (1990)",Horror,41848.0,"After purchasing a property in Amityville, New York, Debbie and her husband invite three of their closest friends to help renovate. Immediately uneasy in her new surroundings, she begins experiencing shockingly vivid nightmares.",/bGTF4uusklWxN0kBBe3msPKPCrb.jpg,1990-05-07,4.0,['Horror']
1329,Blood for Dracula (Andy Warhol's Dracula) (1974),Horror,25944.0,"Deathly ill Count Dracula and his slimy underling, Anton, travel to Italy in search of a virgin's blood. They're welcomed at the crumbling estate of indebted Marchese Di Fiore, who's desperate to marry off his daughters to rich suitors. But there, instead of pure women, the count encounters incestuous lesbians with vile blood and Marxist manservant Mario, who's suspicious of the aristocratic Dracula.",/cLyCHzPT5kLBEPn4DMcqgNbjwke.jpg,1974-08-13,5.7,"['Horror', 'Comedy']"
1330,April Fool's Day (1986),Horror,24913.0,"As soon as Muffy St. John and her college friends arrive on her parents' secluded island, someone starts trimming the guest list... one murder at a time.",/zNx2tNRzRyPsBSHX1VF2c7U0UyW.jpg,1986-03-27,6.035,"['Horror', 'Mystery']"
1331,Audrey Rose (1977),Horror,49126.0,"A man is convinced that 11-year old girl, Ivy, is the reincarnation of his own daughter Audrey Rose, who died in a fiery car accident, along with his wife, two minutes before Ivy was born.",/omtHuaCwKRX20x5R8xnqxWYq8Xp.jpg,1977-04-06,5.658,"['Drama', 'Horror', 'Thriller']"
1332,"Believers, The (1987)",Horror|Thriller,32076.0,"Mourning the accidental death of his wife and having just moved to New York with his young son, laconic police psychologist Cal Jamison is reluctantly drawn into a series of grisly, ritualistic murders involving the immolation of two youths.",/wMDOgjHoDdKKj3UNZzjP8AW0wxR.jpg,1987-06-09,5.9,"['Horror', 'Mystery', 'Thriller']"
1333,"Birds, The (1963)",Horror|Thriller,571.0,Thousands of birds flock into a seaside town and terrorize the residents in a series of deadly attacks.,/eClg8QPg8mwB6INIC4pyR5pAbDr.jpg,1963-03-28,7.5,"['Horror', 'Thriller']"
1334,"Blob, The (1958)",Horror|Sci-Fi,8851.0,"A drive-in favorite, this sci-fi classic follows teenagers Steve and his best girl, Jane, as they try to protect their hometown from a gelatinous alien life form that engulfs everything it touches. The first to discover the substance and live to tell about it, Steve and Jane witness the blob destroying an elderly man, then it growing to a terrifying size. But no one else has seen the goo, and policeman Dave refuses to believe the kids without proof.",/ctOwn1Ibg3SjDG4WulvFvSH0PRT.jpg,1958-09-10,6.2,"['Horror', 'Science Fiction']"
1335,Blood Beach (1981),Horror|Mystery,37843.0,"Something or someone is attacking people one by one on the beach. Some of them are mutilated, but most of them are sucked into the sand, disappearing without a trace. What is the creature responsible? Where does it live, and where did it come from? And is there any chance of it reproducing? Meanwhile, David Huffman and Mariana Hill are once-almost-married old friends, reunited over the death of her mother on the beach, and searching for clues in the abandoned buildings where they used to play when they were young.",/3BfSQmwTm8LGv2KZKcDJnFuBbIC.jpg,1980-09-01,4.9,"['Science Fiction', 'Horror']"
1336,Body Parts (1991),Horror|Thriller,32146.0,"A criminal psychologist loses his arm in a car crash, and becomes one of three patients to have their missing limbs replaced by those belonging to an executed serial killer. One of them dies violently, and disturbing occurrences start happening to the surviving two.",/8hFSFiLMy0wnyVaaJ4EHFlPD1yf.jpg,1991-08-02,5.768,"['Horror', 'Thriller']"
1337,"Body Snatcher, The (1945)",Drama|Horror|Thriller,30346.0,"Edinburgh, 1831. Among those who undertake the illegal trade of grave robbery is Gray, ostensibly a cab driver. Formerly a medical student convicted of grave robbery, Gray holds a grudge against Dr. MacFarlane who had escaped detection and punishment.",/1dOCP2ahMVlA95SivxhEdVvcXZE.jpg,1945-05-25,7.0,"['Horror', 'Thriller']"
1339,Dracula (Bram Stoker's Dracula) (1992),Fantasy|Horror|Romance|Thriller,6114.0,"Count Dracula, a 15th-century prince, is condemned to live off the blood of the living for eternity. Young lawyer Jonathan Harker is sent to Dracula's castle to finalise a land deal, but when the Count sees a photo of Harker's fiancée, Mina, the spitting image of his dead wife, he imprisons him and sets off for London to track her down.",/jSxCIZXudp5q8wQO8VERGX8hRAl.jpg,1992-11-13,7.447,"['Romance', 'Horror']"
1340,"Bride of Frankenstein, The (Bride of Frankenstein) (1935)",Drama|Horror|Sci-Fi,229.0,"Dr. Frankenstein and his monster both turn out to be alive after being attacked by an angry mob. The now-chastened scientist attempts to escape his past, but a former mentor forces him to assist with the creation of a new creature.",/5241zUwe7rC17MNc2QpCBKKdp1N.jpg,1935-04-20,7.5,"['Horror', 'Science Fiction']"
1341,Burnt Offerings (1976),Horror,13549.0,A family moves into a large old mansion in the countryside which seems to have a mysterious and sinister power over its new residents.,/2ipG69lXOjGMX7F7qxJQzUoiUsd.jpg,1976-10-18,6.5,"['Horror', 'Thriller', 'Mystery']"
1342,Candyman (1992),Horror|Thriller,9529.0,"The Candyman, a murderous soul with a hook for a hand, is accidentally summoned to reality by a skeptic grad student researching the monster's myth.",/jQtgkgDZE7egMq532sOt83DnT83.jpg,1992-10-16,6.7,"['Drama', 'Horror', 'Thriller']"
1343,Cape Fear (1991),Thriller,1598.0,"Sam Bowden is a small-town corporate attorney. Max Cady is a tattooed, cigar-smoking, Bible-quoting, psychotic rapist. What do they have in common? 14 years ago, Sam was a public defender assigned to Max Cady's rape trial, and he made a serious error: he hid a document from his illiterate client that could have gotten him acquitted. Now, the cagey Cady has been released, and he intends to teach Sam Bowden and his family a thing or two about loss.",/meJZAAuVcjic2ipvbOPz5UlE4P9.jpg,1991-11-13,7.257,"['Drama', 'Crime', 'Thriller']"
1344,Cape Fear (1962),Crime|Drama|Thriller,11349.0,"Sam Bowden witnesses a rape committed by Max Cady and testifies against him. When released after 8 years in prison, Cady begins stalking Bowden and his family but is always clever enough not to violate the law.",/xDqaHjMbnebtB05QWgAR8wW86sb.jpg,1962-04-12,7.46,"['Thriller', 'Drama', 'Crime']"
1345,Carrie (1976),Drama|Fantasy|Horror|Thriller,7340.0,"Withdrawn and sensitive teenager Carrie White faces bullying from classmates and abuse from her fanatically pious mother. When she begins to suspect that she has supernatural powers, things take a dark and violent turn.",/8tT1rqlsTguyfUBMrbHR9cv1rxM.jpg,1976-11-03,7.329,"['Horror', 'Thriller']"
1346,Cat People (1982),Drama|Fantasy|Horror,6217.0,"After years of separation, Irena Gallier and her minister brother, Paul, reunite in New Orleans. When zoologists capture a wild panther, Irena is drawn to the cat – and zoo curator Oliver to her. Soon, Paul will have to reveal the family secret: that when sexually aroused, they revert into predatory jungle cats.",/nYcQnkbTD4LDmp11HCReQuUoMKD.jpg,1982-04-02,6.032,"['Horror', 'Thriller']"
1347,"Nightmare on Elm Street, A (1984)",Horror|Thriller,377.0,"Teenagers in a small town are dropping like flies, apparently in the grip of mass hysteria causing their suicides. A cop's daughter, Nancy Thompson, traces the cause to child molester Fred Krueger, who was burned alive by angry parents many years before. Krueger has now come back in the dreams of his killers' children, claiming their lives as his revenge. Nancy and her boyfriend, Glen, must devise a plan to lure the monster out of the realm of nightmares and into the real world...",/wGTpGGRMZmyFCcrY2YoxVTIBlli.jpg,1984-11-09,7.3,['Horror']
1348,"Nosferatu (Nosferatu, eine Symphonie des Grauens) (1922)",Horror,653.0,"The mysterious Count Orlok summons a happily married real estate agent to his castle, located up in the Transylvanian mountains, to finalise a terrifying deal.",/zv7J85D8CC9qYagAEhPM63CIG6j.jpg,1922-02-16,7.655,"['Horror', 'Fantasy']"
1349,Vampire in Venice (Nosferatu a Venezia) (Nosferatu in Venice) (1986),Horror,28198.0,"Professor Paris Catalano visits Venice, to investigate the last known appearance of the famous vampire Nosferatu during the carnival of 1786.",/9WoZrEl55sPbyd1OKieidPa1CRR.jpg,1988-09-10,5.8,['Horror']
1350,"Omen, The (1976)",Horror|Mystery|Thriller,794.0,"Immediately after their miscarriage, the US diplomat Robert Thorn adopts the newborn Damien without the knowledge of his wife. Yet what he doesn’t know is that their new son is the son of the devil.",/mDcjjEu1fMNmsXi4l4D8IftlTix.jpg,1976-06-25,7.4,"['Horror', 'Thriller']"
1351,Blood and Wine (Blood & Wine) (1996),Crime|Drama|Thriller,31640.0,"A man who has failed as a father and husband commits a heist to make money for his fledging business, but things become complicated when his wife interferes.",/diFSUAvHZE6rkKqfP3J3qf19Z2X.jpg,1996-10-03,5.732,"['Crime', 'Thriller']"
1352,Albino Alligator (1996),Crime|Thriller,8744.0,"While escaping from a foiled robbery attempt, three thieves find themselves surrounded by police at a New Orleans bar--only they're not the people the police are searching for.",/jOyV5Rb1MaMUl6XrWWossVTm7BA.jpg,1997-01-17,5.7,"['Crime', 'Drama', 'Thriller']"
1353,"Mirror Has Two Faces, The (1996)",Comedy|Drama|Romance,25189.0,"Rose Morgan, who still lives with her mother, is a professor of Romantic Literature who desperately longs for passion in her life. Gregory Larkin, a mathematics professor, has been burned by passionate relationships and longs for a sexless union based on friendship and respect.",/ekk8MKMp3tlJjcMuhOgKsMCRrvR.jpg,1996-11-15,6.7,"['Comedy', 'Drama', 'Romance']"
1354,Breaking the Waves (1996),Drama|Mystery,145.0,"In a small, conservative Scottish village, an oilman is paralyzed in an accident. His wife, who prayed for his return, feels guilty; even more, when he urges her to have sex with another.",/dQWMcdHXUOSHtr7ypOCa5T79JMS.jpg,1996-07-05,7.505,"['Drama', 'Romance']"
1355,Nightwatch (1997),Horror|Thriller,2212.0,A law student takes a job as a night watchman at a morgue and begins to discover clues that implicate him as the suspect in a series of murders.,/2ueCI9QX9AGa4SzJgrvK1fONCa5.jpg,1997-01-31,6.1,"['Drama', 'Horror', 'Mystery', 'Thriller']"
1356,Star Trek: First Contact (1996),Action|Adventure|Sci-Fi|Thriller,199.0,"The Borg, a relentless race of cyborgs, are on a direct course for Earth. Violating orders to stay away from the battle, Captain Picard and the crew of the newly-commissioned USS Enterprise E pursue the Borg back in time to prevent the invaders from changing Federation history and assimilating the galaxy.",/iqhHe893Vcf07jNkNQ31tu85dKG.jpg,1996-11-22,7.293,"['Science Fiction', 'Action', 'Adventure', 'Thriller']"
1357,Shine (1996),Drama|Romance,7863.0,"Pianist David Helfgott, driven by his father and teachers, has a breakdown. Years later he returns to the piano, to popular if not critical acclaim.",/cbmThowj2XAW7lKlMAXmnhZvjGI.jpg,1996-08-15,7.4,['Drama']
1358,Sling Blade (1996),Drama,12498.0,"Karl Childers, a mentally disabled man, has been in the custody of the state mental hospital since the age of 12 for killing his mother and her lover. Although thoroughly institutionalized, he is deemed fit to be released into the outside world.",/ivBIBd1LNaozcmytZUyE1yIXZms.jpg,1996-08-30,7.54,['Drama']
1359,Jingle All the Way (1996),Children|Comedy,9279.0,"Howard Langston, a salesman for a mattress company, is constantly kept busy at his job, disappointing his son. After he misses his son's karate exposition, Howard vows to make it up to him by buying an action figure of his son's favorite television hero for Christmas. Unfortunately for Howard, it is Christmas Eve, and every store is sold out of Turbo Man. Now, Howard must travel all over town and compete with everybody else to find a Turbo Man action figure.",/lHLOUt0ZIQLC5asHdIQBoTUvaEp.jpg,1996-11-21,6.061,"['Family', 'Adventure', 'Comedy']"
1361,Paradise Lost: The Child Murders at Robin Hood Hills (1996),Documentary,17204.0,A horrific triple child murder leads to an indictment and trial of three nonconformist boys based on questionable evidence.,/h65fwEQTv9zRNyEuExE1wAk5CQ2.jpg,1996-12-03,7.6,"['Documentary', 'Crime']"
1363,"Preacher's Wife, The (1996)",Drama,21539.0,"Good-natured Reverend Henry Biggs finds that his marriage to choir mistress Julia is flagging, due to his constant absence caring for the deprived neighborhood they live in. On top of all this, his church is coming under threat from property developer Joe Hamilton. In desperation, Biggs prays to God for help – which arrives in the form of an angel named Dudley.",/z1mU4g9poAgoDQRNLcfNdj3iiMs.jpg,1996-12-13,5.8,"['Family', 'Fantasy', 'Drama', 'Comedy', 'Romance']"
1365,Ridicule (1996),Drama,12709.0,"To get royal backing on a needed drainage project, a poor French lord must learn to play the delicate games of wit at court at Versailles.",/j78rRskAapKtILalcxAmdskGtzb.jpg,1996-05-09,6.9,"['Comedy', 'Drama', 'Romance']"
1366,"Crucible, The (1996)",Drama,20539.0,A Salem resident attempts to frame her ex-lover's wife for being a witch in the middle of the 1692 witchcraft trials.,/zv69Rev43me5gQ68x7fk1mQzhHn.jpg,1996-11-27,6.593,"['Drama', 'History']"
1367,101 Dalmatians (1996),Adventure|Children|Comedy,11674.0,"An evil, high-fashion designer plots to steal Dalmatian puppies in order to make an extravagant fur coat, but instead creates an extravagant mess.",/8o2ADoAyG796UwTjwBFjPyBz0yG.jpg,1996-11-27,5.94,"['Family', 'Comedy']"
1370,Die Hard 2 (1990),Action|Adventure|Thriller,1573.0,"One year after his heroics in Los Angeles, John McClane is an off-duty cop who is the wrong guy in the wrong place at the wrong time. On a snowy Christmas Eve, as he waits for his wife's plane to land at Washington Dulles International Airport, terrorists take over the air traffic control system in a plot to free a South American army general and drug smuggler being flown into the US to face drug charges. It's now up to McClane to take on the terrorists, while coping with an inept airport police chief, an uncooperative anti-terrorist squad, and the life of his wife and everyone else trapped in planes circling overhead.",/ybki0UWO3OPhaM6MSniuKC7sy1R.jpg,1990-07-03,6.968,"['Action', 'Thriller']"
1371,Star Trek: The Motion Picture (1979),Adventure|Sci-Fi,152.0,"When an unidentified alien destroys three powerful Klingon cruisers, Captain James T. Kirk returns to the newly transformed U.S.S. Enterprise to take command.",/wfiAfNwH6CMKxz4vRaW8CPTabtk.jpg,1979-12-07,6.481,"['Science Fiction', 'Adventure', 'Mystery']"
1372,Star Trek VI: The Undiscovered Country (1991),Action|Mystery|Sci-Fi,174.0,"After years of war, the Federation and the Klingon empire find themselves on the brink of a peace summit when a Klingon ship is nearly destroyed by an apparent attack from the Enterprise. Both worlds brace for what may be their deadliest encounter.",/tvTOJD7Gz668GLy2nNdLRQvpPsv.jpg,1991-12-06,7.036,"['Science Fiction', 'Action', 'Adventure', 'Thriller']"
1373,Star Trek V: The Final Frontier (1989),Action|Sci-Fi,172.0,A renegade Vulcan with a startling secret hijacks the U.S.S. Enterprise in order to find a mythical planet.,/uiXr41VLYsuug3CZbFrKLSNahuZ.jpg,1989-06-09,5.733,"['Science Fiction', 'Action', 'Adventure', 'Thriller']"
1374,Star Trek II: The Wrath of Khan (1982),Action|Adventure|Sci-Fi|Thriller,154.0,"The starship Enterprise and its crew is pulled back into action when old nemesis, Khan, steals a top secret device called Project Genesis.",/uPyLsKl8Z0LOoxeaFXsY5MxhR5s.jpg,1982-06-04,7.446,"['Action', 'Adventure', 'Science Fiction', 'Thriller']"
1375,Star Trek III: The Search for Spock (1984),Action|Adventure|Sci-Fi,157.0,A surprise visit from Spock's father provides a startling revelation: McCoy is harboring Spock's living essence.,/yqEj0oPfKBMCz7YcCARHDgH7VFm.jpg,1984-06-01,6.588,"['Science Fiction', 'Action', 'Adventure', 'Thriller']"
1376,Star Trek IV: The Voyage Home (1986),Adventure|Comedy|Sci-Fi,168.0,"When a huge alien probe enters the galaxy and begins to vaporize Earth's oceans, Kirk and his crew must travel back in time in order to bring back whales and save the planet.",/xY5TzGXJOB3L9rhZ1MbbPyVlW5J.jpg,1986-11-26,7.17,"['Science Fiction', 'Adventure']"
1377,Batman Returns (1992),Action|Crime,364.0,"The monstrous Penguin, who dwells in the sewers beneath Gotham, joins up with corrupt mayoral candidate Max Shreck to topple the Batman once and for all. But when Shreck's timid assistant Selina Kyle finds out, and Shreck tries to kill her, she's transformed into the sexy Catwoman. She teams up with the Penguin and Shreck to destroy Batman, but sparks fly unexpectedly when she confronts the caped crusader.",/jKBjeXM7iBBV9UkUcOXx3m7FSHY.jpg,1992-06-19,6.945,"['Action', 'Fantasy']"
1378,Young Guns (1988),Action|Comedy|Western,11967.0,"A group of young gunmen, led by Billy the Kid, become deputies to avenge the murder of the rancher who became their benefactor. But when Billy takes their authority too far, they become the hunted.",/3AgCq7xY1rHRAAn0iVcnNr2OWL.jpg,1988-08-12,6.671,"['Western', 'Action', 'Adventure']"
1379,Young Guns II (1990),Action|Western,9086.0,"Three of the original five ""young guns"" — Billy the Kid, Jose Chavez y Chavez, and Doc Scurlock — return in Young Guns, Part 2, which is the story of Billy the Kid and his race to safety in Old Mexico while being trailed by a group of government agents led by Pat Garrett.",/7kMjla98srGHlFzAEmoGRcr6GN1.jpg,1990-08-01,6.5,"['Western', 'Adventure']"
1380,Grease (1978),Comedy|Musical|Romance,621.0,"Australian good girl Sandy and greaser Danny fell in love over the summer. But when they unexpectedly discover they're now in the same high school, will they be able to rekindle their romance despite their eccentric friends?",/2rM7fQKpb7cs1Iq7IBqub9LFDzJ.jpg,1978-06-16,7.371,"['Romance', 'Comedy']"
1381,Grease 2 (1982),Comedy|Musical|Romance,9037.0,"It's 1961, two years after the original Grease gang graduated, and there's a new crop of seniors and new members of the coolest cliques on campus, the Pink Ladies and T-Birds. Michael Carrington is the new kid in school - but he's been branded a brainiac. Can he fix up an old motorcycle, don a leather jacket, avoid a rumble with the leader of the T-Birds, and win the heart of Pink Lady Stephanie?",/ufWc8AR5D66lwB2UZvZ9xvGcDSD.jpg,1982-06-11,5.2,"['Comedy', 'Music', 'Romance']"
1382,Marked for Death (1990),Action|Drama,10173.0,"Just retired from the Drug Enforcement Agency, John Hatcher returns to his hometown and quickly discovers that drugs have infiltrated his old neighborhood. Determined to drive the dealers out, Hatcher crosses paths with a ferocious Jamaican drug lord who vows that Hatcher and his family are now marked for death.",/xYaetJsSm5FC1zxhdW8UR1NVXzc.jpg,1990-10-05,6.107,"['Action', 'Crime', 'Drama', 'Thriller']"
1385,Under Siege (1992),Action|Drama|Thriller,8845.0,"A disgruntled ex-CIA operative, his assistant and their assembled group of terrorists seize a battleship with nuclear blackmail in mind. They've planned for every contingency but ignore the ship's cook, former Navy SEAL Casey Ryback—an error that could be fatal.",/myHxm9p8fhEsXyaLO6DawYJKolg.jpg,1992-10-08,6.3,"['Action', 'Thriller']"
1387,Jaws (1975),Action|Horror,578.0,"When the seaside community of Amity finds itself under attack by a dangerous great white shark, the town's chief of police, a young marine biologist, and a grizzled shark hunter embark on a desperate quest to kill the beast before it strikes again.",/tjbLSFwi0I3phZwh8zoHWNfbsEp.jpg,1975-06-20,7.68,"['Horror', 'Thriller', 'Adventure']"
1388,Jaws 2 (1978),Horror|Thriller,579.0,Police chief Brody must protect the citizens of Amity after a second monstrous shark begins terrorizing the waters.,/cN3ijEwsn4kBaRuHfcJpAQJbeWe.jpg,1978-06-16,6.0,"['Horror', 'Thriller']"
1389,Jaws 3-D (1983),Action|Horror,17692.0,A giant thirty-five-foot shark becomes trapped in a SeaWorld theme park and it's up to the sons of police chief Brody to rescue everyone.,/kqDXj53F9paqVGJLGfHtz7giJ3s.jpg,1983-07-22,4.473,"['Thriller', 'Horror']"
1390,My Fellow Americans (1996),Comedy,17795.0,"They used to run the country. Now they're running for their lives! Two on-the-lam former Presidents of the United States. Framed in a scandal by the current President and pursued by armed agents, the two squabbling political foes plunge into a desperately frantic search for the evidence that will establish their innocence.",/5odQxB2kTRyPOJiMjYY1SYHLVHs.jpg,1996-12-20,6.0,['Comedy']
1391,Mars Attacks! (1996),Action|Comedy|Sci-Fi,75.0,"A fleet of Martian spacecraft surrounds the world's major cities and all of humanity waits to see if the extraterrestrial visitors have, as they claim, ""come in peace."" U.S. President James Dale receives assurance from science professor Donald Kessler that the Martians' mission is a friendly one. But when a peaceful exchange ends in the total annihilation of the U.S. Congress, military men call for a full-scale nuclear retaliation.",/hll4O5vSAfnZDb6JbnP06GPtz7b.jpg,1996-12-13,6.42,"['Comedy', 'Fantasy', 'Science Fiction']"
1392,Citizen Ruth (1996),Comedy|Drama,13891.0,"""Citizen Ruth"" is the story of Ruth Stoops, a woman who nobody even noticed -- until she got pregnant. Now, everyone wants a piece of her. The film is a comedy about one woman caught in the ultimate tug-of-war: a clash of wild, noisy, ridiculous people that rapidly dissolves into a media circus.",/hMGWyETjqWpfud4Cmeva6qfVogZ.jpg,1996-11-21,6.6,"['Drama', 'Comedy']"
1393,Jerry Maguire (1996),Drama|Romance,9390.0,"Jerry Maguire used to be a typical sports agent: willing to do just about anything he could to get the biggest possible contracts for his clients, plus a nice commission for himself. Then, one day, he suddenly has second thoughts about what he's really doing. When he voices these doubts, he ends up losing his job and all of his clients, save Rod Tidwell, an egomaniacal football player.",/lABvGN7fDk5ifnwZoxij6G96t2w.jpg,1996-12-13,6.98,"['Comedy', 'Drama', 'Romance']"
1394,Raising Arizona (1987),Comedy,378.0,"When a childless couple—an ex-con and an ex-cop—take one of a wealthy family’s quintuplets to raise as their own, their lives grow more complicated than anticipated.",/niKyjOqiB4XVl0BqgKTHIlHOCeF.jpg,1987-03-13,7.051,"['Comedy', 'Crime']"
1395,Tin Men (1987),Comedy|Drama,10896.0,A minor car accident drives two rival aluminum-siding salesmen to the ridiculous extremes of man versus man in 1963 Baltimore.,/5rWE9ft0Uc2kuDWlkg5vQth58XZ.jpg,1987-03-06,6.3,"['Comedy', 'Drama']"
1396,Sneakers (1992),Action|Comedy|Crime|Drama|Sci-Fi,2322.0,"When shadowy U.S. intelligence agents blackmail a reformed computer hacker and his eccentric team of security experts into stealing a code-breaking 'black box' from a Soviet-funded genius, they uncover a bigger conspiracy. Now, he and his 'sneakers' must save themselves and the world economy by retrieving the box from their blackmailers.",/l2pIGwCvpZEpBuMb55YBl6A04Jv.jpg,1992-09-09,6.912,"['Comedy', 'Crime', 'Drama']"
1397,Bastard Out of Carolina (1996),Drama,41240.0,"A poor, struggling South Carolinian mother and daughter face painful choices with their resolve and pride. Bone, the eldest daughter, and Anney her tired mother, grow both closer and farther apart: Anney sees Glen as her last chance.",/jYFwFOkHwWxaStR21UIgdb96Gzh.jpg,1996-12-15,7.2,['Drama']
1398,In Love and War (1996),Romance|War,26949.0,"After teenage ambulance driver Ernest Hemingway takes shrapnel in the leg during World War I, he falls in love with Agnes von Kurowsky, a beautiful older nurse at the hospital where he's sent to recover. Their affair slowly blossoms, until Hemingway boldly asks Agnes to be his wife and journey to America with him.",/sX6MAU5LnYgh4w4Pg0AV18NypQD.jpg,1996-12-18,5.897,"['Drama', 'Romance']"
1399,Marvin's Room (1996),Drama,9819.0,A leukemia patient attempts to end a 20-year feud with her sister to get her bone marrow.,/lTHq1K5Y6EDRjxTBvReXHY6AKQ3.jpg,1996-12-18,6.7,['Drama']
1401,Ghosts of Mississippi (1996),Drama,31908.0,A Mississippi district attorney and the widow of Medgar Evers struggle to bring a white supremacist to justice for the 1963 murder of the civil rights leader.,/gu81MbuLTPbw95xWuDuM7ddcCir.jpg,1996-12-20,6.585,"['Drama', 'History']"
1405,Beavis and Butt-Head Do America (1996),Adventure|Animation|Comedy|Crime,3179.0,"Slacker duo Beavis and Butt-Head wake to discover their TV has been stolen. Their search for a new one takes them on a clueless adventure across America, during which they manage to accidentally become America's most wanted.",/vqdgQiRCSzgpFXLlbxbybfkleBM.jpg,1996-12-20,6.65,"['Animation', 'Comedy', 'Adventure', 'Crime', 'Music']"
1406,La Cérémonie (1995),Crime|Drama|Mystery|Thriller,1802.0,"Sophie, a quiet and shy maid working for an upper-class French family, finds a friend in the energetic and uncompromising postmaster Jeanne, who encourages her to stand up against her bourgeois employers.",/vq2x8JfEoVrdQZqo0fppjw7ZI3d.jpg,1995-08-30,7.277,"['Drama', 'Thriller']"
1407,Scream (1996),Comedy|Horror|Mystery|Thriller,4232.0,"A year after the murder of her mother, a teenage girl is terrorized by a masked killer who targets her and her friends by using scary movies as part of a deadly game.",/lr9ZIrmuwVmZhpZuTCW8D9g0ZJe.jpg,1996-12-20,7.429,"['Crime', 'Horror', 'Mystery']"
1408,"Last of the Mohicans, The (1992)",Action|Romance|War|Western,9361.0,"In war-torn colonial America, in the midst of a bloody battle between British, the French and Native American allies, the aristocratic daughter of a British Colonel and her party are captured by a group of Huron warriors. Fortunately, a group of three Mohican trappers comes to their rescue.",/qzJMPWRtZveBkxXOv3ucWhoJuyj.jpg,1992-08-26,7.385,"['Action', 'History', 'Romance', 'War']"
1409,Michael (1996),Comedy|Drama|Fantasy|Romance,2928.0,Tabloid reporters are sent by their editor to investigate after the paper recieves a letter from a woman claiming an angel is living with her.,/oprNZ2BvJG9ZV2g3JYeWQgsOZHe.jpg,1996-12-25,5.7,"['Comedy', 'Drama', 'Fantasy']"
1411,Hamlet (1996),Crime|Drama|Romance,10549.0,"Hamlet, Prince of Denmark, returns home to find his father murdered and his mother now marrying the murderer... his uncle. Meanwhile, war is brewing.",/ilurgUOp6SCl4cuhfjctj1qxlfZ.jpg,1996-12-25,7.336,['Drama']
1412,Some Mother's Son (1996),Drama,58102.0,"Based on the true story of the 1981 hunger strike in a British prison, in which IRA prisoner Bobby Sands led a protest against the treatment of IRA prisoners as criminals rather than as prisoners of war. The film focuses on the mothers of two of the strikers, and their struggle to save the lives of their sons.",/ngy7zafrXEDCUOPfolcbFofMDmI.jpg,1996-09-13,6.7,"['Drama', 'History']"
1413,"Whole Wide World, The (1996)",Drama,18451.0,"In 1930s Texas, pulp fiction master Robert E. Howard is introduced to Novalyne Price, a teacher with aspirations of becoming an author herself, and they begin a unique relationship filled with conversation and imagination. Although the possibility exists for romance, Howard's obsession with his work and dedication to his sick mother leads Price to look elsewhere for love, leaving Howard feeling betrayed and alone.",/ajMk4ueXcOCbxwJjJecltiGhYrn.jpg,1996-09-08,6.6,"['Drama', 'Romance']"
1414,Mother (1996),Comedy,27265.0,"A neurotic, twice-divorced sci-fi writer moves back in with his mother to solve his personal problems.",/mxJJ0IEOOdvMo5yO7rcJBqyZ11n.jpg,1996-12-25,6.8,"['Comedy', 'Drama']"
1415,"Thieves (Voleurs, Les) (1996)",Crime|Drama|Romance,49935.0,"In the middle of the night, someone brings Ivan's body home to his wife and his young son. Flashbacks reveal the relationships among Ivan and his brother Alex, a cop with a cleanliness fetish; siblings Juliette and Jimmy, Ivan's partners in a seedy nightclub; the love triangle of Alex, Juliette, and Marie, a professor of philosophy; and of Alex and his nephew, Ivan's dour, stoic son. Ivan's death changes every relationship.",/meeBmnlkMP8UhrPvZKv83jjhd2E.jpg,1996-08-21,6.1,"['Romance', 'Crime', 'Drama']"
1416,Evita (1996),Drama|Musical,8818.0,"The hit musical based on the life of Evita Duarte, an Argentinian actress who eventually became the wife of Argentinian president Juan Perón, and the most beloved and hated woman in Argentina.",/mVdQatilUGMtB6sV4FXA7O473UD.jpg,1996-12-14,6.1,"['History', 'Drama']"
1417,"Portrait of a Lady, The (1996)",Drama,36758.0,"Ms. Isabel Archer isn't afraid to challenge societal norms. Impressed by her free spirit, her kindhearted cousin writes her into his fatally ill father's will. Suddenly rich and independent, Isabelle ventures into the world, along the way befriending a cynical intellectual and romancing an art enthusiast. However, the advantage of her affluence is called into question when she realizes the extent to which her money colors her relationships.",/yoUuMtWTQXzfARYE0nF7Nn7gRuS.jpg,1996-10-17,6.0,"['Drama', 'Romance']"
1419,Walkabout (1971),Adventure|Drama,36040.0,"Under the pretense of having a picnic, a geologist takes his teenage daughter and 6-year-old son into the Australian outback and attempts to shoot them. When he fails, he turns the gun on himself, and the two city-bred children must contend with harsh wilderness alone. They are saved by a chance encounter with an Aboriginal boy who shows them how to survive, and in the process underscores the disharmony between nature and modern life.",/24vooYt5StgtgcQObVr1GHuM5gy.jpg,1971-07-01,7.299,"['Adventure', 'Drama']"
1422,Murder at 1600 (1997),Crime|Drama|Mystery|Thriller,9415.0,"A secretary is found dead in a White House bathroom during an international crisis, and Detective Harlan Regis is in charge of the investigation. Despite resistance from the Secret Service, Regis partners with agent Nina Chance. As political tensions rise, they learn that the crime could be part of an elaborate cover-up. Framed as traitors, the pair, plus Regis' partner, break into the White House in order to expose the true culprit.",/4WPR0m8zuzFAcRJAHcGs1AxkkpB.jpg,1997-04-18,6.1,"['Action', 'Drama', 'Mystery', 'Thriller', 'Crime']"
1423,Hearts and Minds (1996),Drama,55146.0,"In the final days of the pro-apartheid government, bigoted policeman and assassin Andries Fourie is assigned an undercover job. His task is to pose as a political progressive to infiltrate the African National Congress and assassinate one of the party’s leaders.",/74CK1qibFcIR45SAwLZ32cQjAZ6.jpg,1995-08-29,0.0,"['Drama', 'Thriller', 'Documentary', 'Romance']"
1425,Fierce Creatures (1997),Comedy,12145.0,"Ex-policeman Rollo Lee is sent to run Marwood Zoo, the newly acquired business of a New Zealand tycoon. In order to meet high profit targets and keep the zoo open, Rollo enforces a new 'fierce creatures' policy, whereby only the most impressive and dangerous animals are allowed to remain in the zoo. However, the keepers are less enthusiastic about complying with these demands.",/1Wl0zSEngmsTXjQMVE0GD5s85cM.jpg,1997-01-23,6.2,"['Comedy', 'Romance']"
1426,Zeus and Roxanne (1997),Children,42424.0,"Mary Beth is a marine biologist that gets annoyed when a dog called Zeus stows aboard her research boat. Nevertheless she is intrigued when the intrusive canine makes best-friends with her captive dolphin, Roxanne. She falls in love with Zeus's owner, Terry, a musician who rides a bike.",/igyTJ9cFwjcuzMM5oa0lknRyvYv.jpg,1997-01-24,5.2,"['Adventure', 'Comedy', 'Family', 'Romance']"
1427,Turbulence (1997),Action|Thriller,34314.0,"On a flight transporting dangerous convicts, murderer Ryan Weaver manages to break free and cause complete chaos throughout the plane. As various people on board fall victim to Weaver, it is ultimately down to flight attendant Teri Halloran to keep the aircraft from crashing, with on-ground support from an air traffic controller. While Halloran struggles to pilot the plane, Weaver continues to terrorize the surviving members of the crew.",/gnsxWkxWHPXMOAzXvS7aKMSKP0N.jpg,1997-01-09,5.4,"['Action', 'Thriller', 'Crime']"
1428,Angel Baby (1995),Drama,2892.0,Two schizophrenics meet during therapy and fall in love. Unfortunately they are on a road to nowhere...,/uiZJfBKWav33Kp1NTyrU3NjvOJf.jpg,1995-10-26,6.5,"['Drama', 'Romance']"
1429,First Strike (Police Story 4: First Strike) (Ging chaat goo si 4: Ji gaan daan yam mo) (1996),Action|Adventure|Comedy|Thriller,9404.0,"Hong Kong cop Chan Ka-Kui returns, working with Interpol to track down and arrest an illegal weapons dealer. Chan later realizes that things are not as simple as they appear and soon finds himself to be a pawn of an organization posing as Russian intelligence.",/bRHbteT4IORJOXY0Qrnb4FPXRS0.jpg,1996-02-10,6.5,"['Action', 'Adventure', 'Comedy', 'Crime', 'Drama', 'Thriller']"
1430,Underworld (1996),Comedy|Thriller,85242.0,"A crook sets out to get revenge on the thugs who hurt his father in this bloody noir-style crime drama. After being released from prison, Johnny Crown goes after Frank, one of the mobsters involved in a series of Father's Day killings. But Johnny isn't certain Frank is responsible for his father's injuries and seeks help from a sex therapist to make sure he's got the right man.",/3kPjFZaGrxalI21CeFUNpNqjXpH.jpg,1996-06-01,5.2,"['Drama', 'Action', 'Comedy', 'Thriller']"
1431,Beverly Hills Ninja (1997),Action|Comedy,9622.0,"Haru, an orphaned American who washes ashore in Japan and is mistaken for the great White Ninja of legend. Raised among the finest Ninjas, Haru grows strong and big - very big. With the grace of all Three Stooges rolled into one body, Haru is an embarrassment to his clan. But when a beautiful blonde pleads for his help, Haru is given one dangerous, disastrously funny chance to prove himself.",/kAUtHecWe0KS54jNggapnbHBGTI.jpg,1997-01-17,5.6,"['Comedy', 'Action']"
1432,Metro (1997),Action|Comedy|Crime|Drama|Thriller,8860.0,"Roper, a hostage negotiator catches a murderous bank robber after a blown heist. The bank robber escapes and immediately goes after the man who put him behind bars.",/nvfyHYv1EDpYai5pCGqBeRf3tax.jpg,1997-01-16,5.7,"['Action', 'Comedy', 'Crime']"
1437,"Cement Garden, The (1993)",Drama,14832.0,"After the death of her husband, the mother of Julie, Jack, Sue and Tom begins to suffer from a mysterious illness. Aware that she is going to have to go into hospital she opens a bank account for the children, so that they can be financially self-sufficient and will be able to avoid being taken into care by the authorities. Unfortunately she also dies and Julie and Jack (the older, teenage children) decide to hide her body in the basement so that they can have free reign of their household. Soon Tom has taken to dressing as a girl whilst Sue has become increasingly reticent, confiding only to her diary, meanwhile Jack and Julie sense an attraction developing for each other. However Julie's new beau, Derek, threatens to unearth the many dark secrets within this family as he becomes increasingly suspicious of Jack.",/dnEoE3tHBStCXZx2i9qsUYkwucu.jpg,1993-02-20,6.7,['Drama']
1438,Dante's Peak (1997),Action|Thriller,9619.0,"Volcanologist Harry Dalton comes to the sleepy town of Dante's Peak to investigate the recent rumblings of the dormant volcano the burg is named for. Before long, his worst fears are realized when a massive eruption hits, and immediately, Harry, the mayor and the townspeople find themselves fighting for their lives amid a catastrophic nightmare.",/8PRVIfZzDgw8EV3sDWJ6NA1ZMAn.jpg,1997-02-07,6.2,"['Action', 'Adventure', 'Drama', 'Thriller']"
1439,Meet Wally Sparks (1997),Comedy,40506.0,Wally Sparks is a tabloid TV show reporter who's trying to boost ratings on his show. He goes to the governor's mansion to uncover a sex scandal.,/mD30gucf7NkKNFyqEMEag7l63VO.jpg,1997-01-31,4.709,['Comedy']
1440,Amos & Andrew (1993),Comedy,31000.0,"When Andrew Sterling, a successful black urbanite writer, buys a vacation home on a resort in New England the police mistake him for a burglar. After surrounding his home with armed men, Chief Tolliver realizes his mistake and to avoid the bad publicity offers a thief in his jail, Amos Odell a deal.",/zD2fem9pVsODpUQUgWgoEfdNZyD.jpg,1993-03-05,5.459,"['Action', 'Comedy']"
1441,Benny & Joon (1993),Comedy|Romance,4104.0,A mentally ill young woman finds her love in an eccentric man who models himself after Buster Keaton.,/7g7qYdUN9wDXJGIOj6U67RPIBHO.jpg,1993-04-16,7.024,"['Comedy', 'Drama']"
1442,Prefontaine (1997),Drama,26306.0,"It's the true-life story of legendary track star Steve Prefontaine, the exciting and sometimes controversial ""James Dean of Track,"" whose spirit captured the heart of the nation! Cocky, charismatic, and tough, ""Pre"" was a running rebel who defied rules, pushed limits ... and smashed records ...",/3jtG9mgfiZRTRQf19BiUAY6QPN3.jpg,1997-01-24,6.523,"['Drama', 'Romance']"
1445,McHale's Navy (1997),Comedy|War,14908.0,"Retired Lieutenant Commander Quinton McHale spends his days puttering around the Caribbean in the old PT-73 selling homebrew, ice cream, and swimsuit calendars. He's brought out of retirement when his old nemesis turned the second best terrorist in the world, Major Vladikov, takes over the island of San Moreno and starts building a nuclear launch silo on it. With help from his old crew and hindrances from Captain Wallace B. Binghampton, who sank a cruise liner a while back, McHale tries to put Vladikov out of business.",/tg9qzqF349j526pNZnjPB4p2UED.jpg,1997-04-18,4.4,['Comedy']
1446,Kolya (Kolja) (1996),Comedy|Drama,784.0,"After a fictitious marriage with a Russian emigrant, Cellisten Louka, a Czech man, must suddenly take responsibility for her son. However, it’s not long before the communication barrier is broken between the two new family members.",/fB0cGiEOngfsfyDHXIpFOmEwFgi.jpg,1996-05-15,7.4,"['Drama', 'Comedy']"
1447,Gridlock'd (1997),Crime,12489.0,"After a friend overdoses, Spoon and Stretch decide to kick their drug habits and attempt to enroll in a government detox program. Their efforts are hampered by seemingly endless red tape, as they are shuffled from one office to another while being chased by drug dealers and the police.",/jlOL8fLsG0tGBtkj9qzHgqcHPVV.jpg,1997-01-29,6.661,"['Comedy', 'Crime', 'Drama']"
1449,Waiting for Guffman (1996),Comedy,16448.0,Aspiring director Corky St. Clair and the marginally talented amateur cast of his hokey small-town musical production go overboard when they learn that Broadway theater agent Mort Guffman will be in attendance.,/zuArI6EBpV6mExrvfnyidoOtzdf.jpg,1997-01-31,7.0,"['Comedy', 'Music']"
1453,"Beautician and the Beast, The (1997)",Comedy|Romance,17894.0,A New York City beautician is mistakenly hired as the school teacher for the children of the president of a small Eastern European country.,/s2RaTrqoPvD4eYEaZCyF0zFbbpV.jpg,1997-02-07,6.7,"['Comedy', 'Romance']"
1454,SubUrbia (1997),Comedy|Drama,28059.0,A group of suburban teenagers try to support each other through the difficult task of becoming adults.,/7PdRbG09K9JHYyOwwCSn3OdJb0N.jpg,1997-02-07,6.158,"['Comedy', 'Drama']"
1456,"Pest, The (1997)",Comedy,17949.0,"Fast-talking Latino con artist Pestario ""Pest"" Vargas is the target of Scottish mobsters to whom he owes a considerable debt. Willing to do anything to raise money and avoid severe injury or death, Vargas agrees to a very unusual job -- he will be transported to a remote island and hunted by Gustav Shank, a racist German executive. If he can survive a full day and night, Vargas gets $50,000 and will be set free. Is he wily enough to elude Shank?",/rmxgXwRgWJ3Ds9VQX7SDRIGJYvk.jpg,1997-02-07,4.7,"['Action', 'Comedy']"
1457,Fools Rush In (1997),Comedy|Drama|Romance,1968.0,"After a one night stand with Alex, Isabel realizes that she is pregnant and they decide to get married. However, along with the marriage comes compromise of one's own cultural traditions.",/tcRaMjWoF8K7h1LqOH7FOOLRQ3e.jpg,1997-02-14,6.5,"['Comedy', 'Drama', 'Romance']"
1458,Touch (1997),Drama|Fantasy|Romance,61563.0,"At the discovery of his ability to work miracles, Juvenal becomes a media sensation, but now he's prone to those who want to exploit him.",/4KEkCiId2lhKgSM6sAGSuG9BjdH.jpg,1997-02-14,5.6,"['Comedy', 'Drama', 'Romance']"
1459,Absolute Power (1997),Mystery|Thriller,66.0,"A master thief coincidentally is robbing a house where a murder—in which the President of the United States is involved—occurs in front of his eyes. He is forced to run, while holding evidence that could convict the President.",/izvyt3cxlilhbYwybTOteDWqf99.jpg,1997-02-14,6.665,"['Crime', 'Drama', 'Action']"
1460,That Darn Cat (1997),Children|Comedy|Mystery,20735.0,"While making his nightly rounds in the neighborhood, Patti's pet cat D.C. finds himself the carrier of a call for help from a kidnap victim. Patti enlists skeptical law enforcement help to find the victim before it's too late.",/bH2EWFR9FOKp9fAjNgYf9eanivk.jpg,1997-02-14,5.0,"['Family', 'Comedy']"
1461,Vegas Vacation (National Lampoon's Las Vegas Vacation) (1997),Comedy,11419.0,"The Griswold family hits the road again for a typically ill-fated vacation, this time to the glitzy mecca of slots and showgirls—Las Vegas.",/jUOreo2AWDnPuRJsUp6T1i66tUe.jpg,1997-02-13,5.988,['Comedy']
1464,Lost Highway (1997),Crime|Drama|Fantasy|Film-Noir|Mystery|Romance,638.0,"A tormented jazz musician finds himself lost in an enigmatic story involving murder, surveillance, gangsters, doppelgängers, and an impossible transformation inside a prison cell.",/fdTtij6H0sX9AzIjUeynh5zbfm7.jpg,1997-01-15,7.539,"['Drama', 'Thriller', 'Mystery']"
1465,Rosewood (1997),Action|Drama,25624.0,"Spurred by a white woman's lie, vigilantes destroy a black Florida town and slay inhabitants in 1923.",/5EeTYDXdrpD9mZSSwsrFbqgok9U.jpg,1997-02-21,6.5,"['Drama', 'History', 'Action', 'Thriller']"
1466,Donnie Brasco (1997),Crime|Drama,9366.0,An FBI undercover agent infiltrates the mob and identifies more with the mafia life at the expense of his regular one.,/xtKLvpOfARi1XVm8u2FTdhY5Piq.jpg,1997-02-27,7.538,"['Crime', 'Drama', 'Thriller']"
1468,Booty Call (1997),Comedy|Romance,21915.0,"Rushon is sexually pent-up and ready to take thing things to the next level with his girlfriend, Nikki. But when he calls for a date, she asks to make it a double — bringing along her brash friend, Lysterine, whom Rushon sets up with his lewd buddy, Bunz. Things go better than expected. As the evening transitions from the restaurant to the bedroom, the two men go on a madcap search for what will surely make the night complete: condoms.",/1pQpHVm3AXIwbBUnwGEQ0q95E0L.jpg,1997-02-26,5.3,['Comedy']
1473,Best Men (1997),Action|Comedy|Crime|Drama,19952.0,"Four tuxedo clad men show up at a penitentiary to meet a friend who has just been released after three years in prison and is going straight from the jail to marry his girlfriend. En route to the wedding, one of the men asks to stop by a bank to pick up some cash. As it turns out, he is a wanted bank robber who uses Shakespeare passages during his robberies and thus has become known as ""Hamlet"". Soon all five men are caught up in the bank and involved in the robbery as they end up in a hostage situation. The hostage negotiator shows up who turns out to be Hamlet's father.",/dDutboDhQeIGZ0VOMI8RkM7MWm3.jpg,1997-10-17,5.2,"['Comedy', 'Romance']"
1474,Jungle2Jungle (a.k.a. Jungle 2 Jungle) (1997),Children|Comedy,9446.0,"Uptight New York City executive, Michael Cromwell, pursues his soon-to-be ex-wife to South America and returns home with the son he never knew he had—a boy raised in a tribal village in Brazil. Armed with only his blowgun, the 13-year-old Mimi-Siku discovers that the world outside his jungle home is indeed a strange place.",/xRKfvheWRfkirm0kzdBAydUjiK5.jpg,1997-03-04,5.3,"['Comedy', 'Family']"
1475,Kama Sutra: A Tale of Love (1996),Romance,28005.0,"Tara and Maya are inseparable, with the same tastes, habits, and hobbies. Years later, the two have matured but have maintained their friendship. Tara marries local prince Raj Singh, who succeeds the throne as the sole heir. After the marriage, Raj seeks another female to satisfy his sexual desires, with his sights settling on Maya, putting a perhaps unforgivable strain on a longtime friendship.",/sptijXzApZhbOyqYq9P7627RAYw.jpg,1997-02-28,5.7,"['Drama', 'History', 'Romance']"
1476,Private Parts (1997),Comedy|Drama,9403.0,"The life and career of shock-jock superstar Howard Stern is recounted from his humble beginnings to his view from the top. Possessing a desire to be an on-air personality since childhood, Stern meanders through the radio world, always with his supportive wife, Alison, by his side. Landing a gig in Washington, D.C., Stern meets Robin Quivers, who will become his long-time partner in crime. When the two move to New York, they face the wrath of NBC executives.",/8nCc9fhXCVvetlqpxkrCTc9NwOz.jpg,1997-03-07,6.5,"['Comedy', 'Drama']"
1477,Love Jones (1997),Romance,27322.0,"Darius Lovehall is a young black poet in Chicago who starts dating Nina Moseley, a beautiful and talented photographer. While trying to figure out if they've got a ""love thing"" or are just ""kicking it,"" they hang out with their friends, talking about love and sex. Then Nina tests the strength of Darius' feelings and sets a chain of romantic complications into motion.",/iuwimPkDm7kfptKm5zlK0pIzqXM.jpg,1997-03-14,7.3,"['Comedy', 'Drama', 'Romance']"
1479,"Saint, The (1997)",Action|Romance|Sci-Fi|Thriller,10003.0,"Simon Templar (The Saint), is a thief for hire, whose latest job to steal the secret process for cold fusion puts him at odds with a traitor bent on toppling the Russian government, as well as the woman who holds its secret.",/k43wPAVeepqzGwP52dKcknQjquj.jpg,1997-04-03,6.097,"['Thriller', 'Action', 'Romance', 'Science Fiction', 'Adventure']"
1480,Smilla's Sense of Snow (1997),Drama|Thriller,9311.0,"Smilla Jaspersen attempts to understand the death of a small boy who falls from the roof of her apartment building. Suspecting wrongdoing, Smilla uncovers a trail of clues leading towards a secretive corporation that has made several mysterious expeditions to Greenland.",/2BwL0fKCaNRXfqMsu2uvFFS7dZX.jpg,1997-02-28,6.3,"['Drama', 'Thriller']"
1483,Crash (1996),Drama|Thriller,884.0,A car crash victim suddenly finds himself turned on by car accidents and becomes involved with an underground sub-culture of like-minded souls.,/gpai5oUFyFGLHOCsYTvVMqlbY7A.jpg,1996-07-17,6.5,"['Thriller', 'Drama']"
1484,"Daytrippers, The (1996)",Comedy|Drama|Mystery|Romance,49806.0,"Eliza D'Amico thinks her marriage to Louis is going great until she finds a mysterious love note to her husband. Concerned, she goes to her mother for advice. Eliza, her parents, her sister Jo, and Jo's boyfriend all pile into the station wagon and go to the city to confront Louis with the letter. On the way, the five explore their relations with each other and meet many interesting people.",/bDmconT9Fj0dnXdV5LaGAxXrVFN.jpg,1997-03-05,6.5,"['Comedy', 'Drama']"
1485,Liar Liar (1997),Comedy,1624.0,"Forced by his son's birthday wish, fast-talking attorney and habitual liar Fletcher Reede must tell the truth for the next 24 hours.",/p1habYSdC7oD3WygQ5lynU5G5rV.jpg,1997-03-21,6.707,['Comedy']
1487,Selena (1997),Drama|Musical,16052.0,"In this biographical drama, Selena Quintanilla is born into a musical Mexican-American family in Texas. Her father, Abraham, realizes that his young daughter is talented and begins performing with her at small venues. She finds success and falls for her guitarist, Chris Perez, who draws the ire of her father. Seeking mainstream stardom, Selena begins recording an English-language album which, tragically, she would never complete.",/j8xX3yBAFOayfSaImgLZPnAcdWz.jpg,1997-03-21,7.7,"['Drama', 'Music', 'History']"
1488,"Devil's Own, The (1997)",Action|Drama|Thriller,4477.0,"Frankie McGuire, one of the IRA's deadliest assassins, draws an American family into the crossfire of terrorism. But when he is sent to the U.S. to buy weapons, Frankie is housed with the family of Tom O'Meara, a New York cop who knows nothing about Frankie's real identity. Their surprising friendship, and Tom's growing suspicions, forces Frankie to choose between the promise of peace or a lifetime of murder.",/3KIPu7H3tST0j4tpqdKpQZUBCQz.jpg,1997-03-13,6.186,"['Crime', 'Thriller', 'Drama']"
1489,Cats Don't Dance (1997),Animation|Children|Musical,24662.0,An ambitious singing and dancing cat in 1939 Hollywood overcomes several obstacles to fulfill his dream of becoming a movie star.,/6CrgfB0dNUsanaMWHTv0Y6AFeNd.jpg,1997-03-26,7.2,"['Animation', 'Comedy', 'Family', 'Music']"
1490,B*A*P*S (1997),Comedy,18423.0,"Two wannabe Black American princesses aim to marry rich men, who will pay for their world's first combination hair salon and soul food restaurant.",/yi40NrDfdv8vX0aoWvis3CnCVWj.jpg,1997-03-28,5.2,['Comedy']
1493,Love and Other Catastrophes (1996),Romance,76996.0,"Over the course of one frantic day, five university students try to keep their heads above water.",/38v256eDGv8XN6bHAEzCzKYULyV.jpg,1996-08-01,5.3,"['Comedy', 'Romance']"
1495,Turbo: A Power Rangers Movie (1997),Action|Adventure|Children,6499.0,"The legendary Power Rangers must stop the evil space pirate Divatox from releasing the powerful Maligore from his volcanic imprisonment on the island of Muranthias, where only the kindly wizard Lerigot has the key to release him. The hope of victory lies in the Ranger's incredible new Turbo powers and powerful Turbo Zords.",/4mau5EXQoKUTiS5wx3Wocwrh5hG.jpg,1997-03-27,5.7,"['Action', 'Adventure', 'Family', 'Fantasy', 'Science Fiction']"
1496,Anna Karenina (1997),Drama|Romance,50512.0,"In Imperial Russia, Anna, wife of the officer Karenin, goes to Moscow to visit her brother. On the way, she meets charming cavalry officer Vronsky, to whom she's immediately attracted. But in St. Petersburg’s high society, a relationship like this could destroy a woman’s reputation.",/6YWh035E2jhiWs57A2LMg1c9mv4.jpg,1997-04-04,6.1,"['Drama', 'Romance']"
1497,Double Team (1997),Action,9405.0,"A CIA agent is interned for failing to kill an international terrorist. Escaping from his island exile, he teams up with a flamboyant arms dealer and sets out to find the terrorist and rescue the agent's family. Together they're a two-man arsenal... with enough voltage to rock the free world.",/tUzF2S15iX4Hn6ikbFX1YP3SDEQ.jpg,1997-04-04,5.2,"['Action', 'Science Fiction']"
1498,Inventing the Abbotts (1997),Drama|Romance,12723.0,"In the 1950s, brothers Jacey and Doug Holt, who come from the poorer side of their sleepy Midwestern town, vie for the affections of the wealthy, lovely Abbott sisters. Lady-killer Jacey alternates between Eleanor and Alice, wanting simply to break the hearts of rich young women. But sensitive Doug has a real romance with Pamela, which Jacey and the Abbott patriarch, Lloyd, both frown upon.",/ysfD96fF56BEzpktyDWChC8Epgs.jpg,1997-04-04,6.3,"['Drama', 'Romance']"
1499,Anaconda (1997),Action|Adventure|Thriller,9360.0,"A 'National Geographic' film crew is taken hostage by an insane hunter, who takes them along on his quest to capture the world's largest — and deadliest — snake.",/33NysOnLpLZY0ewHTcfpalzAsRG.jpg,1997-04-11,5.3,"['Adventure', 'Horror', 'Thriller']"
1500,Grosse Pointe Blank (1997),Comedy|Crime|Romance,9434.0,"Hitman Martin Blank becomes a moving target after he rebuffs a fellow assassin's invitation to form a union. On the advice of his quirky assistant and neurotic psychiatrist, Martin begrudgingly heads out to Grosse Pointe, Michigan for his ten-year high school reunion, where he soon comes across the woman he jilted on prom night.",/7lQ0MSNQqBTYpXTTZL82u1n95Z3.jpg,1997-04-11,7.0,"['Action', 'Comedy', 'Thriller', 'Romance']"
1502,Kissed (1996),Drama|Romance,21626.0,"Over the years, a child's romantic ideals about death blossom into necrophilia, the study of embalming and the most profound relationship of her life.",/sLHamI4Qrtg1YyUVsMbh1diCAyg.jpg,1996-09-07,6.378,"['Romance', 'Drama']"
1503,8 Heads in a Duffel Bag (1997),Comedy,13982.0,"Mafia hitman Tommy Spinelli is flying to San Diego with a bag that holds eight severed heads, which he's bringing to his superiors to prove that some troublesome rival mobsters are permanently out of the picture. When his bag gets accidentally switched at the airport, Tommy must track down his duffel bag and the 8 heads it contains.",/dbjS5UH7JvsQwSLMYMY5GQOSwv1.jpg,1997-04-18,5.0,"['Comedy', 'Crime', 'Adventure', 'Mystery']"
1507,Paradise Road (1997),Drama|War,77223.0,"A group of English, American, Dutch and Australian women creates a vocal orchestra while being imprisoned in a Japanese POW camp on Sumatra during World War II.",/mEA7Iv1e6HqpSGMfVUdUfYOusNU.jpg,1997-02-11,6.4,"['War', 'Drama', 'History']"
1513,Romy and Michele's High School Reunion (1997),Comedy,9611.0,"Two not-too-bright party girls reinvent themselves for their high school reunion. Armed with a borrowed Jaguar, new clothes and the story of their success as the inventors of Post-It notes, Romy and Michele descend on their alma mater, but their façade crumbles quickly.",/yLxgglhaP2QfWVZTdrv7mZgvuHL.jpg,1997-04-25,6.2,['Comedy']
1514,Temptress Moon (Feng Yue) (1996),Romance,47694.0,"Set in the decadent 1920s, Temptress Moon tells the very complicated story of a wealthy family living on the outskirts of Shanghai. Their youngest daughter, Ruyi, is brought up as a servant to her opium-addicted father and brother. Meanwhile, her brother-in-law Zhongliang has a successful, if illegal, career seducing and blackmailing married women in the city. When he comes to Ruyi's home the two fall in love, and trouble ensues.",/qpuVUxfLKlzQDqzMY4oTR1RCQNA.jpg,1996-05-09,6.6,"['Drama', 'Romance']"
1515,Volcano (1997),Action|Drama|Thriller,10357.0,"An earthquake shatters a peaceful Los Angeles morning and opens a fissure deep into the earth, causing lava to start bubbling up. As a volcano begins forming in the La Brea Tar Pits, the director of the city's emergency management service, working with a geologist, must then use every resource in the city to try and stop the volcano from consuming LA.",/5xIjktjXuro7anZ6AR58t5ZYWjQ.jpg,1997-04-25,5.923,"['Science Fiction', 'Action', 'Drama', 'Thriller']"
1516,Children of the Revolution (1996),Comedy,9977.0,"A man (Richard Roxburgh) the Australian government blames for 1990s political woes blames his mother (Judy Davis), a communist Stalin seduced in 1951.",/jfL0X3Ym9R9QDkUQZufwzVq12F0.jpg,1996-12-26,5.5,"['Comedy', 'Drama']"
1517,Austin Powers: International Man of Mystery (1997),Action|Adventure|Comedy,816.0,"As a swinging fashion photographer by day and a groovy British superagent by night, Austin Powers is the '60s' most shagadelic spy. But can he stop megalomaniac Dr. Evil after the bald villain freezes himself and unthaws in the '90s? With the help of sexy sidekick Vanessa Kensington, he just might.",/5uD4dxNX8JKFjWKYMHyOsqhi5pN.jpg,1997-05-02,6.592,"['Comedy', 'Crime']"
1518,Breakdown (1997),Action|Thriller,2163.0,"On their cross-country drive, a married couple, Jeff and Amy Taylor, experience car trouble after their SUV breaks down. Stranded in the New Mexico desert, the two catch a break when a passing truck driver offers Amy a ride to a nearby café to call for help. Meanwhile, Jeff is able to fix the car and make his way to the café, but Amy isn't there. He tracks down the trucker ― who tells the police he's never seen Jeff or his wife before. Jeff then begins a desperate, frenzied search for Amy.",/m3VB59ppr1RlpxNUYRUfZTgjgU.jpg,1997-05-02,6.9,"['Crime', 'Mystery', 'Thriller', 'Drama', 'Action']"
1519,Broken English (1996),Drama,124680.0,"Ivan is the fierce patriarch of a family of Croatian refugees living in Auckland during the Yugoslav wars. Nina is his daughter, ready to live on her own, despite his angry objections. Eddie is the Maori she takes as her lover. Nina works at the restaurant where Eddie cooks. For a price, she agrees to marry another restaurant employee, a Chinese man, so that he can establish permanent residency. The money gives her the independence she needs to leave her parents' house and move in with Eddie. Complications arise when Eddie realizes the depth of her father's fury and the strength of Nina's family ties.",/137yYXxYLGvm6UrkQfkpdWCV83k.jpg,1996-09-09,5.4,"['Romance', 'Drama']"
1526,Fathers' Day (1997),Comedy,12499.0,A woman cons two old boyfriends into searching for her runaway son by convincing both that they are the boy's father.,/834wRxQRbbctFupf8AES7CCeTSM.jpg,1997-05-09,5.482,"['Comedy', 'Family']"
1527,"Fifth Element, The (1997)",Action|Adventure|Comedy|Sci-Fi,18.0,"In 2257, a taxi driver is unintentionally given the task of saving a young girl who is part of the key that will ensure the survival of humanity.",/fPtlCO1yQtnoLHOwKtWz7db6RGU.jpg,1997-05-02,7.564,"['Science Fiction', 'Action', 'Adventure']"
1529,Nowhere (1997),Comedy|Drama,1811.0,"In Los Angeles, a colorful assortment of bohemians try to make sense of their intersecting lives. The moody Dark Smith, his bisexual girlfriend, her lesbian lover and their shy gay friend plan on attending the wildest party of the year. But they'll only make it if they can survive the drug trips, suicides, trysts, mutilations and alien abductions that occur as one surreal day unfolds.",/c1TZKfzvATep5x5DthqWjjWtU2l.jpg,1997-05-09,6.8,"['Comedy', 'Drama', 'Science Fiction']"
1533,"Promise, The (La promesse) (1996)",Drama,105045.0,"East-Berlin, 1961, shortly after the erection of the Wall. Konrad, Sophie and three of their friends plan a daring escape to Western Germany. The attempt is successful, except for Konrad, who remains behind. From then on, and for the next 28 years, Konrad and Sophie will attempt to meet again, in spite of the Iron Curtain. Konrad, who has become a reputed Astrophysicist, tries to take advantage of scientific congresses outside Eastern Germany to arrange encounters with Sophie. But in a country where the political police, the Stasi, monitors the moves of all suspicious people (such as Konrad's sister Barbara and her husband Harald), preserving one's privacy, ideals and self-respect becomes an exhausting fight, even as the Eastern block begins its long process of disintegration.",/pa0g9SFf6LglgrIJ2niDL9v7r6O.jpg,1995-02-16,6.353,"['Drama', 'Romance']"
1537,Shall We Dance? (Shall We Dansu?) (1996),Comedy|Drama|Romance,11239.0,"A bored accountant spots a beautiful woman in the window of a ballroom dance studio. He secretly starts taking dancing lessons to be near her, and then over time discovers how much he loves dancing. His wife, meanwhile, has hired a private detective to find out why he has started coming home late smelling of perfume.",/rCpqoo4phrDQSaLs9ToJnAqPG83.jpg,1996-01-27,7.5,"['Music', 'Comedy', 'Drama', 'Romance']"
1541,Addicted to Love (1997),Comedy|Romance,2058.0,"Good-natured astronomer Sam is devastated when the love of his life leaves him for a suave Frenchman. He therefore does what every other normal dumpee would do — go to New York and set up home in the abandoned building opposite his ex-girlfriend's apartment, wait until she decides to leave her current lover, and then win her back.",/sRfuSc6E9GvVaOHdPv4vG3ywfMw.jpg,1997-05-23,6.1,"['Comedy', 'Romance']"
1542,Brassed Off (1996),Comedy|Drama|Romance,9450.0,"A Yorkshire coal mine is threatened with closure and the only hope is for the men to enter their Grimley Colliery Brass Band into a national competition. They believe they have no hope until Gloria appears carrying her Flugelhorn. At first mocked for being a woman, she soon becomes the only chance for the band to win.",/qS2cZYWn2jlQs4Ej5O42LVIANQB.jpg,1996-11-01,7.0,"['Comedy', 'Romance', 'Drama']"
1544,"Lost World: Jurassic Park, The (1997)",Action|Adventure|Sci-Fi|Thriller,330.0,"Four years after Jurassic Park's genetically bred dinosaurs ran amok, multimillionaire John Hammond shocks chaos theorist Ian Malcolm by revealing that he has been breeding more beasties at a secret location. Malcolm, his paleontologist ladylove and a wildlife videographer join an expedition to document the lethal lizards' natural behavior in this action-packed thriller.",/6fSkhv35nPSw9hwPVCMINQFG1WD.jpg,1997-05-23,6.563,"['Adventure', 'Action', 'Science Fiction']"
1545,Ponette (1996),Drama,38523.0,"After losing her mother in a car accident that leaves her with a broken arm, 4-year-old Ponette struggles with anguish and fear. Left by her father with a caring aunt and her children, Ponette grieves, secretly hoping her mother will somehow come back. Confused by the religious explanations provided by adults, and challenged by the cruel taunts of a few children at school, little Ponette must make her way through her emotional turmoil.",/p6ZlnYATJvYZtcQr6RDmzplq3hX.jpg,1996-09-25,7.4,['Drama']
1546,Schizopolis (1996),Comedy,16375.0,A man works for the unpleasant guru of a Scientology-like movement.,/9ASmg9EvWkt90dwW9YKO3NXQk8d.jpg,1997-04-02,6.157,"['Comedy', 'Fantasy', 'Mystery']"
1547,Shiloh (1997),Children|Drama,33660.0,"An abused beagle runs away from his owner. On the road, he meets young Marty Preston and follows him home. The boy immediately forms a bond with the dog and names him Shiloh. His stern father won't let him keep the dog because it belongs to Judd Travers, a local hunter. After Shiloh is mistreated again, he runs away and returns to Marty. Knowing his father will once again make him bring Shiloh back to Judd, he makes a home for the dog in an old shed up the hill from the Prestons' house and hides him from his family. His secret is soon discovered when a stray attacks the dog one night and he must turn to his father for help.",/wRB0cTPBIWHEq4FmWuX6voagePf.jpg,1996-11-30,5.7,"['Drama', 'Family']"
1549,Rough Magic (1995),Drama|Romance,45671.0,"In the 1950s, a pretty magician's apprentice travels to Mexico to escape her boyfriend, a wealthy politician, and to find a Mayan shaman who will teach her the ancient principles of magic.",/1ihrS8fbHnIvkcruSWBJSGiayh7.jpg,1995-09-07,5.5,"['Comedy', 'Drama', 'Romance', 'Fantasy']"
1550,Trial and Error (1997),Comedy|Romance,17770.0,"When lawyer Charlie is sent to a small Nevada town to file a continuance request for a client, his actor friend Richard turns up to throw a surprise bachelor party celebrating his upcoming marriage to the boss's daughter. When Charlie is too hung-over to make it to court for the hearing, Richard fills in, inadvertently committing felony fraud, and Charlie is left with no choice but to coach the clueless Richard through the whole trial.",/menUTMx04eYe8EYKhJnGYA4gK6Q.jpg,1997-05-30,5.4,"['Comedy', 'Romance']"
1551,Buddy (1997),Adventure|Children|Drama,15170.0,An eccentric socialite raises a gorilla as her son.,/88l3mMtQcHE5JW8gJmQJm9fmpAH.jpg,1997-06-06,4.9,"['Family', 'Adventure', 'Comedy', 'Drama']"
1552,Con Air (1997),Action|Adventure|Thriller,1701.0,"Newly-paroled former US Army ranger Cameron Poe is headed back to his wife, but must fly home aboard a prison transport flight dubbed ""Jailbird"" taking the “worst of the worst” prisoners, a group described as “pure predators”, to a new super-prison. Poe faces impossible odds when the transport plane is skyjacked mid-flight by the most vicious criminals in the country led by the mastermind — genius serial killer Cyrus ""The Virus"" Grissom, and backed by black militant Diamond Dog and psychopath Billy Bedlam.",/kOKjgrEzGOP92rVQ6srA9jtp60l.jpg,1997-06-05,6.765,"['Action', 'Thriller', 'Crime']"
1554,"Pillow Book, The (1996)",Drama|Romance,26422.0,"Nagito has a fetish for calligraphy on the human body and meets her ideal soulmate Jerome, an English translator sent to Japan. However, once Nagiko's father's gay publisher rejoins the scene, the story is overtaken by treachery and bloodlust.",/haJOy4dOmy0nih5RH25FBuwVNH4.jpg,1995-09-01,6.355,"['Drama', 'Romance']"
1556,Speed 2: Cruise Control (1997),Action|Romance|Thriller,1639.0,"A disgruntled former employee hijacks the Seabourn Legend cruise liner. Set on a fixed course, without any means of communication and at the mercy of the hijacker, it's up to the one cop on vacation, and his soon to be fiancé (hopefully) Annie, to regain control of it before it kills the passengers and causes an environmental disaster. Insurmountable and daunting tasks await them on their  perilous journey throughout the ship trying to fend off the hijacker and save the passengers.",/gnK1ocpwUTj24zAktzomOJsD2bu.jpg,1997-06-13,4.616,"['Action', 'Thriller']"
1562,Batman & Robin (1997),Action|Adventure|Fantasy|Thriller,415.0,"Batman and his sidekick Robin attempt to the foil the sinister schemes of a deranged set of new villains, most notably the melancholy Mr. Freeze, who wants to make Gotham City into an arctic region, and the sultry Poison Ivy, a botanical femme fatale. As the Dynamic Duo contend with these bad guys, a third hero, Batgirl, joins the ranks of the city's crime-fighters.",/i7hEUpDuMN2LOrCEifFyGSHZQSY.jpg,1997-06-20,4.386,"['Action', 'Science Fiction', 'Adventure']"
1564,For Roseanna (Roseanna's Grave) (1997),Comedy|Drama|Romance,65889.0,"Roseanna is dying of a heart condition, and all she wants is to be buried next to her daughter, in a cemetery that is getting full fast. The cemetery can't expand because Capestro, the man who owns the land next to the cemetery, won't sell. While Marcello is doing good deeds to make sure no one dies, Roseanna thinks of Marcello's future.",/qaimjcQYua8UjnEJAx6UPjRRc3a.jpg,1997-03-06,6.5,"['Comedy', 'Romance', 'Drama']"
1565,Head Above Water (1996),Comedy|Thriller,11103.0,"Judge George brings his young wife, Nathalie, to a remote island for a vacation. But while George accompanies their only neighbor -- Nathalie's childhood friend Lance -- on a fishing trip, Nathalie spends time with her ex, Kent. When Kent ends up dead the next morning, Nathalie tries to hide the evidence before her husband gets home. After the body is found, the events of the previous night unravel, with unexpected revelations.",/snbpUmX63bbjko0j0NyugJPHd9b.jpg,1996-11-07,6.0,"['Comedy', 'Thriller']"
1566,Hercules (1997),Adventure|Animation|Children|Comedy|Musical,11970.0,"Bestowed with superhuman strength, a young mortal named Hercules sets out to prove himself a hero in the eyes of his father, the great god Zeus. Along with his friends Pegasus, a flying horse, and Phil, a personal trainer, Hercules is tricked by the hilarious, hotheaded villain Hades, who's plotting to take over Mount Olympus!",/dK9rNoC97tgX3xXg5zdxFisdfcp.jpg,1997-06-13,7.491,"['Animation', 'Family', 'Fantasy', 'Adventure', 'Comedy', 'Romance']"
1569,My Best Friend's Wedding (1997),Comedy|Romance,8874.0,"When she receives word that her longtime platonic pal Michael O'Neal is getting married to debutante Kimberly Wallace, food critic Julianne Potter realizes her true feelings for Michael -- and sets out to sabotage the wedding.",/b5g4bp8gS5ovMyR5439AII6zQ3n.jpg,1997-06-19,6.565,"['Comedy', 'Romance']"
1571,When the Cat's Away (Chacun cherche son chat) (1996),Comedy|Romance,11956.0,"When Chloe, a young Parisian, decides to take a long-overdue vacation, she has to find someone to look after Gris-Gris, her beloved cat. Everyone, including her gay male roommate, refuses to help her, but she finally makes an arrangement with the elderly Madame Renée, who often watches over other peoples' cats and dogs. However, when Chloe comes back, Madame Renée tells her that unfortunately the cat has been lost, and the unlucky owner goes on a search for her dear animal friend. While looking for the cat, she meets many colorful characters who populate the neighborhood.",/vZjHfDpE74EmbknicrTg4n5YOLr.jpg,1996-04-03,6.2,['Comedy']
1572,"Contempt (Mépris, Le) (1963)",Drama,266.0,"A philistine in the art film business, Jeremy Prokosch is a producer unhappy with the work of his director. Prokosch has hired Fritz Lang to direct an adaptation of ""The Odyssey,"" but when it seems that the legendary filmmaker is making a picture destined to bomb at the box office, he brings in a screenwriter to energize the script. The professional intersects with the personal when a rift develops between the writer and his wife.",/kNElbRcp4Qz6wmJ9kH5vdY004Hq.jpg,1963-10-29,7.022,"['Drama', 'Romance']"
1573,Face/Off (1997),Action|Crime|Drama|Thriller,754.0,"In order to foil a terrorist plot, an FBI agent undergoes facial transplant surgery and assumes the identity of a criminal mastermind. The plan turns sour when the criminal wakes up prematurely and seeks revenge.",/69Xzn8UdPbVnmqSChKz2RTpoNfB.jpg,1997-06-27,7.051,"['Action', 'Crime', 'Science Fiction']"
1574,Fall (1997),Romance,37567.0,"For Michael Shiver, life as an easy-going cab driver in New York suddenly changes when he picks up supermodel Sarah Easton and falls head over heels in love. But Sarah has more than just passion on her mind; she also has a husband and a glamorous lifestyle that she can't seem to leave behind. Torn between her feelings for Michael and the security of her marriage, Sarah is forced to make a realistic decision about the sacrifices that must be made to be truly and totally in love.",/4nRzyiVckWoqE9Vpm35yZTrfkJM.jpg,1997-06-20,6.3,"['Drama', 'Romance']"
1580,Men in Black (a.k.a. MIB) (1997),Action|Comedy|Sci-Fi,607.0,"After a police chase with an otherworldly being, a New York City cop is recruited as an agent in a top-secret organization established to monitor and police alien activity on Earth: the Men in Black. Agent K and new recruit Agent J find themselves in the middle of a deadly plot by an intergalactic terrorist who has arrived on Earth to assassinate two ambassadors from opposing galaxies.",/uLOmOF5IzWoyrgIF5MfUnh5pa1X.jpg,1997-07-02,7.218,"['Action', 'Adventure', 'Comedy', 'Science Fiction']"
1581,Out to Sea (1997),Comedy,18080.0,"Care-free Charlie cons his widower brother-in-law Herb into an expenses-paid luxury cruise in search of rich, lonely ladies. The catch is that they are required to be dance hosts! With a tyrannical cruise director, and the luscious Liz and lovely Vivian, our heroes have lots of mis-adventures before they finally return to port.",/de3GHQy3TJAVhgF6ys1aWpe5jWK.jpg,1997-07-02,5.8,"['Comedy', 'Romance']"
1582,Wild America (1997),Adventure|Children,38225.0,"Three brothers - Marshall, Marty and Mark dream of becoming naturalists and portraying animal life of America. One summer their dream comes true, they travel through America, filming alligators, bears and moose.",/m9VIy9qtq49EDwgYFg07ganUYg.jpg,1997-07-02,6.1,"['Adventure', 'Comedy', 'Family']"
1583,"Simple Wish, A (1997)",Children|Fantasy,17834.0,"Murray is a male fairy godmother, and he is trying to help 8-year-old Anabel to fulfil her ""simple wish"" - that her father Oliver, who is a cab driver, would win the leading role in a Broadway musical. Unfortunately, Murray's magic wand is broken and the fairies convention is threatened by evil witches Claudia and Boots.",/cfyJ7yIvNTlz2ooH8iU6r0pxAMj.jpg,1997-07-11,5.5,"['Adventure', 'Comedy', 'Family', 'Fantasy']"
1584,Contact (1997),Drama|Sci-Fi,686.0,"A radio astronomer receives the first extraterrestrial radio signal ever picked up on Earth. As the world powers scramble to decipher the message and decide upon a course of action, she must make some difficult decisions between her beliefs, the truth, and reality.",/bCpMIywuNZeWt3i5UMLEIc0VSwM.jpg,1997-07-11,7.439,"['Drama', 'Science Fiction', 'Mystery']"
1585,Love Serenade (1996),Comedy,65046.0,"Two sisters in an Australian country town develop a fierce and competitive crush on their new neighbour, a brooding and self-centred radio personality.",/fXBWYmK9MybKhqvmyj57KyFEcq3.jpg,1996-10-10,5.9,"['Comedy', 'Romance']"
1586,G.I. Jane (1997),Action|Drama,4421.0,"In response to political pressure from Senator Lillian DeHaven, the U.S. Navy begins a program that would allow for the eventual integration of women into its combat services. The program begins with a single trial candidate, Lieutenant Jordan O'Neil, who is chosen specifically for her femininity. O'Neil enters the grueling Navy SEAL training program under the command of Master Chief John James Urgayle, who unfairly pushes O'Neil until her determination wins his respect.",/6yBgZJYqaR4XkxwjsB9tS4GK1ZN.jpg,1997-08-19,6.465,"['Action', 'Drama', 'War']"
1587,Conan the Barbarian (1982),Action|Adventure|Fantasy,9387.0,"A horde of rampaging warriors massacre the parents of young Conan and enslave the young child for years on The Wheel of Pain. As the sole survivor of the childhood massacre, Conan is released from slavery and taught the ancient arts of fighting. Transforming himself into a killing machine, Conan travels into the wilderness to seek vengeance on Thulsa Doom, the man responsible for killing his family. In the wilderness, Conan takes up with the thieves Valeria and Subotai. The group comes upon King Osric, who wants the trio of warriors to help rescue his daughter who has joined Doom in the hills.",/qw2A587Ee61IwcSOLNFRhuOACZZ.jpg,1982-03-16,6.8,"['Adventure', 'Fantasy', 'Action']"
1588,George of the Jungle (1997),Children|Comedy,10603.0,"Deep in the African jungle, a baby named George, the sole survivor of a plane crash, is raised by gorillas. George grows up to be a buff and lovable klutz who has a rainforest full of animal friends: Tookie, his big-beaked toucan messenger; Ape, a witty talking gorilla; and Shep, a peanut-loving pooch of an elephant. But when poachers mess with George's pals, the King of Swing swings into action.",/lWp8hUqE4oLPxsYgilXoYoVThfU.jpg,1997-07-15,5.652,"['Adventure', 'Comedy', 'Family', 'Romance']"
1589,Cop Land (1997),Action|Crime|Drama|Thriller,2142.0,"Freddy Heflin is the sheriff of a place everyone calls “Cop Land” — a small and seemingly peaceful town populated by the big city police officers he’s long admired. Yet something ugly is taking place behind the town’s peaceful facade. And when Freddy uncovers a massive, deadly conspiracy among these local residents, he is forced to take action and make a dangerous choice between protecting his idols and upholding the law.",/dyOqXyPCQh8VF0KA5aelBCCQond.jpg,1997-08-15,6.799,"['Crime', 'Drama', 'Thriller']"
1590,Event Horizon (1997),Horror|Sci-Fi|Thriller,8413.0,"In 2047, a group of astronauts are sent to investigate and salvage the starship Event Horizon which disappeared mysteriously seven years before on its maiden voyage. However, it soon becomes evident that something sinister resides in its corridors.",/qfluaDXv0cIdLwgQWzNB2piHL2q.jpg,1997-08-15,6.569,"['Horror', 'Science Fiction', 'Mystery']"
1591,Spawn (1997),Action|Adventure|Sci-Fi|Thriller,10336.0,"After being murdered by corrupt colleagues in a covert government agency, Al Simmons makes a pact with the devil to be resurrected to see his beloved wife Wanda. In exchange for his return to Earth, Simmons agrees to lead Hell's Army in the destruction of mankind.",/3svvunKXkhRvEKByGDua1Qu0otq.jpg,1997-07-31,5.43,"['Action', 'Adventure', 'Fantasy', 'Horror', 'Science Fiction', 'Thriller']"
1592,Air Bud (1997),Children|Comedy,20737.0,A lonely boy befriends a stray dog who has a natural talent for basketball and together they experience the highs and lows of life as their friendship remains solid through a series of escapades.,/kDfzh6QdX2tseTwwyB7lp2RP7iE.jpg,1997-08-01,5.6,"['Comedy', 'Family']"
1593,Picture Perfect (1997),Comedy|Romance,9413.0,"A young advertising executive's life becomes increasingly complicated when, in order to impress her boss, she pretends to be engaged to a man she has just met.",/xYnvr4o7GEaA2uyt4Q1ASUI5Obv.jpg,1997-08-01,5.8,"['Romance', 'Comedy', 'Drama']"
1594,In the Company of Men (1997),Comedy|Drama,14585.0,"Two business executives--one an avowed misogynist, the other recently emotionally wounded by his love interest--set out to exact revenge on the female gender by seeking out the most innocent, uncorrupted girl they can find and ruining her life.",/1gPJ4H4TbGAiuEA6pFalFtqA0eL.jpg,1997-03-28,6.7,"['Comedy', 'Drama']"
1596,Career Girls (1997),Drama,49462.0,"A young college student in London moves into a flat and becomes best friends with a flatmate; the former moves into her own flat 4 years later but 6 years after their parting, the former returns to London to pay the latter a visit.",/bV6ezK5Qcqv9ul9B6yGiKcfA0pG.jpg,1997-06-01,6.6,['Drama']
1597,Conspiracy Theory (1997),Drama|Mystery|Romance|Thriller,8834.0,"A man obsessed with conspiracy theories becomes a target after one of his theories turns out to be true. Unfortunately, in order to save himself, he has to figure out which theory it is.",/sTyTKZVikQU6g50HE8HR1tBSRxj.jpg,1997-08-08,6.6,"['Action', 'Drama', 'Mystery', 'Thriller']"
1598,Desperate Measures (1998),Crime|Drama|Thriller,9458.0,"San Francisco police officer Frank Connor is in a frantic search for a compatible bone marrow donor for his gravely ill son. There's only one catch the potential donor is convicted multiple murderer Peter McCabe who sees a trip to the hospital as the perfect opportunity to get what he wants most: freedom. With McCabe's escape, the entire hospital becomes a battleground and Connor must pursue and, ironically, protect the deadly fugitive who is his son's only hope for survival.",/74ibzyjLp2dizmiua5nHn4llG0l.jpg,1998-01-30,6.0,"['Action', 'Drama', 'Thriller', 'Crime']"
1599,Steel (1997),Action,8854.0,"When a renegade military reject puts new superweapons in dangerous hands, John Henry Irons becomes Steel. Wearing body armor, wielding a fearsome electrohammer and riding a gadget-packed motorcycle, he's ready to wage war... if he can fix the untimely glitches in his untested gear.",/ufA7d5LT2rGj58KaZErPhcMkJ4U.jpg,1997-08-15,4.3,"['Science Fiction', 'Action', 'Crime', 'Fantasy']"
1600,She's So Lovely (1997),Drama|Romance,38295.0,"After being released from a psychiatric institution, a man tries to redeem himself in the eyes of his now-ex wife from the events that led up to his incarceration.",/oZISQ7Cnmezs5NgBaL6uHUkDMFZ.jpg,1997-08-29,5.87,"['Drama', 'Romance', 'Thriller']"
1601,Hoodlum (1997),Crime|Drama|Film-Noir,22073.0,"In 1934, the second most lucrative business in New York City was running 'the numbers'. When Madam Queen—the powerful woman who runs the scam in Harlem—is arrested, Ellsworth 'Bumpy' Johnson takes over the business and must resist an invasion from a merciless mobster.",/hZrwqVXLyxxsNJHVc6bJKSUDkXA.jpg,1997-08-27,6.379,"['Crime', 'Drama']"
1602,Leave It to Beaver (1997),Comedy,37244.0,"The Cleavers are an all-American family living in Ohio – wise father Ward, loving mother June, teenage son Wally, and 8-year-old Theodore, better known as 'Beaver'. Beaver hopes to get a bike as a gift from his father and to please him tries out for his school football team and he makes it, only to be embarrassed. The bike he gets is quickly stolen. Meanwhile, Wally is trying to help his friend Eddie Haskell to get the heart of pretty classmate Karen, but Karen seems to like Wally more, and that leads to tensions between the friends.",/zBe7rCrImp9XxSGWTWAmYlPEXeN.jpg,1997-08-22,5.4,"['Comedy', 'Family']"
1603,Mimic (1997),Horror|Sci-Fi|Thriller,4961.0,"A disease carried by common cockroaches is killing Manhattan children. In an effort to stop the epidemic an entomologist, Susan Tyler, creates a mutant breed of insect that secretes a fluid to kill the roaches. This mutant breed was engineered to die after one generation, but three years later Susan finds out that the species has survived and evolved into a large, gruesome monster that can mimic human form.",/ieRRo78f8JzEKxfiCKqJyFg6l8o.jpg,1997-08-22,6.068,"['Horror', 'Science Fiction']"
1604,Money Talks (1997),Action|Comedy,9416.0,"Sought by police and criminals, a small-time huckster makes a deal with a TV newsman for protection.",/bN57Rl003E9pYred5kw9Rp8h9Np.jpg,1997-08-22,6.0,"['Action', 'Comedy', 'Crime', 'Thriller']"
1605,Excess Baggage (1997),Adventure|Romance,26180.0,"A rich brat fakes her own kidnapping, but in the process ends up locked in the trunk of a car that gets stolen.",/dfKaCA32iSkEQiu37drvIAZWZFz.jpg,1997-08-29,6.094,"['Action', 'Comedy', 'Crime']"
1606,Kull the Conqueror (1997),Action|Adventure,17832.0,"A barbarian named Kull becomes ruler after defeating the old king in battle. In an effort to regain the throne, the former king's heirs resurrect Akivasha, a witch queen. However, Akivasha has plans of her own for the throne, and only Kull stands in the way.",/cgKK2eCdb5LLaQBDQZbmR312q1O.jpg,1997-08-29,5.0,"['Adventure', 'Fantasy', 'Action']"
1608,Air Force One (1997),Action|Thriller,9772.0,"When Russian neo-nationalists hijack Air Force One, the world's most secure and extraordinary aircraft, the President is faced with a nearly impossible decision to give in to terrorist demands or sacrifice not only the country's dignity, but the lives of his wife and daughter.",/evO1iENjLpUnbwjnt5XK85jRYob.jpg,1997-07-25,6.47,"['Action', 'Thriller']"
1609,187 (One Eight Seven) (1997),Drama|Thriller,6072.0,"After surviving a stabbing by a student, teacher Trevor Garfield moves from New York to Los Angeles. There, he resumes teaching as a substitute teacher.",/rPmmyspi1MZBItSvfx40qwep8ow.jpg,1997-07-29,6.7,"['Drama', 'Thriller']"
1610,"Hunt for Red October, The (1990)",Action|Adventure|Thriller,1669.0,"A new technologically-superior Soviet nuclear sub, the Red October, is heading for the U.S. coast under the command of Captain Marko Ramius. The American government thinks Ramius is planning to attack. Lone CIA analyst Jack Ryan has a different idea: he thinks Ramius is planning to defect, but he has only a few hours to find him and prove it - because the entire Russian naval and air commands are trying to find Ramius, too. The hunt is on!",/yVl7zidse4KiWtGMqHFtZCx4X3N.jpg,1990-03-02,7.38,"['Action', 'Thriller']"
1611,My Own Private Idaho (1991),Drama|Romance,468.0,"In this loose adaptation of Shakespeare's ""Henry IV,"" Mike Waters is a hustler afflicted with narcolepsy. Scott Favor is the rebellious son of a mayor. Together, the two travel from Portland, Oregon to Idaho and finally to the coast of Italy in a quest to find Mike's estranged mother. Along the way they turn tricks for money and drugs, eventually attracting the attention of a wealthy benefactor and sexual deviant.",/p9TF90Pb5yg2MNb2UztzyXktMm4.jpg,1991-02-01,7.1,['Drama']
1612,"Kiss Me, Guido (1997)",Comedy,32519.0,"When he discovers his girlfriend having sex with his brother, Frankie decides to head to Manhattan, leaving his Bronx pizza shop forever for the fame and fortune of show business. But before stardom, he needs a place to stay. Looking in the personals, he notices GWM. And thinking it ""Guy with Money,"" he heads to the Village and the apartment of gay actor Warren, who's in desperate need of this month's rent.",/3aFhsB4ez8ViUofXMaSI9k7bT1m.jpg,1997-07-18,4.8,['Comedy']
1613,Star Maps (1997),Drama,108401.0,"Carlos wants to be an actor. But his father, Pepe, wants him to work in the family business, that is, male prostitution. Carlos decides that he will be one of his father's boys until he can get his foot in the door in Hollywood.",/jXt9Ww1pMKcS1n1uGg7QuGFVaCT.jpg,1997-07-23,5.1,"['Comedy', 'Drama']"
1614,In & Out (1997),Comedy,10806.0,A midwestern teacher questions his sexuality after a former student makes a comment about him at the Academy Awards.,/jUTQp6cPgfOX4St2WfaeUvxZCts.jpg,1997-09-10,6.5,['Comedy']
1615,"Edge, The (1997)",Adventure|Drama,9433.0,"The plane carrying wealthy Charles Morse crashes down in the Alaskan wilderness. Together with the two other passengers, photographer Robert and assistant Stephen, Charles devises a plan to help them reach civilization. However, his biggest obstacle might not be the elements, or even the Kodiak bear stalking them -- it could be Robert, whom Charles suspects is having an affair with his wife and would not mind seeing him dead.",/zplJqfuUyqzW0D4jX3W1afl0d7b.jpg,1997-09-06,6.8,"['Action', 'Adventure', 'Drama']"
1616,"Peacemaker, The (1997)",Action|Thriller|War,6623.0,"When a train carrying atomic warheads mysteriously crashes in the former Soviet Union, a nuclear specialist discovers the accident is really part of a plot to cover up the theft of the weapons. Assigned to help her recover the missing bombs is a crack Special Forces Colonel.",/hc3p6pvIrfO4AmrVLb6qTviOwW2.jpg,1997-09-26,6.0,"['Action', 'Thriller']"
1617,L.A. Confidential (1997),Crime|Film-Noir|Mystery|Thriller,2118.0,Three detectives in the corrupt and brutal L.A. police force of the 1950s use differing methods to uncover a conspiracy behind the shotgun slayings of the patrons at an all-night diner.,/lWCgf5sD5FpMljjpkRhcC8pXcch.jpg,1997-09-19,7.8,"['Crime', 'Mystery', 'Thriller', 'Drama']"
1619,Seven Years in Tibet (1997),Adventure|Drama|War,978.0,"Austrian mountaineer Heinrich Harrer journeys to the Himalayas without his family to head an expedition in 1939. But when World War II breaks out, the arrogant Harrer falls into Allied forces' hands as a prisoner of war. He escapes with a fellow detainee and makes his way to Lhasa, Tibet, where he meets the 14-year-old Dalai Lama, whose friendship ultimately transforms his outlook on life.",/5euQXAgJ34TdUFl1t3O6Jw2lJAs.jpg,1997-09-12,7.2,"['Adventure', 'Drama', 'History']"
1620,Kiss the Girls (1997),Crime|Drama|Mystery|Thriller,9437.0,"Forensic psychologist and detective Alex Cross travels to North Carolina and teams with escaped kidnap victim Kate McTiernan to hunt down ""Casanova,"" a serial killer who abducts strong-willed women and forces them to submit to his demands. The trail leads to Los Angeles, where the duo discovers that the psychopath may not be working alone.",/25h5I3E3ydhazsPDnscWHivq5pn.jpg,1997-09-29,6.5,"['Thriller', 'Crime', 'Mystery', 'Drama']"
1621,Soul Food (1997),Drama,29461.0,"Traditional Sunday dinners at Mama Joe's turn sour when sisters Teri, Bird and Maxine start bringing their problems to the dinner table in this ensemble comedy. When tragedy strikes, it's up to grandson Ahmad to pull the family together and put the soul back into the family's weekly gatherings.",/97t6YjxjTpwQ439MJcPiPDrMAg0.jpg,1997-09-26,6.2,"['Comedy', 'Drama']"
1623,Wishmaster (1997),Horror,10351.0,"The Djinn, having been released from his ancient prison, seeks to capture the soul of the woman who discovered him, thereby opening a portal and freeing his fellow Djinn to take over the earth.",/t7rep7SCqiy4COUsq2cOcdQwzU0.jpg,1997-09-19,6.096,"['Horror', 'Fantasy']"
1624,"Thousand Acres, A (1997)",Drama,66588.0,The lives of an Iowa farmer's three daughters are shattered when he suddenly decides to bequeath them the family's fertile farm.,/p7tsW4oUi7hHbpNtFZdMQEBj42g.jpg,1997-09-19,5.7,"['Drama', 'Family']"
1625,"Game, The (1997)",Drama|Mystery|Thriller,2649.0,"In honor of his birthday, San Francisco banker Nicholas Van Orton, a financial genius and a cold-hearted loner, receives an unusual present from his younger brother, Conrad: a gift certificate to play a unique kind of game. In nary a nanosecond, Nicholas finds himself consumed by a dangerous set of ever-changing rules, unable to distinguish where the charade ends and reality begins.",/4UOa079915QjiTA2u5hT2yKVgUu.jpg,1997-09-12,7.569,"['Drama', 'Thriller', 'Mystery']"
1626,Fire Down Below (1997),Action|Drama|Thriller,14289.0,"When an EPA representative is murdered in a small Appalachian community, EPA undercover agent Jack Taggart is sent in—posing as a handyman working with a Christian relief agency—to determine what happened.",/nflONy2WMEui7uCGCAtkD1r9vnl.jpg,1997-09-05,5.758,"['Action', 'Thriller']"
1627,U Turn (1997),Crime|Drama|Mystery,10155.0,"When a desperate man’s car breaks down in a bizarre desert town while evading vengeful bookies, he becomes entangled in a dangerous love triangle. Caught between a married couple, he’s faced with deadly contracts to kill them both.",/nBPTj1ApIDWo04M14rXFwLPdtr2.jpg,1997-10-03,6.63,"['Crime', 'Drama', 'Thriller', 'Romance']"
1629,"MatchMaker, The (1997)",Comedy|Romance,20457.0,"Marcy, a worker in the reelection campaign of bumbling Senator John McGlory, is sent to Ireland on a quest to find the Irish ancestry of Sen. McGlory, to help him win the Irish vote. But when Marcy arrives in the small village of Ballinagra, she finds herself in the middle of a matchmaking festival, and the local matchmaker is determined to pair her off with one of the local bachelors.",/3TlW75w0Lo4uT6l8WRf3pdxbHHs.jpg,1997-10-03,6.1,"['Comedy', 'Romance']"
1631,"Assignment, The (1997)",Action|Thriller,18355.0,"Jack Shaw has experienced the terror first-hand. He's a top CIA agent who's tracked international killer-for-hire Carlos ""The Jackal"" Sanchez for over twenty years and barely survived Carlos' devastating bombing of a Parisian cafe. Now, he finally gets a break when he discovers Carlos' dead ringer: American naval officer and dedicated family man Annibal Ramirez.",/lhuV5cvxFhUrB6F4smVZGmdSwbT.jpg,1997-09-28,6.3,"['Thriller', 'Action', 'Crime']"
1633,Ulee's Gold (1997),Drama,55306.0,"Third-generation Florida beekeeper Ulee Jackson may have gotten out of Vietnam alive, but he left a part of himself behind. Now he methodically tends his bees, carefully provides for his two grandchildren and keeps his emotions at bay. But when a long-buried secret threatens Ulee's business and family, he is forced to break through his emotional walls and confront the terror of his wounded spirit.",/wMpZ7U7A0QHJptR9L573V3Y7SI0.jpg,1997-06-13,6.5,['Drama']
1635,"Ice Storm, The (1997)",Drama,68924.0,"In the weekend after thanksgiving 1973 the Hood family is skidding out of control. Then an ice storm hits, the worst in a century.",/3a6uLta7K8Dzojps4RoJAPHD0km.jpg,1997-09-27,6.87,['Drama']
1639,Chasing Amy (1997),Comedy|Drama|Romance,2255.0,"Holden and Banky are comic book artists. Everything is going good for them until they meet Alyssa, also a comic book artist. Holden falls for her, but his hopes are crushed when he finds out she's a lesbian.",/tqydORBcNlQxy3ijgSpPurgDHM2.jpg,1997-04-04,6.76,"['Comedy', 'Drama', 'Romance']"
1641,"Full Monty, The (1997)",Comedy|Drama,9427.0,"Sheffield, England. Gaz, a jobless steelworker in need of quick cash persuades his mates to bare it all in a one-night-only strip show.",/xkMiZv2FPrhIAtxvEcN1jAbkHRY.jpg,1997-08-13,7.0,['Comedy']
1642,Indian Summer (a.k.a. Alive & Kicking) (1996),Comedy|Drama,172545.0,"A passionately committed young dancer is forced to re-examine his career and life when faced with death, finding hope through an older man who becomes his lover, mentor and companion.",/uCWcDTik7uyrDwaIIwFGvkHBrrn.jpg,1996-11-08,4.5,"['Comedy', 'Drama']"
1643,"Mrs. Brown (a.k.a. Her Majesty, Mrs. Brown) (1997)",Drama|Romance,17589.0,"When Queen Victoria's husband Prince Albert dies, she finds solace in her trusted servant, Mr. John Brown. But their relationship also brings scandal and turmoil to the monarchy.",/zFLaeGWglaWfdLiUNcvmUeg0KRJ.jpg,1997-07-18,6.719,"['Drama', 'History', 'Romance']"
1644,I Know What You Did Last Summer (1997),Horror|Mystery|Thriller,3597.0,"After an accident on a winding road, four teens make the fatal mistake of dumping their victim's body into the sea. Exactly one year later, the deadly secret resurfaces as they're stalked by a hook-handed figure.",/dQyaJx0SptDqvQcAewAr8FAtLB2.jpg,1997-10-17,5.997,"['Horror', 'Thriller', 'Mystery']"
1645,The Devil's Advocate (1997),Drama|Mystery|Thriller,1813.0,"Aspiring Florida defense lawyer Kevin Lomax accepts a job at a New York law firm. With the stakes getting higher every case, Kevin quickly learns that his boss has something far more evil planned.",/5ZzBGpxy55OQzHxKVY11IpY6a0o.jpg,1997-10-17,7.468,"['Horror', 'Drama', 'Mystery']"
1646,RocketMan (a.k.a. Rocket Man) (1997),Children|Comedy|Romance|Sci-Fi,36797.0,"An accident-prone and obnoxious geek joins a NASA space mission to Mars. During the flight, he manages to put himself and the entire crew in jeopardy, but is in danger of emerging as a hero when his new colleagues need him to save them from the unforgiving surface of the red planet.",/6ejazTl7f8lWY3quZhenIOyOfED.jpg,1997-10-10,5.2,"['Comedy', 'Family', 'Science Fiction']"
1647,Playing God (1997),Crime|Drama|Thriller,12628.0,"Stripped of his medical license after performing an operation while high on amphetamines, famed LA surgeon Dr Eugene Sands abandons his former life only to find himself crossing paths with Raymond Blossom, an infamous counterfeiter. Employed as a ""gun-shot doctor"" when Raymond's associates cannot risk visiting a hospital, Eugene is lured deep into the criminal world and becomes entangled with his boss's girlfriend.",/faYRZjtBMNygM7spt72yrs72hC8.jpg,1997-10-17,5.5,"['Drama', 'Action', 'Thriller', 'Crime']"
1648,"House of Yes, The (1997)",Comedy|Drama,33344.0,"Jackie-O is anxiously awaiting the visit of her brother home for Thanksgiving, but isn't expecting him to bring a friend — and she's even more shocked to learn that this friend is his fiance. It soon becomes clear that her obsession with Jackie Kennedy is nothing compared to her obsession with her brother, and she isn't the only member of the family with problems.",/42mp1sJw6E7BDNMrF65IOZ4j4zq.jpg,1997-10-10,6.2,"['Comedy', 'Drama']"
1649,"Fast, Cheap & Out of Control (1997)",Documentary,25099.0,"Errol Morris’s Fast, Cheap & Out of Control interweaves the stories of four men, each driven to create eccentric worlds from their unique obsessions, all of which involve animals. There’s a lion tamer who shares his theories on the mental processes of wild animals; a topiary gardener who has devoted a lifetime to shaping bears and giraffes out of hedges and trees; a man fascinated with hairless mole rats; and an MIT scientist who has designed complex, autonomous robots that can crawl like bugs.",/8uXV6w3ZQUtefqjCgxXswCwPSjk.jpg,1997-10-03,6.8,['Documentary']
1650,Washington Square (1997),Drama,45019.0,"In 1870s New York, spinster heiress Catherine Sloper is courted by the much younger, penniless Morris Townsend, much to the chagrin of her overprotective father. Catherine must decide whether to spend the rest of her life alone, or marry a man interested in her solely for her inheritence.",/3LIn7bskDwsmyxMWTNWRIPSCm2X.jpg,1997-10-10,6.2,"['Drama', 'Romance']"
1652,Year of the Horse (1997),Documentary,62422.0,"A document of Neil Young and Crazy Horse's 1996 concert tour. Director Jarmusch conducts interviews about the band's long history, interspersed with backstage footage from the 1970s and 1980s.",/kLO7UAx8OalCeW2JqTAispzNBJr.jpg,1997-10-08,6.3,"['Documentary', 'Music']"
1653,Gattaca (1997),Drama|Sci-Fi|Thriller,782.0,"Vincent is an all-too-human man who dares to defy a system obsessed with genetic perfection. He is an ""In-Valid"" who assumes the identity of a member of the genetic elite to pursue his goal of traveling into space with the Gattaca Aerospace Corporation.",/eSKr5Fl1MEC7zpAXaLWBWSBjgJq.jpg,1997-07-09,7.566,"['Thriller', 'Science Fiction', 'Mystery', 'Romance']"
1654,FairyTale: A True Story (1997),Children|Drama|Fantasy,29911.0,"In 1917, two children take a photograph, which is soon believed by some to be the first scientific evidence of the existence of fairies. Based on the true story of the Cottingley Fairies.",/5H86i0qE8zCAbg0vTBKG7S7I2Vi.jpg,1997-10-24,6.399,"['Fantasy', 'Drama', 'Mystery', 'Family']"
1655,Phantoms (1998),Drama|Horror|Thriller,9827.0,"In the peaceful Colorado town of Snowfield, something evil has wiped out the community. And now, it's up to a group of people to stop it, or at least get out of Snowfield alive.",/aWkmnhNBlQNIPNNz4r0PGksXgT1.jpg,1998-01-23,5.4,"['Horror', 'Science Fiction', 'Thriller']"
1656,Swept from the Sea (1997),Drama|Romance,1959.0,"The film tells the story of Russian emigree and the only survivor from ship crash Yanko Goorall and servant Amy Foster in the end of 19th century. When Yanko enters a farm sick and hungry after the shipwreck, everyone is afraid of him, except for Amy, who is very kind and helps him. Soon he becomes like a son for Dr. James Kennedy and romance between Yanko and Amy follows.",/w5Or62J6mF099MQcn0Cq8ycIfqB.jpg,1998-01-23,6.4,"['Drama', 'Romance']"
1658,"Life Less Ordinary, A (1997)",Romance|Thriller,8067.0,"A couple of angels, O'Reilly and Jackson, are sent to Earth to make sure that their next supervised love-connection succeeds. They follow Celine, a spoiled rich girl who has just accidentally shot a suitor and, due to a misunderstanding, is kidnapped by janitor Robert. Although Celine quickly frees herself, she stays with Robert for thrills. O'Reilly and Jackson pursue, hoping to unite the prospective lovers.",/tk7WNEwLZepFU2yPIIkRuQOO0Q9.jpg,1997-10-24,6.1,"['Fantasy', 'Comedy', 'Romance']"
1659,Hurricane Streets (1997),Drama,125052.0,Marcus is a New York City street kid torn between his friends' criminal activities and a girl trying to keep him out of trouble.,/kI8WAtPfjiPygfdKcwYJUkMZyh4.jpg,1997-01-21,5.1,"['Romance', 'Crime', 'Drama']"
1660,Eve's Bayou (1997),Drama,45153.0,"Summer heats up in rural Louisiana beside Eve’s Bayou, 1962, as the Batiste family tries to survive the secrets they’ve kept and the betrayals they’ve endured.",/33yTPcGSv7eo3FVlb7XKACHl1M8.jpg,1997-11-07,6.4,['Drama']
1661,Switchback (1997),Crime|Mystery|Thriller,10871.0,"After FBI agent Frank Lacrosse believes his son was kidnapped by a notorious serial killer, he travels to Amarillo, Texas, where he believes the murderer is in hiding. Although officially taken off the case because of its personal significance to him, Frank continues to pursue the killer, causing concern for local sheriff Buck Olmstead. When another victim pops up at a nearby car garage, Frank knows that he is as close as he'll ever be to tracking down the elusive killer.",/3v4nX475G97Vd8XCapTKQ7NTqMs.jpg,1997-10-31,6.002,"['Thriller', 'Mystery']"
1662,Gang Related (1997),Crime,14398.0,"After murdering an undercover DEA agent, two corrupt cops scramble to cover up what they've done.",/zvl4RYK5OHo2d9V1aUkHkxhh9Zv.jpg,1997-10-08,6.4,"['Action', 'Crime', 'Thriller', 'Drama', 'Romance']"
1663,Stripes (1981),Comedy|War,10890.0,"Hard-luck cabbie John Winger, directionless after being fired from his job and dumped by his girlfriend, enlists in the U.S. Army with his close pal, Russell Ziskey. After his barely satisfactory performance in basic training, the irreverent Winger emerges as the figurehead for a ragtag band of misfits. However, his hijinks threaten to cause an international scandal when he inadvertently commandeers a military assault vehicle behind enemy lines.",/vP8tPOgmJSNOh4bpOv1bFjid3rZ.jpg,1981-06-26,6.561,"['Action', 'Comedy']"
1665,Bean (1997),Comedy,1281.0,"Childlike Englishman, Mr. Bean, is an incompetent watchman at the Royal National Gallery. After the museum's board of directors' attempt to have him fired is blocked by the chairman, who has taken a liking to Bean, they send him to Los Angeles to act as their ambassador for the unveiling of a historic painting to humiliate him. Fooled, Mr. Bean must now successfully unveil the painting or risk his and a hapless Los Angeles curator's termination.",/IwrDPrB4d2DMcpnGkvan46yINL.jpg,1997-07-03,6.468,"['Family', 'Adventure', 'Comedy']"
1667,Mad City (1997),Action|Drama,9770.0,A misguided museum guard who loses his job and then tries to get it back at gunpoint is thrown into the fierce world of ratings-driven TV gone mad.,/wXb9KGqxyrAHNygRRI1HW1BhcU.jpg,1997-11-07,6.2,"['Thriller', 'Drama']"
1670,Welcome to Sarajevo (1997),Drama|War,14905.0,"Follow a group of international journalists into the heart of the once cosmopolitan city of Sarajevo—now a danger zone of sniper and mortar attacks where residents still live. While reporting on an American aid worker who’s trying to get children out of the country, a British correspondent decides to take an orphaned girl home to London.",/bGdDqsFCF0v9M5mB77fAF8vJMsy.jpg,1997-05-09,6.4,"['War', 'Drama', 'History']"
1671,Deceiver (1997),Crime|Drama|Thriller,14583.0,"The gruesome death of a prostitute brings suspicion on one of her clients, James Wayland, a brilliant, self-destructive and epileptic heir to a textile fortune. So detectives Braxton and Kennesaw take Wayland in for questioning, thinking they can break the man. But despite his troubles, Wayland is a master of manipulation, and during the interrogation, he begins to turn the tables on the investigators, forcing them to reveal their own sinister sides.",/1bxBZV0KsUolu7MddTXZ0Prac3Q.jpg,1997-08-31,6.0,"['Mystery', 'Crime', 'Drama', 'Thriller']"
1672,"Rainmaker, The (1997)",Drama,11975.0,"Fresh out of law school and desperate for work, idealistic rookie Rudy Baylor takes on a powerful insurance company accused of denying a dying boy’s claim. Teaming up with a scrappy, unlicensed paralegal, he finds himself in a David-versus-Goliath courtroom battle that tests his ethics, courage, and belief in justice.",/twLGHXPjQtS8UyVGp5GXmhJiTM7.jpg,1997-11-18,7.012,"['Drama', 'Crime', 'Thriller']"
1673,Boogie Nights (1997),Drama,4995.0,"Set in 1977, back when sex was safe, pleasure was a business and business was booming, idealistic porn producer Jack Horner aspires to elevate his craft to an art form. Horner discovers Eddie Adams, a hot young talent working as a busboy in a nightclub, and welcomes him into the extended family of movie-makers, misfits and hangers-on that are always around. Adams' rise from nobody to a celebrity adult entertainer is meteoric, and soon the whole world seems to know his porn alter ego, ""Dirk Diggler"". Now, when disco and drugs are in vogue, fashion is in flux and the party never seems to stop, Adams' dreams of turning sex into stardom are about to collide with cold, hard reality.",/wnE24UPCPQsQnbBOu4zVE2qaDNm.jpg,1997-10-07,7.626,['Drama']
1674,Witness (1985),Drama|Romance|Thriller,9281.0,"While protecting an Amish boy – the sole witness to a brutal murder – and his mother, a detective is forced to seek refuge within their community when his own life comes under threat.",/kOymD1rChAMykmDVEzJpIh4OYS7.jpg,1985-02-08,7.1,"['Crime', 'Drama', 'Thriller']"
1675,Incognito (1997),Crime|Thriller,45928.0,"Harry Donovan is an art forger who paints fake Rembrandt picture for $500,000. The girl he meets and gets into bed with in Paris, Marieke, turns out to be an arts expert Harry's clients are using to check the counterfeit picture he painted.",/45idl65SLCipP1G1RMRVfkF4ldw.jpg,1997-11-14,5.8,"['Crime', 'Thriller', 'Romance', 'Drama']"
1676,Starship Troopers (1997),Action|Sci-Fi,563.0,"Set in the future, the story follows a young soldier named Johnny Rico and his exploits in the Mobile Infantry. Rico's military career progresses from recruit to non-commissioned officer and finally to officer against the backdrop of an interstellar war between mankind and an arachnoid species known as ""the Bugs.""",/cxCmv23O7p3hyHwqoktHYkZcGsY.jpg,1997-11-07,7.098,"['Adventure', 'Action', 'Thriller', 'Science Fiction']"
1677,Critical Care (1997),Comedy|Drama,61337.0,"Werner Ernst is a young hospital resident who becomes embroiled in a legal battle between two half-sisters who are fighting over the care of their comatose father. But are they really fighting over their father's care, or over his $10 million estate? Meanwhile, Werner must contend with his nutty supervisor, who insists that he only care for patients with full insurance. Can Werner sidestep the hospital's legal team and do what's best for the patient?",/p4UPT3vvdKHsv6PbhvvtFm8w5Zx.jpg,1997-10-31,6.4,"['Comedy', 'Drama']"
1678,"Joy Luck Club, The (1993)",Drama|Romance,19931.0,"Through a series of flashbacks, four Chinese women born in America and their respective mothers born in feudal China explore their pasts.",/s1Sk0hhVARNs7i9wqRHqbCriu8n.jpg,1993-09-08,7.1,['Drama']
1679,Chairman of the Board (1998),Comedy,31535.0,"Surfer Edison isn't able to make ends meet with his inventions or his lifestyle. But then he meets billionaire Armand McMillian, who takes a shine to the young bum — so much so that he leaves his invention company to him upon his death. Unfortunately, Armand's nephew, Bradford, only gets a surfboard. While Edison manages to run the company successfully, with the help of pretty Natalie, Bradford conspires to take him down.",/1eGB1EjaUjGbiuPBAqndlO3khyn.jpg,1998-03-13,3.6,['Comedy']
1680,Sliding Doors (1998),Drama|Romance,10215.0,"Helen, a London ad executive, is fired from her job and rushes out to catch a train, but, as she runs down, her life suddenly splits off. In one version she catches the train; in the second, she misses it. Her whole life changes in that one second, and the rest of the film depicts what happens in each scenario.",/s8VOVTywXZIIHqdEjkCZziH0ebq.jpg,1998-04-23,6.6,"['Comedy', 'Drama', 'Fantasy', 'Romance']"
1681,Mortal Kombat: Annihilation (1997),Action|Adventure|Fantasy,9823.0,"A group of heroic warriors has only six days to save the planet in ""Mortal Kombat Annihilation."" To succeed they must survive the most spectacular series of challenges any human, or god, has ever encountered as they battle an evil warlord bent on taking control of Earth.",/ttryglcY2osWZE3sRYBf3ewTZsW.jpg,1997-11-11,4.523,"['Action', 'Fantasy', 'Science Fiction']"
1682,"Truman Show, The (1998)",Comedy|Drama|Sci-Fi,37165.0,An insurance salesman begins to suspect that his whole life is actually some sort of reality TV show.,/vuza0WqY239yBXOadKlGwJsZJFE.jpg,1998-06-04,8.152,"['Comedy', 'Drama']"
1683,"Wings of the Dove, The (1997)",Drama|Romance,45609.0,"Kate is secretly betrothed to a struggling journalist, Merton Densher. But she knows her Aunt Maude will never approve of the match, since Kate's deceased mother has lost all her money in a marriage to a degenerate opium addict. When Kate meets a terminally ill American heiress named Millie traveling through Europe, she comes up with a conniving plan to have both love and wealth.",/eb1ZnIEC8LMmMgwD2fIAmQOkcd.jpg,1997-09-04,6.6,"['Drama', 'Romance']"
1684,Mrs. Dalloway (1997),Drama|Romance,38904.0,"Clarissa Dalloway looks back on her youth as she readies for a gathering at her house. The wife of a legislator and a doyenne of London's upper-crust party scene, Clarissa finds that the plight of ailing war veteran Septimus Warren Smith reminds her of a past romance with Peter Walsh. In flashbacks, young Clarissa explores her possibilities with Peter.",/kJURxFCyfqjTss7vTVMuUobHcye.jpg,1997-09-01,5.5,"['Drama', 'Romance']"
1685,"I Love You, I Love You Not (1996)",Drama|Romance,45565.0,A school student and her European-born grandmother share sad stories of their lives.,/aesZ94JtQFiVdvNFNbO5CSeWms2.jpg,1996-08-28,5.0,"['Drama', 'Family', 'Romance']"
1686,Red Corner (1997),Crime|Thriller,9407.0,"An American attorney on business in China, ends up wrongfully on trial for murder and his only key to innocence is a female defense lawyer from the country.",/xsIbKOO1CacqTagyJmEGGf4kOnn.jpg,1997-10-30,6.3,"['Crime', 'Drama', 'Thriller']"
1687,"Jackal, The (1997)",Action|Thriller,4824.0,"Hired by a powerful member of the Russian mafia to avenge an FBI sting that left his brother dead, a psychopathic hitman known only as The Jackal proves an elusive target for the people charged with the task of bringing him down: a deputy FBI director, a Russian MVK Major,  and a jailed IRA terrorist who can recognize him.",/oXF26QmDEaRaH9Fbhs3NXtcnryx.jpg,1997-11-14,6.381,"['Action', 'Thriller', 'Adventure', 'Crime']"
1688,Anastasia (1997),Adventure|Animation|Children|Drama|Musical,9444.0,"Ten years after she was separated from her family, an eighteen-year-old orphan with vague memories of the past sets out to Paris in hopes of reuniting with her grandmother. She is accompanied by two con men, who intend to pass her off as the Grand Duchess Anastasia to the Dowager Empress for a reward.",/bppGWGA8zq1sRvTdDJnUzVW9GcH.jpg,1997-11-20,7.606,"['Animation', 'Family', 'Fantasy', 'Adventure']"
1689,"Man Who Knew Too Little, The (1997)",Comedy|Crime|Thriller,9414.0,"An American gets a ticket for an audience participation game in London, then gets involved in a case of mistaken identity. As an international plot unravels around him, he thinks it's all part of the act.",/yVlIZa0u6CTN5LudxGX77Fk46iz.jpg,1997-11-14,6.4,"['Comedy', 'Crime', 'Action']"
1690,Alien: Resurrection (1997),Action|Horror|Sci-Fi,8078.0,"Two hundred years after Lt. Ripley died, a group of scientists clone her, hoping to breed the ultimate weapon. But the new Ripley is full of surprises … as are the new aliens. Ripley must team with a band of smugglers to keep the creatures from reaching Earth.",/9aRDMlU5Zwpysilm0WCWzU2PCFv.jpg,1997-11-12,6.164,"['Science Fiction', 'Horror', 'Action']"
1693,Amistad (1997),Drama|Mystery,11831.0,"In 1839, the slave ship Amistad set sail from Cuba to America. During the long trip, Cinque leads the slaves in an unprecedented uprising. They are then held prisoner in Connecticut, and their release becomes the subject of heated debate. Freed slave Theodore Joadson wants Cinque and the others exonerated and recruits property lawyer Roger Baldwin to help his case. Eventually, John Quincy Adams also becomes an ally.",/6QqNyIHKow0jngiQgTNBOBrLILM.jpg,1997-12-10,7.012,"['Drama', 'History', 'Mystery']"
1694,"Apostle, The (1997)",Drama,2895.0,"After his happy life spins out of control, a preacher from Texas changes his name, goes to Louisiana and starts preaching on the radio.",/9KqCzLhWbFMBPjqRpZ69izRiYgG.jpg,1997-12-19,6.3,['Drama']
1695,Artemisia (1997),Drama,39177.0,"The story of Artemisia Gentileschi (1593-1653), one of the first well-known female painters, including her youth, when she was guided and protected by her father, the painter Orazio Gentileschi.",/5mMzt0Cw99wNk0xTT7YOdRxaqZp.jpg,1997-09-10,5.9,"['Drama', 'History']"
1696,Bent (1997),Drama|War,19601.0,"Max is a handsome young man who, after a fateful tryst with a German soldier, is forced to run for his life. Eventually Max is placed in a concentration camp where he pretends to be Jewish because in the eyes of the Nazis, gays are the lowest form of human being. But it takes a relationship with an openly gay prisoner to teach Max that without the love of another, life is not worth living.",/mTRIVPmRK01rgLlE6XJPGbbRdXb.jpg,1997-11-26,6.9,"['Drama', 'History', 'Romance']"
1699,"Butcher Boy, The (1997)",Comedy|Drama,22797.0,"Francie and Joe live the usual playful, fantasy filled childhoods of normal boys. However, with a violent, alcoholic father and a manic depressive, suicidal mother the pressure on Francie to grow up are immense. When Francie's world turns to madness, he tries to counter it with further insanity, with dire consequences.",/9KrClE5Ax6wzCAwgaGRhQI2Eolk.jpg,1998-02-20,6.8,"['Comedy', 'Drama']"
1701,Deconstructing Harry (1997),Comedy|Drama,2639.0,"Writer Harry Block draws inspiration from people he knows, and from events that happened to him, sometimes causing these people to become alienated from him as a result.",/i7Z5DdznqANJUjqWISEFu9bw6J7.jpg,1997-12-12,7.259,"['Comedy', 'Drama']"
1702,Flubber (1997),Children|Comedy|Fantasy,9574.0,"Professor Phillip Brainard, an absent minded professor, works with his assistant Weebo, trying to create a substance that's a new source of energy and that will save Medfield College where his sweetheart Sara is the president. He has missed his wedding twice, and on the afternoon of his third wedding, Professor Brainard creates flubber, which allows objects to fly through the air.",/bnKvk04icAyCO1KjqhsaEXBO9aJ.jpg,1997-11-26,5.7,"['Comedy', 'Family', 'Science Fiction']"
1703,For Richer or Poorer (1997),Comedy,10371.0,"Brad Sexton and his wife, Caroline, are wealthy New Yorkers with both marital and financial problems. The latter issue becomes a pressing matter when they discover that their accountant has embezzled millions and pinned the blame on them. Forced to go on the lam, Brad and Caroline end up in an Amish area of Pennsylvania and decide to pose as members of the religious group to evade the IRS. As the two adapt to the simple Amish lifestyle, they begin to reconnect.",/tPjqY9Qp5WOIBFKnyEpMBVwGr01.jpg,1997-12-11,6.0,"['Comedy', 'Romance']"
1704,Good Will Hunting (1997),Drama|Romance,489.0,"Will Hunting is a headstrong, working-class genius who is failing the lessons of life. After one too many run-ins with the law, Will's last chance is a psychology professor, who might be the only man who can reach him.",/z2FnLKpFi1HPO7BEJxdkv6hpJSU.jpg,1997-12-05,8.2,['Drama']
1707,Home Alone 3 (1997),Children|Comedy,9714.0,"9-year-old Alex Pruitt is home alone with the chicken pox. Turns out, due to a mix-up among nefarious spies, Alex was given a toy car concealing a top-secret microchip. Now Alex must fend off the spies as they try to break into his house to get it back.",/6uOadrCfle0n2LOOxHbgWEdnrm2.jpg,1997-12-12,5.3,"['Comedy', 'Family']"
1711,Midnight in the Garden of Good and Evil (1997),Crime|Drama|Mystery,8197.0,"A visiting city reporter's assignment suddenly revolves around the murder trial of a local millionaire, whom he befriends.",/cXS5o6RIp8m1epBm5I7cX49bfFd.jpg,1997-11-21,6.348,"['Mystery', 'Crime', 'Drama']"
1713,Mouse Hunt (1997),Children|Comedy,6283.0,"Down-on-their luck brothers, Lars and Ernie Smuntz, aren't happy with the crumbling old mansion they inherit... until they discover the estate is worth millions. Before they can cash in, they have to rid the house of its single, stubborn occupant—a tiny and tenacious mouse.",/aqBPrWOzXEO3rWEk3DYTHBjXNZb.jpg,1997-12-19,6.5,"['Comedy', 'Family']"
1717,Scream 2 (1997),Comedy|Horror|Mystery|Thriller,4233.0,"Two years after the Woodsboro murders, Sidney Prescott acclimates to college life while someone donning the Ghostface costume begins a new string of killings.",/dORlVasiaDkJXTqt9bdH7nFNs6C.jpg,1997-12-12,6.512,"['Horror', 'Mystery']"
1718,Stranger in the House (1997),Thriller,191874.0,A botched diamond burglary and a dead publishing company executive set off a string of murders and betrayal.,/iWD7fxQZpBw1AVfk0AOyqou1x26.jpg,1997-01-01,6.5,['Thriller']
1719,"Sweet Hereafter, The (1997)",Drama,10217.0,"A small mountain community in Canada is devastated when a school bus accident leaves more than a dozen of its children dead. A big-city lawyer arrives to help the survivors' and victims' families prepare a class-action suit, but his efforts only seem to push the townspeople further apart. At the same time, one teenage survivor of the accident has to reckon with the loss of innocence brought about by a different kind of damage.",/gJy7LMq4b5qO5fsSUSoBgm24BHf.jpg,1997-09-25,6.91,['Drama']
1721,Titanic (1997),Drama|Romance,597.0,"101-year-old Rose DeWitt Bukater tells the story of her life aboard the Titanic, 84 years later. A young Rose boards the ship with her mother and fiancé. Meanwhile, Jack Dawson and Fabrizio De Rossi win third-class tickets aboard the ship. Rose tells the whole story from Titanic's departure through to its death—on its first and last voyage—on April 15, 1912.",/9xjZS2rlVxm8SFx8kPC3aIGCOYQ.jpg,1997-12-18,7.903,"['Drama', 'Romance']"
1722,Tomorrow Never Dies (1997),Action|Adventure|Thriller,714.0,A deranged media mogul is staging international incidents to pit the world's superpowers against each other. Now James Bond must take on this evil mastermind in an adrenaline-charged battle to end his reign of terror and prevent global pandemonium.,/gZm002w7q9yLOkltxT76TWGfdZX.jpg,1997-12-11,6.376,"['Adventure', 'Action', 'Thriller']"
1726,"Postman, The (1997)",Action|Adventure|Drama|Sci-Fi,9922.0,"In 2013, there are no highways, no I-ways, no dreams of a better tomorrow, only scattered survivors across what was once the United States. Into this apocalyptic wasteland comes an enigmatic drifter with a mule, a knack for Shakespeare, and something yet undiscovered: the power to inspire hope.",/piVzOuKFLHNGLxnjwNtibC26lTy.jpg,1997-12-25,6.3,"['Science Fiction', 'Adventure', 'Action']"
1727,"Horse Whisperer, The (1998)",Drama|Romance,547.0,The mother of a severely traumatized daughter enlists the aid of a unique horse trainer to help the girl's equally injured horse.,/ptkDeHY2mRJVyNRyxb9TgyAjTYs.jpg,1998-02-01,6.9,"['Adventure', 'Drama', 'Romance']"
1729,Jackie Brown (1997),Crime|Drama|Thriller,184.0,"Jackie Brown is a flight attendant who gets caught in the middle of smuggling cash into the country for her gunrunner boss. When the cops try to use Jackie to get to her boss, she hatches a plan — with help from a bail bondsman — to keep the money for herself.",/rOUx7qg4KmEh1juEDwqzbDSL1Nr.jpg,1997-12-25,7.358,"['Crime', 'Drama', 'Thriller']"
1730,Kundun (1997),Drama,9746.0,"The Tibetans refer to the Dalai Lama as 'Kundun', which means 'The Presence'. He was forced to escape from his native home, Tibet, when communist China invaded and enforced an oppressive regime upon the peaceful nation. The Dalai Lama escaped to India in 1959 and has been living in exile in Dharamsala ever since.",/yvdFRDoQIQ5PBk4u8x8gJT8NJAw.jpg,1997-12-25,6.793,"['Drama', 'History']"
1731,Mr. Magoo (1997),Comedy,9438.0,"Mr. Magoo, a man with terrible eyesight, gets caught up in a museum robbery.",/po5CfSBmmATuCNIt7M1G7xOPuUK.jpg,1997-12-25,4.5,"['Comedy', 'Family']"
1732,"Big Lebowski, The (1998)",Comedy|Crime,115.0,"Jeffrey 'The Dude' Lebowski, a Los Angeles slacker who only wants to bowl and drink White Russians, is mistaken for another Jeffrey Lebowski, a wheelchair-bound millionaire, and finds himself dragged into a strange series of events involving nihilists, adult film producers, ferrets, errant toes, and large sums of money.",/3bv6WAp6BSxxYvB5ozKFUYuRA8C.jpg,1998-03-06,7.84,"['Comedy', 'Crime']"
1733,Afterglow (1997),Drama|Romance,26941.0,"Lucky Mann is a builder equally handy at repairs and seduction. The latest housewife to succumb to his charms is Marianne, unhappily married to corporate exec Jeffrey. When Jeffrey becomes enraptured by Lucky’s wife Phyllis, the four get caught in a love quadrangle that reignites their marriages.",/c13Luo9O09ah6nMPrsr3zqlLyF9.jpg,1997-12-26,5.947,"['Drama', 'Romance']"
1734,My Life in Pink (Ma vie en rose) (1997),Comedy|Drama,27103.0,"Ludovic is waiting for a miracle. With six-year-old certainty, she believes she was meant to be a little girl -- and that the mistake will soon be corrected. But where she expects the miraculous, Ludo finds only rejection, isolation, and guilt -- as the intense reactions of family, friends, and neighbors strip away every innocent lace and bauble.",/4SwZaSDy1DR80QXKdvp6iSTawK2.jpg,1997-05-28,6.9,"['Drama', 'Comedy']"
1735,Great Expectations (1998),Drama|Romance,9410.0,"Loosely based on the Charles Dickens' classic novel, ""Great Expectations"" is a sensual tale of a young man's unforgettable passage into manhood, and the three individuals who will undeniably change his life forever. Through the surprising interactions of these vivid characters, ""Great Expectations"" takes a unique and contemporary look at life's great coincidences.",/djLsfl3lm7BZKWsKfVZ2wM1ZMrP.jpg,1998-01-30,6.6,"['Comedy', 'Drama', 'Romance']"
1739,3 Ninjas: High Noon On Mega Mountain (1998),Action|Children|Comedy,32302.0,"Three young boys, Rocky, Colt and Tum Tum together with their neighbor girl, computer whiz Amanda are visiting Mega Mountain amusement park when it is invaded by an army of ninjas led by evil Medusa, who wants to take over the park and hold the owners for ransom. Kids and retired TV star Dave Dragon, who made his farewell appearance at the park at the time the ninjas appeared, have to break Medusa's vicious plans.",/7jKefCfhcXLd1qVnmc1zBhSgPjh.jpg,1998-03-26,4.8,"['Family', 'Action', 'Comedy']"
1746,Senseless (1998),Comedy,12538.0,A student gets his senses enhanced by an experimental drug. But abuse is not an option.,/rqy7OFHWy1NMjmgjyI8XYcl0VU5.jpg,1998-02-20,6.2,"['Comedy', 'Romance', 'Science Fiction']"
1747,Wag the Dog (1997),Comedy,586.0,"During the final weeks of a presidential race, the President is accused of sexual misconduct. To distract the public until the election, the President's adviser hires a Hollywood producer to help him stage a fake war.",/jC6cxfuhCFRHqOE7qCT6w6x31n4.jpg,1997-12-25,6.9,"['Comedy', 'Drama']"
1748,Dark City (1998),Adventure|Film-Noir|Sci-Fi|Thriller,2666.0,"A man struggles with memories of his past, including a wife he cannot remember, in a nightmarish world with no sun and run by beings with telekinetic powers who seek the souls of humans.",/tNPEGju4DpTdbhBphNmZoEi9Bd3.jpg,1998-02-27,7.337,"['Mystery', 'Science Fiction']"
1752,Hard Rain (1998),Action|Crime|Thriller,11258.0,An armored car driver tries to elude a gang of thieves while a flood ravages the countryside.,/ggMcOVSax4lBXjYqqQUJLCtrar3.jpg,1998-01-16,5.872,"['Thriller', 'Crime', 'Action']"
1753,Half Baked (1998),Comedy,9490.0,"Three lovable party buds try to bail their friend out of jail. But just when the guys have mastered a plan, everything comes dangerously close to going up in smoke.",/14TmEac4bquNaEld9t0uIliYoKE.jpg,1998-01-16,6.32,"['Comedy', 'Crime']"
1754,Fallen (1998),Crime|Drama|Fantasy|Thriller,9411.0,"Homicide detective John Hobbes witnesses the execution of serial killer Edgar Reese. Soon after the execution the killings start again, and they are very similar to Reese's style.",/nEDvTB9cP2oIKY0M1ZdDvuUEJ8d.jpg,1998-01-16,6.8,"['Crime', 'Drama', 'Thriller']"
1755,Shooting Fish (1997),Comedy|Romance,25719.0,Two con artists hire an unwitting medical-school student as a secretary for their latest scam.,/sBA1vTqjhKmtogB6PKQ3tOn2HNX.jpg,1997-08-22,6.3,"['Crime', 'Comedy', 'Romance']"
1757,Fallen Angels (Duo luo tian shi) (1995),Drama|Romance,11220.0,"An assassin goes through obstacles as he attempts to escape his violent lifestyle despite the opposition of his partner, who is secretly attracted to him.",/yyM9BPdwttK5LKZSLvHae7QPKo1.jpg,1995-09-06,7.672,"['Action', 'Romance', 'Crime']"
1759,"Four Days in September (O Que É Isso, Companheiro?) (1997)",Drama,21253.0,"Fernando, a journalist, and his friend César join terrorist group MR8 in order to fight Brazilian dictatorial regime during the late sixties. César, however, is wounded and captured during a bank hold up. Fernando then decides to kidnap the American ambassador in Brazil and ask for the release of fifteen political prisoners in exchange for his life.",/zkA5riIdjtanpSoTNh3icKNjACZ.jpg,1997-10-01,7.5,"['Thriller', 'Drama', 'History']"
1760,Spice World (1997),Comedy,6116.0,World famous pop group the Spice Girls zip around London in their luxurious double decker tour bus having various adventures and performing for their fans.,/vKiAnV1QAGIJP38vatwCZp4dCrH.jpg,1997-12-18,4.9,"['Adventure', 'Fantasy', 'Drama', 'Comedy', 'Music']"
1762,Deep Rising (1998),Action|Horror|Sci-Fi,9457.0,"A group of heavily armed hijackers board a luxury ocean liner in the South Pacific Ocean to loot it, only to do battle with a series of large-sized, tentacled, man-eating sea creatures who have taken over the ship first.",/A1nOnrAlG3EbOvzgZt2ya11OmjQ.jpg,1998-01-30,6.2,"['Adventure', 'Action', 'Horror', 'Science Fiction']"
1767,Music From Another Room (1998),Drama|Romance,39424.0,"Music From Another Room is a romantic comedy that follows the exploits of Danny, a young man who grew up believing he was destined to marry the girl he helped deliver as a five year old boy when his neighbor went into emergency labor. Twenty-five years later, Danny returns to his hometown and finds the irresistible Anna Swann but she finds it easy to resist him since she is already engaged to dreamboat Eric, a very practical match. In pursuit of Anna, Danny finds himself entangled with each of the eccentric Swanns including blind, sheltered Nina, cynical sister Karen, big brother Bill and dramatic mother Grace as he fights to prove that fate should never be messed with and passion should never be practical.",/zamhRB4bKVeRUW568lVSFeEbqVg.jpg,1998-04-24,5.6,"['Comedy', 'Drama', 'Romance']"
1769,"Replacement Killers, The (1998)",Action|Crime|Thriller,11702.0,"Hired assassin John Lee is asked by Chinatown crime boss Terence Wei to murder the young son of policeman Stan Zedkov. Lee has the boy in his sights, but his conscience gets the better of him, and he spares the child's life. Afraid that Wei will take revenge on his family in China, Lee seeks out expert forger Meg Coburn to obtain the passport he needs to get out of the country, but a band of replacement killers is soon on his trail.",/5JAVd0lYhkB2dsDtt84Qt6grNIn.jpg,1998-02-06,6.274,"['Action', 'Crime', 'Thriller']"
1770,B. Monkey (1998),Crime|Romance|Thriller,2923.0,"When wistful introvert Alan Furnace meets quick-witted bombshell Beatrice, he has no idea of her secret life as ""B. Monkey"" -- the top thief-for-hire in London's criminal underworld. Charmed by Furnace's innocent and chivalrous ways, Beatrice resolves to reform. But to cash in on her first chance at real love, she must escape her former partner in crime, the ruthless Paul Neville -- and a dark past that seems to haunt her every step.",/80bQjfpH14P5p2TDnfWUukEkM55.jpg,1999-07-15,5.8,"['Romance', 'Crime', 'Drama']"
1771,Night Flier (1997),Horror,12238.0,"For cynical tabloid journo Richard Dees, facts are always stranger than fiction. Every headline is a dead-line. Serial killers, UFO abductions, tales of molestation, mayhem and murder. To some the tales are mere sleazy fantasy – but his faithful readers believe. And now there's a new story: The Night Flier. What is it that travels by night in a dark-winged Cessna, lands at secluded airfields and murders local residents? Dees begins to track the unknown killer in a Cessna of his own, uncovering clues that reveal a pilot more terrifying than he could have ever imagined.",/3bMb6CzdKfpw0pZWVW2RbQRneIC.jpg,1997-04-30,6.0,"['Horror', 'Mystery']"
1772,Blues Brothers 2000 (1998),Action|Comedy|Musical,11568.0,"Finally released from prison, Elwood Blues is once again enlisted by Sister Mary Stigmata in her latest crusade to raise funds for a children's hospital. Hitting the road to re-unite the band and win the big prize at the New Orleans Battle of the Bands, Elwood is pursued cross-country by the cops.",/nCoY8UK2x4DWpICipL40Hg4cDmO.jpg,1998-02-06,5.281,"['Music', 'Action', 'Comedy', 'Crime']"
1777,"Wedding Singer, The (1998)",Comedy|Romance,11003.0,"Robbie, a local rock star turned wedding singer, is dumped on the day of his wedding. Meanwhile, waitress Julia finally sets a wedding date with her fiancée Glenn. When Julia and Robbie meet and hit it off, they find that things are more complicated than anybody thought.",/zVvyTrcZQb7kC2DPDzyo25WcxXp.jpg,1998-02-13,6.772,"['Romance', 'Comedy']"
1779,Sphere (1998),Sci-Fi|Thriller,10153.0,"A spacecraft is discovered at the bottom of the Pacific Ocean, presumed to be at least 300 years old and of alien origin. A crack team of scientists and experts is assembled and taken to the ocean floor to investigate. However, the ship is not as it seems and when a giant perfect sphere is discovered in the cargo bay, things begin to fall apart.",/reR7C7EYe3DiHm5OYpA0ACUMDld.jpg,1998-02-13,6.125,"['Science Fiction', 'Mystery', 'Thriller']"
1783,Palmetto (1998),Crime|Drama|Mystery|Romance|Thriller,30949.0,"After being released from prison on a bum charge, Harry Barber is out for payback to regain his lost two years. He's hired by Mrs. Malroux to fake the kidnapping of her stepdaughter (the daughter of a dying millionaire). He discovers that he is being set up on multiple levels and will soon face a longer sentence if he doesn't prove the truth.",/3R8At5ll1ZyCJT7FWbLmCjVqFlp.jpg,1998-02-20,5.9,"['Crime', 'Mystery', 'Thriller']"
1784,As Good as It Gets (1997),Comedy|Drama|Romance,2898.0,"A misanthropic author, a single mother and waitress, and a gay artist form an unlikely friendship after the artist is assaulted in a robbery.",/xXxuJPNUDZ0vjsAXca0O5p3leVB.jpg,1997-12-19,7.4,"['Drama', 'Comedy', 'Romance']"
1785,King of New York (1990),Crime|Thriller,9558.0,A former drug lord returns from prison determined to wipe out all his competition and distribute the profits of his operations to New York's poor and lower classes in this stylish and ultra violent modern twist on Robin Hood.,/1MyH4MJAJZJbb6wDVeOc2bTECtK.jpg,1990-07-18,6.752,"['Thriller', 'Crime']"
1791,Twilight (1998),Crime|Drama|Thriller,26269.0,"A retired detective accepts a simple task, unaware that it will tear open old, forgotten, but deadly wounds.",/ydzfDVuZer0tsnesfg2ql9CR5vc.jpg,1998-03-06,6.1,"['Crime', 'Thriller']"
1792,U.S. Marshals (1998),Action|Crime|Thriller,11808.0,"U.S. Marshal Sam Gerard is accompanying a plane load of convicts from Chicago to New York. The plane crashes spectacularly, and Mark Sheridan escapes. But when Diplomatic Security Agent John Royce is assigned to help Gerard recapture Sheridan, it becomes clear that Sheridan is more than just another murderer.",/5ST0BydDSXtW5AtfDDhTVS13pTt.jpg,1998-03-06,6.5,"['Thriller', 'Crime', 'Action']"
1793,Welcome to Woop-Woop (1997),Comedy,6970.0,A con artist escapes a deal gone wrong in New York and winds up in the Aussie outback in a strange town whose inhabitants are an oddball collection of misfits.,/2ek9pyqNFQbtwtXptRZxsIGkOuN.jpg,1998-08-13,5.8,"['Music', 'Comedy', 'Fantasy', 'Adventure']"
1794,Love and Death on Long Island (1997),Comedy|Drama,47452.0,"Curmudgeonly author Giles De'Ath, a widower with a marked distaste for modern popular culture, attempts to buy a ticket for a film adaptation of an E.M. Forster novel, but instead finds himself watching a tacky teen sex comedy. Yet when the beautiful Ronnie Bostock appears on the movie screen, Giles finds himself caught in a whirlwind of unanswered questions about both his own sexuality and his place in late 20th-century society.",/2jCmP9j43QXy48oQFpzM4oaYRc7.jpg,1998-07-03,6.3,"['Drama', 'Romance']"
1797,Everest (1998),Documentary|IMAX,21736.0,"An international team of climbers ascends Mt. Everest in the spring of 1996. The film depicts their lengthy preparations for the climb, their trek to the summit, and their successful return to Base Camp. It also shows many of the challenges the group faced, including avalanches, lack of oxygen, treacherous ice walls, and a deadly blizzard.",/a104Pkm7cHsztZK2wGiZFJmMqDs.jpg,1998-03-06,6.6,['Documentary']
1798,Hush (1998),Thriller,17941.0,"Jackson and Helen are in love and about to have their first child when they move in with Jackson's mother, Martha, in order to take care of the family estate. But all is not well in this household. Martha is jealous of her son's affection for Helen, and, despite her Southern smile, she's starting to act strangely. As Helen tries to create a happy home life, Martha attempts to divide the family so that Jackson will become hers alone.",/muUx7SqlYE9kb1W4xzK7AaJueeN.jpg,1998-03-06,5.7,"['Drama', 'Thriller']"
1799,Suicide Kings (1997),Comedy|Crime|Drama|Mystery|Thriller,10668.0,"Carlo, a former mobster, is abducted by five privileged young men desperate to raise a $2 million ransom to save the sister of a friend. As Carlo plays mind games, however, his captors splinter -- each wondering whether one of their own had a hand in the crime.",/rQ2Sidqubi7XiHDScFe1faIz3Uv.jpg,1997-09-06,6.611,"['Action', 'Comedy', 'Crime', 'Drama', 'Thriller']"
1801,"Man in the Iron Mask, The (1998)",Action|Adventure|Drama,9313.0,"Years have passed since the Three Musketeers, Aramis, Athos and Porthos, have fought together with their friend, D'Artagnan. But with the tyrannical King Louis using his power to wreak havoc in the kingdom while his twin brother, Philippe, remains imprisoned, the Musketeers reunite to abduct Louis and replace him with Philippe.",/tSLWIX3NzqFPWNMNX7FfeExHCRk.jpg,1998-03-12,6.6,"['Adventure', 'Action', 'Drama']"
1804,"Newton Boys, The (1998)",Crime|Drama,42807.0,"The story of the Newton gang, the most successful bank robbers in history, owing to their good planning and minimal violence.",/dO5zy1PTaryUUsLVeUVSC5AlM1s.jpg,1998-03-26,6.067,"['Crime', 'Action', 'Drama']"
1805,Wild Things (1998),Crime|Drama|Mystery|Thriller,617.0,"When teen-socialite Kelly Van Ryan and troubled bad girl Suzie Toller accuse guidance counselor Sam Lombardo of rape, he's suspended by the school, rejected by the town, and fighting to get his life back. One cop suspects conspiracy, but nothing is what it seems...",/wrcTDD9T7Ga5c9MW7kaOo2qwIvW.jpg,1998-03-20,6.372,"['Mystery', 'Thriller', 'Drama']"
1806,Paulie (1998),Adventure|Children|Comedy,36568.0,"Paulie, a talking parrot, recounts his travels looking for his original owner to a Russian janitor who helps him to the end of his journey.",/aiW8TWjIuFveTcA5BCU7KMjPaaW.jpg,1998-04-17,6.913,"['Drama', 'Comedy', 'Family', 'Adventure']"
1807,"Cool, Dry Place, A (1998)",Drama,37272.0,"Russell, a single father, balances his work as a lawyer with the care of his five-year-old son after his wife abandoned them. When she reappears creating turmoil, he must deal with his new love interest and the job opportunity of a lifetime.",/c1pyoTbc3xkLTIhPnj153CVUsRn.jpg,1998-04-03,5.8,"['Drama', 'Romance']"
1809,Fireworks (Hana-bi) (1997),Crime|Drama,5910.0,"Beleaguered police detective Nishi takes desperate measures to try and set things right in a world gone wrong. With his wife suffering from leukemia and his business partner paralyzed from a brutal gangster attack, Nishi borrows from a yakuza loan shark and then robs a bank to clear his debt.",/bWIo1nDJnSyGJvVt8bRw8PHBqo4.jpg,1997-10-30,7.665,"['Crime', 'Drama']"
1810,Primary Colors (1998),Comedy|Drama,9440.0,"In this adaptation of the best-selling roman à clef about Bill Clinton's 1992 run for the White House, the young and gifted Henry Burton is tapped to oversee the presidential campaign of Governor Jack Stanton. Burton is pulled into the politician's colorful world and looks on as Stanton -- who has a wandering eye that could be his downfall -- contends with his ambitious wife, Susan, and an outspoken adviser, Richard Jemmons.",/1FDR837wg7bi02F1R7JESCoPWBD.jpg,1998-03-20,6.3,"['Drama', 'Comedy']"
1812,Wide Awake (1998),Children|Comedy|Drama,32911.0,"The tale of a ten-year-old boy in a Catholic school who, following the death of his beloved grandfather, embarks on a quest to discover the meaning of life.",/xnqLUL2l71KVSaqiz9fbFpXtEFe.jpg,1998-03-20,5.5,"['Comedy', 'Drama', 'Family']"
1816,Two Girls and a Guy (1997),Comedy|Drama,32456.0,"Two women confront their boyfriend, a two-timing actor who professed eternal love to each.",/9Hj90OgXLBReJCAGqOOzzxjZfCh.jpg,1998-04-24,5.2,"['Drama', 'Romance']"
1821,"Object of My Affection, The (1998)",Comedy|Romance,17127.0,"A pregnant New York social worker begins to develop romantic feelings for her gay best friend, and decides she'd rather raise her child with him, much to the dismay of her overbearing boyfriend.",/2mA6QEdzhsftNIFV11SGsQLJvJR.jpg,1998-04-17,5.8,"['Drama', 'Romance']"
1824,Homegrown (1998),Comedy|Thriller,17133.0,"Three laborers on a Northern California marijuana plantation become increasingly paranoid when they learn that their boss has been murdered. They know enough to run, taking with them enough of the crop to pay them for services rendered. Hooking up with go-between Lucy in the next town, they plot their next move.",/feQeYHriKLCjzkUEjg4D81ggyYs.jpg,1998-04-17,5.6,"['Drama', 'Action', 'Comedy', 'Thriller', 'Crime']"
1825,The Players Club (1998),Comedy|Drama,19848.0,"Single mother Diana struggles to provide for her child and pay for her college education. When she meets two dancers from a nearby gentlemen's club, Diana's convinced there's fast money to be made stripping.",/zq6D4HBRK6GMaJj4w5n5QsKXkLF.jpg,1998-04-08,6.3,"['Comedy', 'Drama']"
1826,Barney's Great Adventure (1998),Adventure|Children,17644.0,"Mom and dad dump son Cody, daughter Abby, her best friend Marcella and a baby on the farm with Grandpa and Grandma. Purple dinosaur Barney soon appears to entertain the kids, and when a large colorful egg deposited on a farm by a shooting star is accidentally carted off, Barney and the kids start their chase for it.",/tSadXiI88soRyS4mcSr7PsKWaqN.jpg,1998-04-03,5.0,"['Family', 'Fantasy', 'Adventure']"
1827,"Big One, The (1997)",Comedy|Documentary,1774.0,"The Big One is an investigative documentary from director Michael Moore who goes around the country asking why big American corporations produce their product abroad where labor is cheaper while so many Americans are unemployed, losing their jobs, and would happily be hired by such companies as Nike.",/jodI8ifzMO2IvuE0oBnqLZ2LCgF.jpg,1997-09-06,6.638,['Documentary']
1829,Chinese Box (1997),Drama|Romance,30265.0,"The story of Hong Kong, from New Year's Day to June 30th, 1997, when the British left their colony and turned it over to the People's Republic of China.",/uhBgCcj0rnqUevY4pRtIEbixhPf.jpg,1997-11-14,5.8,"['Drama', 'Romance']"
1831,Lost in Space (1998),Action|Adventure|Sci-Fi,2157.0,"The prospects for continuing life on Earth in the year 2058 are grim. So the Robinsons are launched into space to colonize Alpha Prime, the only other inhabitable planet in the galaxy. But when a stowaway sabotages the mission, the Robinsons find themselves hurtling through uncharted space.",/fCocPDUFuKswY2GxDdfYsT9BXMd.jpg,1998-04-03,5.438,"['Science Fiction', 'Adventure']"
1833,Mercury Rising (1998),Action|Drama|Thriller,8838.0,"Renegade FBI agent Art Jeffries protects a nine-year-old autistic boy who has cracked the government's new ""unbreakable"" code.",/60AAso6I2TzQCy2SjqtzPni8csA.jpg,1998-04-03,6.3,"['Action', 'Crime', 'Drama', 'Thriller']"
1834,"Spanish Prisoner, The (1997)",Crime|Drama|Mystery|Thriller,29193.0,An inventor of a secret process suddenly finds himself alone as both his friends and the corporation he works for turn against him.,/cwkWlWfFrvH6WW6ovX5gfGHo7ks.jpg,1997-12-03,6.782,"['Drama', 'Mystery', 'Thriller']"
1835,City of Angels (1998),Drama|Fantasy|Romance,795.0,"When a guardian angel – who invisibly watches over the citizens of Los Angeles – becomes captivated by a strong-willed heart surgeon, he ponders trading in his pure, otherworldly existence for a mortal life with his beloved. The couple embarks on a tender but forbidden romance spanning heaven and Earth.",/iuzxpUjHsbQJXV3kB9ZAdCimM60.jpg,1998-04-10,6.8,"['Romance', 'Drama', 'Fantasy']"
1836,"Last Days of Disco, The (1998)",Comedy|Drama,16980.0,Two young women and their friends spend spare time at an exclusive nightclub in 1980s New York.,/lReaAZCsA0GXvJrxzSMsFxwgh6F.jpg,1998-05-29,6.3,"['Comedy', 'Drama', 'Romance']"
1837,"Odd Couple II, The (1998)",Comedy,27472.0,"Brucey, the son of Oscar, calls his father to invite him to his wedding to Felix's daughter next Sunday in California. Oscar and Felix meet again at Los Angeles International Airport and rent a car in order to go to San Malina for the wedding.",/aTajf9LOrL1pok7KnzoHKFJJyWD.jpg,1998-04-09,6.344,"['Adventure', 'Comedy']"
1839,My Giant (1998),Comedy,47881.0,"Sammy, an agitated agent lost in the forest of the modern world, happens upon a gentle giant with a tall talent for friendship named Max.",/mUkKKzQTPB7lnvoy9RFEXngdhgj.jpg,1998-04-10,5.3,"['Comedy', 'Drama', 'Family']"
1840,He Got Game (1998),Drama,9469.0,A basketball player's father must try to convince him to go to a college so he can get a shorter prison sentence.,/kd8hRaysUQOz7AvSorZDJHuihcJ.jpg,1998-05-01,6.8,['Drama']
1841,"Gingerbread Man, The (1998)",Drama|Thriller,12488.0,"A successful Savannah defense attorney gets romantically involved with a sexy, mysterious waitress troubled by psychopaths and dark family secrets.",/1bfWAXuFjsZAslkA2HqFU30OZ2b.jpg,1998-01-23,5.6,['Thriller']
1844,Live Flesh (Carne trémula) (1997),Drama|Romance,267.0,"When Victor attempts to seduce Elena, all he gets for his trouble is a one-way, six-year ticket to prison, where he concentrates on strengthening his mind, his body... and his desire for vengeance on the man who put him there. After his release and still madly in love with her, Victor will stop at nothing to win her over even if means revenge, for Elena has married David, the cop who sent him to prison!",/7YPGYeamF6AuyxhKqbd5oNKKCCy.jpg,1997-10-10,7.038,"['Drama', 'Romance', 'Thriller']"
1845,Zero Effect (1998),Comedy|Mystery|Thriller,16148.0,"Daryl Zero is a private investigator and—along with his assistant, Steve Arlo—he solves impossible crimes and puzzles. Although Daryl's a master investigator, he doesn't know what to do with himself when he's not working; he has no social skills, writes bad music and drives Steve crazy.",/yFALvZFwqnh5ESarNoVd5KtizCo.jpg,1998-01-30,6.2,"['Comedy', 'Crime', 'Mystery']"
1848,"Borrowers, The (1997)",Adventure|Children|Comedy|Fantasy,9449.0,"The four-inch-tall Clock family secretly share a house with the normal-sized Lender family, ""borrowing"" such items as thread, safety pins, batteries and scraps of food. However, their peaceful co-existence is disturbed when evil lawyer Ocious P. Potter steals the will granting title to the house, which he plans to demolish in order to build apartments. The Lenders are forced to move, and the Clocks face the risk of being exposed to the normal-sized world.",/kgaocWyuxihDe5aNqok6fORIHnY.jpg,1997-12-05,6.0,"['Adventure', 'Fantasy', 'Action', 'Comedy', 'Family']"
1855,Krippendorf's Tribe (1998),Comedy,31220.0,"After squandering his grant money, despondent and recently widowed anthropologist James Krippendorf must produce hard evidence of the existence of a heretofore undiscovered New Guinea tribe. Grass skirts, makeup, and staged rituals transform his three troubled children into the Shelmikedmu, a primitive culture whose habits enthrall scholars. But when a spiteful rival threatens to blow the whistle on Krippendorf's ruse, he gets into the act as well.",/5mmGI4O1gWYrwpPQ22hgHu9PkIv.jpg,1998-02-27,4.6,"['Comedy', 'Family']"
1856,Kurt & Courtney (1998),Documentary,13907.0,"After rocker Kurt Cobain's death, ruled a suicide, a film crew arrives in Seattle to make a documentary. Director Nick Broomfield talks to lots of people. Portraits emerge: a shy, slight Kurt, weary of touring, embarrassed by fame, hooked on heroin; an out-going Courtney, dramatic, controlling, moving from groupie to star.",/m60KpD60vXOXjJXRjb4veX88Y8q.jpg,1998-02-27,6.0,"['Documentary', 'Music']"
1857,"Real Blonde, The (1997)",Comedy,29825.0,"An aspiring actor and his girlfriend handle life's frustrations, while his friend seeks fulfillment with a blonde.",/kJucBNGwwTT4n4pSHU1b44nyju4.jpg,1998-02-27,5.4,"['Comedy', 'Drama', 'Romance']"
1858,Mr. Nice Guy (Yat goh ho yan) (1997),Action|Comedy,10622.0,A Chinese chef accidentally gets involved with a news reporter who filmed a drug bust that went awry and is now being chased by gangs who are trying to get the video tape.,/wAAt2gvbkbeefzjd06GPfkdfUho.jpg,1997-01-31,6.5,"['Crime', 'Action', 'Comedy']"
1859,Taste of Cherry (Ta'm e guilass) (1997),Drama,30020.0,"A middle-aged Tehranian man, Mr. Badii is intent on killing himself and seeks someone to bury him after his demise. Driving around the city, the seemingly well-to-do Badii meets with numerous people, including a Muslim student, asking them to take on the job, but initially he has little luck. Eventually, Badii finds a man who is up for the task because he needs the money, but his new associate soon tries to talk him out of committing suicide.",/u6GYH4HyR0BVwpqFuTOc2g4KB1L.jpg,1997-09-28,7.688,['Drama']
1860,Character (Karakter) (1997),Drama,17139.0,"In pre-WWII Holland, the penniless, illegitimate son of a powerful bailiff sets out to become a lawyer as he spends a lifetime struggling to prove his worth to his relentlessly spiteful father.",/v7TWGTZ6fNkY72IyoiVIcnlwniU.jpg,1997-04-17,7.3,"['History', 'Drama']"
1862,Species II (1998),Horror|Sci-Fi,10216.0,"Having just returned from a mission to Mars, Commander Ross isn't exactly himself. He's slowly becoming a terrifying alien entity with one goal -- to procreate with human women! When countless women suffer gruesome deaths after bearing half-alien offspring, scientist Laura Baker and hired assassin Press Lennox use Eve, a more tempered alien clone, to find Ross and his brood. Before long Eve escapes to mate with Ross.",/8LSBi0bHACZtIiVErUBQ2UXNYLA.jpg,1998-04-10,5.163,"['Science Fiction', 'Action', 'Horror']"
1863,Major League: Back to the Minors (1998),Comedy,9771.0,At the behest of Roger Dorn -- the Minnesota Twins' silver-tongued new owner -- washed-up minor league hurler Gus Cantrell steps up to the plate to take over as skipper of the club's hapless farm team. But little does he know that Dorn has an ulterior motive to generate publicity with a grudge match between the big leaguers and their ragtag Triple A affiliate.,/bV0Dpx5zAy2TbOzOFSCEBSGcakJ.jpg,1998-04-17,5.0,['Comedy']
1866,"Big Hit, The (1998)",Action|Comedy|Crime,9448.0,"Affable hit man Melvin Smiley is constantly being scammed by his cutthroat colleagues in the life-ending business. So, when he and his fellow assassins kidnap the daughter of an electronics mogul, it's naturally Melvin who takes the fall when their prime score turns sour. That's because the girl is the goddaughter of the gang's ruthless crime boss. But, even while dodging bullets, Melvin has to keep his real job secret from his unsuspecting fiancée, Pam.",/7b1JP2WE0UrVAy34U7X4UngWtBi.jpg,1998-04-24,6.0,"['Action', 'Adventure', 'Comedy', 'Crime', 'Thriller']"
1867,Tarzan and the Lost City (1998),Action|Adventure,38618.0,Tarzan returns to his homeland of Africa to save his home from destruction.,/kp4gfmC7O10lAuBCDn1cbnPdudU.jpg,1998-04-24,4.2,"['Adventure', 'Action']"
1870,"Dancer, Texas Pop. 81 (1998)",Comedy|Drama,78373.0,"Four guys, best friends, have grown up together in DANCER, TEXAS POP. 81, a tiny town in West Texas. Years ago, they made a solemn vow to leave town together as soon as they graduate. Now, it's that weekend and the time has come to ""put up or shut up."" The clock is ticking and as all 81 people in the town watch, comment, offer advice and place bets, these four very different boys with unique backgrounds struggle with the biggest decision of their lives... whether to stay or leave home.",/khV9zPcvgOjrqwlk3dI1lGojZib.jpg,1998-05-01,7.0,"['Comedy', 'Drama', 'Family']"
1873,"Misérables, Les (1998)",Crime|Drama|Romance|War,4415.0,"In 19th century France, Jean Valjean, a man imprisoned for stealing bread, must flee a relentless policeman named Javert. The pursuit consumes both men's lives, and soon Valjean finds himself in the midst of the student revolutions in France.",/3TOgmlIY8X3WjIjvU7Z0jqeNkyU.jpg,1998-05-01,7.216,"['Crime', 'Drama', 'History', 'Romance']"
1875,Clockwatchers (1997),Comedy,55561.0,"Four female temps working for a credit company find their friendship threatened by the arrival of a new hire, who lands a permanent position one of the women was vying for.",/dUCeH8FIsDOpjXQhOFIbP5DARQD.jpg,1997-06-12,6.1,['Drama']
1876,Deep Impact (1998),Drama|Sci-Fi|Thriller,8656.0,"A seven-mile-wide space rock is hurtling toward Earth, threatening to obliterate the planet. Now, it's up to the president of the United States to save the world. He appoints a tough-as-nails veteran astronaut to lead a joint American-Russian crew into space to destroy the comet before impact. Meanwhile, an enterprising reporter uses her smarts to uncover the scoop of the century.",/a3vQS7JKqlOb3MdVJHuTCP9s7Mg.jpg,1998-05-08,6.227,"['Action', 'Drama', 'Science Fiction']"
1881,Quest for Camelot (1998),Adventure|Animation|Children|Fantasy|Musical,18937.0,"During the times of King Arthur, Kayley is a brave girl who dreams of following her late father as a Knight of the Round Table. The evil Ruber wants to invade Camelot and take the throne of King Arthur, and Kayley has to stop him.",/pLfFEQ9HTw0HRvBkW3nI9RUze03.jpg,1998-05-15,6.838,"['Fantasy', 'Animation', 'Drama', 'Romance', 'Family']"
1882,Godzilla (1998),Action|Sci-Fi|Thriller,929.0,"French nuclear tests irradiate an iguana into a giant monster that viciously attacks freighter ships in the Pacific Ocean. A team of experts, including Niko Tatopoulos, conclude that the oversized reptile is the culprit. Before long, the giant lizard is loose in Manhattan as the US military races to destroy the monster before it reproduces and it's spawn takes over the world.",/xJVl1I95StraYAwaNbBkVoWE2qA.jpg,1998-05-20,5.65,"['Science Fiction', 'Action', 'Thriller']"
1883,Bulworth (1998),Comedy|Drama|Romance,9452.0,A suicidally disillusioned liberal politician puts a contract out on himself and takes the opportunity to be bluntly honest with his voters by affecting the rhythms and speech of hip-hop music and culture.,/gR9jZ7W2d28aSa2Yimz797VNXRh.jpg,1998-05-15,6.3,"['Comedy', 'Drama', 'Crime', 'Thriller', 'Romance']"
1884,Fear and Loathing in Las Vegas (1998),Adventure|Comedy|Drama,1878.0,"Raoul Duke and his attorney Dr. Gonzo drive a red convertible across the Mojave desert to Las Vegas with a suitcase full of drugs to cover a motorcycle race. As their consumption of drugs increases at an alarming rate, the stoned duo trash their hotel room and fear legal repercussions. Duke begins to drive back to L.A., but after an odd run-in with a cop, he returns to Sin City and continues his wild drug binge.",/tisNLcMkxryU2zxhi0PiyDFqhm0.jpg,1998-05-22,7.206,"['Adventure', 'Drama', 'Comedy']"
1885,"Opposite of Sex, The (1998)",Comedy|Drama|Romance,9844.0,"A 16-year-old girl visits her gay half-brother and ends up seducing his boyfriend, thus wreaking havoc on all of their lives.",/e0rNtvIlcd8c0WChSsVC0W8Bvlf.jpg,1998-05-22,6.2,"['Comedy', 'Drama']"
1887,Almost Heroes (1998),Adventure|Comedy|Western,14342.0,"Two hapless explorers lead an ill-fated 1804 expedition through the Pacific Northwest in a hopeless, doomed effort to reach the Pacific Ocean before Lewis and Clark.",/kwZoIxl1RlsM0utYGt04CM20Kk9.jpg,1998-05-29,5.4,"['Adventure', 'Comedy', 'Western']"
1888,Hope Floats (1998),Comedy|Drama|Romance,9715.0,"Birdee Pruitt has been humiliated on live television by her best friend, Connie, who's been sleeping with Birdee's husband, Bill. Birdee tries starting over with her daughter, Bernice, by returning to her small Texas hometown, but she's faced with petty old acquaintances who are thrilled to see Birdee unhappy -- except for her friend Justin. As he helps Birdee get back on her feet, love begins to blossom.",/6PRFM09xjGSWpXObW87CT5JELGJ.jpg,1998-05-29,6.4,"['Romance', 'Drama', 'Comedy']"
1889,Insomnia (1997),Drama|Mystery|Thriller,26610.0,"Detectives Jonas and Erik are called to the midnight sun country of northern Norway to investigate a recent homicide, but their plan to arrest the killer goes awry, and Jonas mistakenly shoots Erik. The suspect escapes, and a frightened Jonas pins Erik's death on the fugitive. Jonas continues to pursue the killer as he seeks to protect himself; however, his mounting guilt and the omnipresent sun plague him with an insomnia that affects his sanity.",/k0inzQmt7kATmAGns0wdfjiFxSu.jpg,1997-03-14,7.033,"['Thriller', 'Crime', 'Mystery']"
1891,"Ugly, The (1997)",Horror|Thriller,40961.0,A female psychologist wants to understand the minds of a confessed serial killer who spent the last five years in a mental hospital because of his state.,/vtwQ8oICMxscIpoL3bKcoKklcV2.jpg,1997-08-26,5.9,"['Horror', 'Thriller']"
1892,"Perfect Murder, A (1998)",Thriller,1965.0,"Millionaire industrialist Steven Taylor is a man who has everything but what he craves most: the love and fidelity of his wife. A hugely successful player in the New York financial world, he considers her to be his most treasured acquisition. But she needs more than simply the role of dazzling accessory.",/wC0ax12N9GQ8vMXPEs4nES5AAiB.jpg,1998-06-05,6.55,"['Crime', 'Thriller', 'Drama']"
1893,Beyond Silence (Jenseits der Stille) (1996),Drama,312.0,Beyond Silence is about a family and a young girl’s coming of age story. This German film looks into the lives of the deaf and at a story about the love for music. A girl who has always had to translate speech into sign language for her deaf parents yet when her love for playing music grows strong she must decide to continue doing something she cannot share with her parents.,/bfNOcXDcwzKOlJoTtQM4lsEVxS1.jpg,1996-12-18,6.9,"['Drama', 'Music']"
1894,Six Days Seven Nights (1998),Adventure|Comedy|Romance,6068.0,"In the South Pacific island of Makatea, career-driven magazine editor Robin Monroe is on a week-long vacation getaway with her boyfriend, Frank Martin. An emergency work assignment in neighboring Tahiti requires Robin to hire the cantankerous pilot Quinn Harris who had flown them to Makatea on a small transport plane. While flying, a powerful storm forces Quinn to make an emergency landing on a nearby deserted island. The dissimilar pair avoid each other at first, until they're forced to team up to escape from the island -- and some pirates who want their heads.",/fzWrrCzRa16v51TXAUuT6Wendw7.jpg,1998-06-12,6.095,"['Comedy', 'Action', 'Adventure', 'Romance']"
1895,Can't Hardly Wait (1998),Comedy|Drama|Romance,15037.0,"It's graduation day at Huntington Hills High, and you know what that means - time to party. And not just any party, either. This one will be a night to remember, as the nerds become studs, the jocks are humiliated, and freshman crushes blossom into grown-up romance.",/r3a5gGWfS0SDS9nriNrJzSSrErf.jpg,1998-06-12,6.211,"['Comedy', 'Romance']"
1897,High Art (1998),Drama|Romance,37636.0,"When Syd, a young editor at an influential art magazine,  becomes involved with her neighbor, a drug-addicted lesbian photographer, both seek to exploit each other for their respective careers while slowly falling in love with each other.",/qTg05RNJIvb9w4Z7XIcAZxuZmTn.jpg,1998-06-12,6.2,"['Drama', 'Romance']"
1900,"Children of Heaven, The (Bacheha-Ye Aseman) (1997)",Comedy|Drama,21334.0,"Zohre's shoes are gone; her older brother Ali lost them. They are poor, there are no shoes for Zohre until they come up with an idea: they will share one pair of shoes. School awaits.",/jWqh1CJWAEcxckMRrf6ARhIEh0R.jpg,1997-08-01,7.9,"['Drama', 'Family']"
1902,Dream for an Insomniac (1996),Drama|Romance,32284.0,"A girl with insomnia who works in a coffee house has impossibly high standards for her love and fears she will never meet a worthy man. Then in walks a new employee and they click - until she discovers he has a girlfriend. Undaunted, she moves to L.A. with a friend sure that he will dump the girlfriend and follow her. She puts all her faith in fate and hopes for the best.",/1hGRcEPnpmgAmfLObym3olCk6tM.jpg,1996-04-18,5.0,"['Romance', 'Comedy', 'Drama']"
1904,Henry Fool (1997),Comedy|Drama,37410.0,An egocentric bum transforms the lives of a shy New Jersey garbageman and his sister.,/1Uun13GJi5U0gs303e7BnER6SpG.jpg,1998-06-19,6.6,"['Comedy', 'Drama']"
1906,Mr. Jealousy (1997),Comedy|Romance,53765.0,"After his first date at age 15 ended with the girl making out with another man at a party, aspiring writer Lester Grimm has treated all his girlfriends with jealousy and suspicion. While dating Ramona Ray, paranoia gets the best of him when he discovers that her most recent ex is successful novelist Dashiell Frank. Lester begins attending the same group therapy sessions as Dashiell to learn about Ramona's past with him.",/eHKAQTwZOIzUvqz4pZ3Tj6JX3K1.jpg,1998-06-05,5.8,"['Comedy', 'Romance']"
1907,Mulan (1998),Adventure|Animation|Children|Comedy|Drama|Musical|Romance,10674.0,"When Imperial China calls one man from every family to defend the empire from invading Huns, a young woman disguises herself as a soldier to take her ailing father’s place. Facing ruthless invaders, brutal training, and the risk of execution if discovered, she must decide who she truly is— and what she’s willing to fight for.",/jAbexAtB0aSfP5Ay4TpWHARyVnG.jpg,1998-06-18,7.901,"['Animation', 'Family', 'Adventure']"
1909,"X-Files: Fight the Future, The (1998)",Action|Crime|Mystery|Sci-Fi|Thriller,846.0,"Mulder and Scully, now taken off the FBI's X Files cases, must find a way to fight the shadowy elements of the government to find out the truth about a conspiracy that might mean the alien colonization of Earth.",/yLIw6shz2WC3W3iI0jROsF4B2ha.jpg,1998-06-19,6.9,"['Mystery', 'Science Fiction', 'Thriller']"
1910,I Went Down (1997),Comedy|Crime|Drama,12655.0,"Fresh out of prison, Git rescues a former best friend (now living with Git's girlfriend) from a beating at the hands of loan sharks. He's now in trouble with the mob boss, Tom French, who sends Git to Cork with another debtor, Bunny Kelly, to find a guy named Frank Grogan, and take him to a man with a friendly face at a shack across a bog. It's a tougher assignment than it seems: Git's a novice, Bunny's prone to rash acts, Frank doesn't want to be found (and once he's found, he has no money), and maybe Tom's planning to murder Frank, which puts Git in a moral dilemma. Then, there's the long-ago disappearance of Sonny Mulligan. What's a decent and stand-up lad to do?",/2rApWxlYkiwNZBSC3KJ7WFWWq1T.jpg,1997-10-03,5.9,"['Action', 'Comedy', 'Crime']"
1911,Dr. Dolittle (1998),Comedy,3050.0,"A successful physician and devoted family man, John Dolittle seems to have the world by the tail, until a long suppressed talent he possessed as a child, the ability to communicate with animals is suddenly reawakened with a vengeance! Now every creature within squawking distance wants the good doctor's advice, unleashing an outrageous chain of events that turns his world upside down!",/tLrchGMIkdo1KamQJA6fwvDQEy0.jpg,1998-06-26,5.715,"['Comedy', 'Family', 'Fantasy']"
1912,Out of Sight (1998),Comedy|Crime|Drama|Romance|Thriller,1389.0,"Meet Jack Foley, a smooth criminal who bends the law and is determined to make one last heist. Karen Sisco is a federal marshal who chooses all the right moves … and all the wrong guys. Now they're willing to risk it all to find out if there's more between them than just the law.",/v49q7AMR3pB4M762woWB1NYMCLF.jpg,1998-06-26,6.679,"['Romance', 'Comedy', 'Crime']"
1913,Picnic at Hanging Rock (1975),Drama|Mystery,11020.0,"In the early 1900s, Miranda attends a girls boarding school in Australia. One Valentine's Day, the school's typically strict headmistress treats the girls to a picnic field trip to an unusual but scenic volcanic formation called Hanging Rock. Despite rules against it, Miranda and several other girls venture off. It's not until the end of the day that the faculty realizes the girls and one of the teachers have disappeared mysteriously.",/7BAXwmFN4pZDNb9N6kzmAAwdssi.jpg,1975-09-02,7.2,"['Drama', 'Mystery']"
1914,Smoke Signals (1998),Comedy|Drama,20862.0,"Young Native American man Thomas is a nerd in his reservation, wearing oversize glasses and telling everyone stories no-one wants to hear. His parents died in a fire in 1976, and Thomas was saved by Arnold. Arnold soon left his family, and Victor hasn't seen his father for 10 years. When Victor hears Arnold has died, Thomas offers him funding for the trip to get Arnold's remains.",/dZ6smtO2cEm3nxVhWscYfKS0mYX.jpg,1998-06-26,6.8,"['Drama', 'Comedy']"
1916,Buffalo '66 (a.k.a. Buffalo 66) (1998),Drama|Romance,9464.0,"Billy is released after five years in prison. In the next moment, he kidnaps teenage student Layla and visits his parents with her, pretending she is his girlfriend and they will soon marry.",/fxzXFzbSGNA52NHQCMqQiwzMIQw.jpg,1998-01-20,7.1,"['Drama', 'Romance', 'Comedy']"
1917,Armageddon (1998),Action|Romance|Sci-Fi|Thriller,95.0,"When an asteroid threatens to collide with Earth, NASA honcho Dan Truman determines the only way to stop it is to drill into its surface and detonate a nuclear bomb. This leads him to renowned driller Harry Stamper, who agrees to helm the dangerous space mission provided he can bring along his own hotshot crew. Among them is the cocksure A.J. who Harry thinks isn't good enough for his daughter, until the mission proves otherwise.",/eTM3qtGhDU8cvjpoa6KEt5E2auU.jpg,1998-07-01,6.83,"['Action', 'Thriller', 'Science Fiction', 'Adventure']"
1918,Lethal Weapon 4 (1998),Action|Comedy|Crime|Thriller,944.0,"With personal crises and age weighing in on them, Riggs and Murtaugh must contend with deadly Chinese triads trying to free their former leaders from prison and onto American soil.",/rtCfqVtEXaC7HJ0dJjUECZNzW3S.jpg,1998-07-10,6.6,"['Action', 'Crime', 'Thriller']"
1919,Madeline (1998),Children|Comedy,35680.0,"Horrified at the prospect of her beloved school being sold, a young French girl named Madeline uses her wit and craftiness to attempt to save it, making an unlikely new friend in the process.",/nAGRLwJC0jv7QlfJR6y32xRZqcF.jpg,1998-07-10,6.2,"['Family', 'Comedy', 'Drama']"
1920,Small Soldiers (1998),Animation|Children|Fantasy|War,11551.0,"When missile technology is used to enhance toy action figures, the toys soon begin to take their battle programming too seriously.",/2nuUjSzHsoYlRvTPmLo7m7gCQry.jpg,1998-07-10,6.553,"['Comedy', 'Adventure', 'Fantasy', 'Science Fiction', 'Action']"
1921,Pi (1998),Drama|Sci-Fi|Thriller,473.0,"A mathematical genius discovers a link between numbers and reality, and thus believes he can predict the future.",/fJA22FjlAW8rzrOw9Mwanl6oTc9.jpg,1998-07-10,7.118,"['Mystery', 'Drama', 'Thriller']"
1922,Whatever (1998),Drama,102304.0,"A New Jersey teen faces her impending adulthood, dreaming of a life as a successful New York artist. But when she gets caught up in the carefree sport of pre-AIDS sex and drugs, her future becomes less certain.",/50LDvIjveOcNeDDybh3HXUpNb9t.jpg,1998-07-10,5.7,['Drama']
1923,There's Something About Mary (1998),Comedy|Romance,544.0,"For Ted, prom night went about as bad as it’s possible for any night to go. Thirteen years later, he finally gets another chance with his old prom date, only to run up against other suitors including the sleazy detective he hired to find her.",/slJD1Dvnsf15LoeqhERsyzisAdn.jpg,1998-07-15,6.625,"['Romance', 'Comedy']"
1924,Plan 9 from Outer Space (1959),Horror|Sci-Fi,10513.0,"In California, an old man grieves the loss of his wife, and dies the day after she is buried. However, the space soldier Eros and his mate Tanna use an electric device to resurrect them both, alongside the strong Inspector Clay, who was murdered by the alien-controlled dead couple. When the populations of Hollywood and Washington DC see flying saucers on the sky, a colonel, a police lieutenant, a commercial pilot, his wife and a policeman try to stop the aliens.",/bmicZi7PvlnZ9rZqp6QXN2Db0pT.jpg,1957-03-15,4.213,"['Science Fiction', 'Horror']"
1926,"Broadway Melody, The (1929)",Musical,65203.0,"The vaudeville act of Harriet and Queenie Mahoney comes to Broadway, where their friend Eddie Kerns needs them for his number in one of Francis Zanfield's shows. When Eddie meets Queenie, he soon falls in love with  her—but she is already being courted by Jock Warriner, a member of New York high society. Queenie eventually recognizes that, to Jock, she is nothing more than a toy, and that Eddie is in love with her.",/giq8GJs8YGMzHxeKxNSuwzAdd1c.jpg,1929-02-08,5.1,"['Music', 'Romance', 'Drama']"
1927,All Quiet on the Western Front (1930),Action|Drama|War,143.0,"When a group of idealistic young men join the German Army during the Great War, they are assigned to the Western Front, where their patriotism is destroyed by the harsh realities of combat.",/1wZUB08igw8iLUgF1r4T6aJD65b.jpg,1930-04-29,7.7,"['Drama', 'War']"
1928,Cimarron (1931),Drama|Western,42861.0,"When the government opens up the Oklahoma territory for settlement, restless Yancey Cravat claims a plot of the free land for himself and moves his family there from Wichita. A newspaperman, lawyer, and just about everything else, Cravat soon becomes a leading citizen of the boom town of Osage. Once the town is established, however, he begins to feel confined once again, and heads for the Cherokee Strip, leaving his family behind. During this and other absences, his wife Sabra must learn to take care of herself and soon becomes prominent in her own right.",/cqvfhi9s1VsTgXcV1B7vX0Cb1qA.jpg,1931-01-26,5.6,"['Western', 'Drama']"
1929,Grand Hotel (1932),Drama|Romance,33680.0,"Guests at a posh Berlin hotel struggle through worry, scandal, and heartache.",/2j7dxqIlGHdTaaUW9s4Z5zfp9qS.jpg,1932-09-11,6.979,"['Drama', 'Romance']"
1931,Mutiny on the Bounty (1935),Adventure|Drama,12311.0,"Fletcher Christian successfully leads a revolt against the ruthless Captain Bligh on the HMS Bounty. However, Bligh returns one year later, hell bent on revenge.",/GD98ozz6F6tSu8BWGulpseEKhv.jpg,1935-11-22,7.4,"['Adventure', 'Drama', 'History']"
1932,"Great Ziegfeld, The (1936)",Drama|Musical,43277.0,"At the 1893 Chicago World's Fair, sideshow barker Florenz Ziegfeld turns the tables on his more-successful neighbor Billings, and also steals his girlfriend. This pattern repeats throughout their lives, as Ziegfeld makes and loses many fortunes putting on ever-bigger, more spectacular shows",/rhF6vYFVCaPCs7CgDqg3n4mNod3.jpg,1936-04-08,6.3,"['Music', 'Drama', 'Romance']"
1933,"Life of Emile Zola, The (1937)",Drama,43278.0,"A fictionalized account of famous French writer Emile Zola and his involvement in the Dreyfus Affair. After struggling to establish himself, Zola wins success writing about the unsavory side of Paris and settles into a comfortable upper-class life. However, Zola's complacency is shaken when Jewish officer Alfred Dreyfus is imprisoned for being a spy. Realizing that Dreyfus is an innocent victim of anti-Semitism, Zola boldly pens a newspaper article exposing the truth, is charged with libel and must defend himself in a dramatic courtroom testimony.",/gsEa6ZU1zHhjTYneNNBQApzl8Vu.jpg,1937-09-09,6.7,"['Drama', 'History']"
1934,You Can't Take It with You (1938),Comedy|Romance,34106.0,"Alice, the only relatively normal member of the eccentric Sycamore family, falls in love with Tony Kirby, but his wealthy banker father and snobbish mother strongly disapprove of the match. When the Kirbys are invited to dinner to become better acquainted with their future in-laws, things don't turn out the way Alice had hoped.",/9JltqbDyWstYW6gnvqDO6L5bOrx.jpg,1938-09-01,7.5,"['Comedy', 'Romance']"
1936,Mrs. Miniver (1942),Drama|War,27367.0,"Middle-class housewife Kay Miniver deals with petty problems. She and her husband Clem watch her Oxford-educated son Vin court Carol Beldon, the charming granddaughter of the local nobility as represented by Lady Beldon. Then the war comes and Vin joins the RAF.",/fjPjx6FTaoTussbqoLj6OYTtUyi.jpg,1942-07-03,7.1,"['Drama', 'Romance', 'War']"
1937,Going My Way (1944),Comedy|Drama|Musical,17661.0,"Youthful Father Chuck O'Malley led a colorful life of sports, song, and romance before joining the Roman Catholic clergy. After being appointed to a run-down New York parish, O'Malley's worldly knowledge helps him connect with a gang of boys looking for direction, eventually winning over the aging, conventional Parish priest.",/838yNJnOk6iZj5YK1MoKiN2n1hw.jpg,1944-01-01,6.7,"['Drama', 'Comedy', 'Music']"
1938,"Lost Weekend, The (1945)",Drama,28580.0,"Longtime alcoholic Don Birnam has been sober for ten days and appears to be over the worst... but his craving has just become more insidious. Evading a country weekend planned by his brother and girlfriend, he begins a four-day bender that just might be his last – one way or another.",/yL6EJxPeYIcB9TChm56lHqXKzHC.jpg,1945-11-29,7.624,['Drama']
1939,"Best Years of Our Lives, The (1946)",Drama|War,887.0,"It's the hope that sustains the spirit of every GI: the dream of the day when he will finally return home. For three WWII veterans, the day has arrived. But for each man, the dream is about to become a nightmare.",/gd5EoAU4MM57sW3vlWxJ0NMM8cV.jpg,1946-12-25,7.8,"['Drama', 'Romance']"
1940,Gentleman's Agreement (1947),Drama,33667.0,A magazine writer poses as a Jew to expose anti-Semitism.,/aCCRbcmigPk00f34hpJuWZuvABo.jpg,1947-11-11,7.0,['Drama']
1941,Hamlet (1948),Drama,23383.0,"Winner of four Academy Awards, including Best Picture and Best Actor, Sir Laurence Olivier’s Hamlet continues to be the most compelling version of Shakespeare’s beloved tragedy. Olivier is at his most inspired—both as director and as the melancholy Dane himself—as he breathes new life into the words of one of the world’s greatest dramatists.",/woO9SgU2vTRMZeG0YqOLeoIqlzC.jpg,1948-12-10,7.4,['Drama']
1942,All the King's Men (1949),Drama,25430.0,"A man of humble beginnings and honest intentions rises to power by nefarious means. Along for the wild ride are an earnest reporter, a heretofore classy society girl, and a too-clever-for-her-own-good political flack.",/7o8nnvFnkekDAlIYznNUWzxQFM6.jpg,1949-11-16,6.998,['Drama']
1944,From Here to Eternity (1953),Drama|Romance|War,11426.0,"In 1941 Hawaii, a private is cruelly punished for not boxing on his unit's team, while his captain's wife and second in command are falling in love.",/xO1LHnh9aQlQFFq1DxyQrOTia1S.jpg,1953-08-28,7.3,"['War', 'Romance', 'Drama']"
1945,On the Waterfront (1954),Crime|Drama,654.0,"A prizefighter-turned-longshoreman with a conscience goes up against labor leaders to expose corruption, extortion, and murder among the union ranks.",/v1RtJ1qR4v9nrnfoBVBl6hjTW9.jpg,1954-06-22,7.87,"['Crime', 'Drama', 'Romance']"
1946,Marty (1955),Drama|Romance,15919.0,"Marty, a butcher who lives in the Bronx with his mother is unmarried at 34. Good-natured but socially awkward he faces constant badgering from family and friends to get married but has reluctantly resigned himself to bachelorhood. Marty meets Clara, an unattractive school teacher, realising their emotional connection, he promises to call but family and friends try to convince him not to.",/8tnGO5VoAQII4DbE3hozWKhV4BY.jpg,1955-04-11,7.4,"['Drama', 'Romance']"
1947,West Side Story (1961),Drama|Musical|Romance,1725.0,"In Manhattan’s Upper West Side, rival gangs of Polish-Americans and newly arrived Puerto Ricans clash for control of the neighborhood, even as two young members from opposite sides fall dangerously in love.",/nzCMu6D5q60i2bVrIQ0DxlRSgCZ.jpg,1961-12-13,7.2,"['Crime', 'Drama', 'Romance']"
1948,Tom Jones (1963),Adventure|Comedy|Romance,5769.0,Tom loves Sophie and Sophie loves Tom. But Tom and Sophie are of differering classes. Can they find a way through the mayhem to be true to love?,/yKuZKLMhe74PJzaxYLh2s8h4P2P.jpg,1963-08-24,5.9,"['Comedy', 'Romance', 'History']"
1949,"Man for All Seasons, A (1966)",Drama,874.0,"A depiction of the conflict between King Henry VIII of England and his Lord Chancellor, Sir Thomas More, who refuses to swear the Oath of Supremacy declaring Henry Supreme Head of the Church in England.",/kcwcqMitcnRO1SySlX1HKVn7yUV.jpg,1966-12-13,7.347,"['Drama', 'History']"
1950,In the Heat of the Night (1967),Drama|Mystery,10633.0,"African-American Philadelphia police detective Virgil Tibbs is arrested on suspicion of murder by Bill Gillespie, the racist police chief of tiny Sparta, Mississippi. After Tibbs proves not only his own innocence but that of another man, he joins forces with Gillespie to track down the real killer. Their investigation takes them through every social level of the town, with Tibbs making enemies as well as unlikely friends as he hunts for the truth.",/qFpfALhprXmOAbA5upTNupZw8rq.jpg,1967-08-02,7.663,"['Crime', 'Drama', 'Mystery', 'Thriller']"
1951,Oliver! (1968),Drama|Musical,17917.0,"Musical adaptation of Charles Dickens' Oliver Twist, a classic tale of an orphan who runs away from the workhouse and joins up with a group of boys headed by the Artful Dodger and trained to be pickpockets by master thief Fagin.",/1XJgoaOWKrqxkKeBKWLKSigqG8c.jpg,1968-09-26,7.029,"['Drama', 'Family']"
1952,Midnight Cowboy (1969),Drama,3116.0,"Joe Buck is a wide-eyed hustler from Texas hoping to score big with wealthy New York City women; he finds a companion in Enrico ""Ratso"" Rizzo, an ailing swindler with a bum leg and a quixotic fantasy of escaping to Florida.",/ckklq45UxUkwgHve9xItXqXr06r.jpg,1969-05-25,7.51,['Drama']
1953,"French Connection, The (1971)",Action|Crime|Thriller,1051.0,Tough narcotics detective 'Popeye' Doyle is in hot pursuit of a suave French drug dealer who may be the key to a huge heroin-smuggling operation.,/pH4saPwMjhnVGwmSH6RkMaHrt3s.jpg,1971-10-09,7.5,"['Action', 'Crime', 'Thriller']"
1954,Rocky (1976),Drama,1366.0,"Rocky Balboa is a Philadelphia club fighter who seems to be going nowhere. But when a stroke of fate puts him in the ring with a world heavyweight champion, Rocky knows that it's his one shot at the big time — a once-in-a-lifetime opportunity to go the distance and come out a winner!",/hEjK9A9BkNXejFW4tfacVAEHtkn.jpg,1976-12-03,7.794,['Drama']
1955,Kramer vs. Kramer (1979),Drama,12102.0,"Ted Kramer is a career man for whom his work comes before his family. His wife Joanna cannot take this anymore, so she decides to leave him. Ted is now faced with the tasks of housekeeping and taking care of himself and their young son Billy.",/3CUP5V5SWfHSK4qvkZF7lMNyugY.jpg,1979-12-07,7.569,['Drama']
1956,Ordinary People (1980),Drama,16619.0,"Beth, Calvin, and their son Conrad are living in the aftermath of the death of the other son. Conrad is overcome by grief and misplaced guilt to the extent of a suicide attempt. He is in therapy. Beth had always preferred his brother and is having difficulty being supportive to Conrad. Calvin is trapped between the two trying to hold the family together.",/tJVETEDAKgD3fEh88SHOvMvOQue.jpg,1980-09-19,7.447,['Drama']
1957,Chariots of Fire (1981),Drama,9443.0,"In the class-obsessed and religiously divided UK of the early 1920s, two determined young runners train for the 1924 Paris Olympics. Eric Liddell, a devout Christian born to Scottish missionaries in China, sees running as part of his worship of God's glory and refuses to train or compete on the Sabbath. Harold Abrahams overcomes anti-Semitism and class bias, but neglects his beloved sweetheart in his single-minded quest.",/qnRaum8k0HqGRml2i7OawFqUtEb.jpg,1981-05-15,6.8,"['Drama', 'History']"
1958,Terms of Endearment (1983),Comedy|Drama,11050.0,"Aurora, a finicky woman, is in search of true love while her daughter faces marital issues. Together, they help each other deal with problems and find reasons to live a joyful life.",/l77DRjJuykqKMtD9GTK4YT7qKHW.jpg,1983-11-20,7.1,"['Drama', 'Comedy']"
1959,Out of Africa (1985),Drama|Romance,606.0,"Tells the life story of Danish author Karen Blixen, who at the beginning of the 20th century moved to Africa to build a new life for herself. The film is based on her 1937 autobiographical novel.",/6oMKqh08TfxmvnoFR4mm1wZB67P.jpg,1985-12-20,7.2,"['History', 'Romance', 'Drama']"
1960,"Last Emperor, The (1987)",Drama,746.0,"A dramatic history of Pu Yi, the last of the Emperors of China, from his lofty birth and brief reign in the Forbidden City, the object of worship by half a billion people; through his abdication, his decline and dissolute lifestyle; his exploitation by the invading Japanese, and finally to his obscure existence as just another peasant worker in the People's Republic.",/7TILJhdeJAaEyDiwvJZMo9SQBoe.jpg,1987-10-04,7.588,"['Drama', 'History']"
1961,Rain Man (1988),Drama,380.0,"When car dealer Charlie Babbitt learns that his estranged father has died, he returns home to Cincinnati, where he discovers that he has a savant older brother named Raymond and that his father's $3 million fortune is being left to the mental institution in which Raymond lives. Motivated by his father's money, Charlie checks Raymond out of the facility in order to return with him to Los Angeles. The brothers' cross-country trip ends up changing both their lives.",/iTNHwO896WKkaoPtpMMS74d8VNi.jpg,1988-12-12,7.751,['Drama']
1962,Driving Miss Daisy (1989),Drama,403.0,"The story of an old Jewish widow named Daisy Werthan and her relationship with her black chauffeur, Hoke. From an initial mere work relationship grew in 25 years a strong friendship between the two very different characters, in a time when those types of relationships were shunned.",/iaCzvcY42HihFxQBTZCTKMpsI0P.jpg,1989-12-13,7.236,['Drama']
1963,Take the Money and Run (1969),Comedy|Crime,11485.0,"Virgil Starkwell is intent on becoming a notorious bank robber. Unfortunately for Virgil and his not-so-budding career, he is completely incompetent.",/dT7cKFxsuHzSnDBxKeP5acoIpWZ.jpg,1969-08-18,7.122,"['Comedy', 'Crime']"
1964,Klute (1971),Drama|Mystery,466.0,A high-priced call girl is forced to depend on a reluctant private eye when she is stalked by a psychopath.,/tVyINAsNGSgD1OIstqwCcs7wyGH.jpg,1971-06-23,6.8,"['Thriller', 'Mystery', 'Crime']"
1965,Repo Man (1984),Comedy|Sci-Fi,13820.0,"A down and out young punk gets a job working with a seasoned repo man, but what awaits him in his new career is a series of outlandish adventures revolving around aliens, the CIA, and a most wanted '64 Chevy.",/bjuu5UceuVUNUjnOC2fBzL3hZKC.jpg,1984-03-02,6.667,"['Comedy', 'Science Fiction']"
1966,Metropolitan (1990),Comedy,15389.0,"A radical student is adopted by a group of young New Yorkers, serves as a catalyst to alter his and their lives. Gathering in a Manhattan apartment, the group of friends meet to discuss social mobility, Fourier's socialism and play bridge in their cocoon of upper-class society - until they are joined by a man with a critical view of their way of life.",/852ZwTRj9tRxkGOT0Pu0Ep8yimk.jpg,1990-08-03,6.933,"['Comedy', 'Drama', 'Romance']"
1967,Labyrinth (1986),Adventure|Fantasy|Musical,13597.0,"Frustrated with babysitting on yet another weekend night, Sarah, a teenager with an active imagination, summons the Goblins to take her baby stepbrother away. When little Toby actually disappears, Sarah must follow him into a fantastical world to rescue him from the Goblin King. Guarding his castle is the labyrinth itself, a twisted maze of deception, populated with outrageous characters and unknown dangers.",/hbSdA1DmNA9IlfVoqJkIWYF2oYm.jpg,1986-06-27,7.3,"['Adventure', 'Family', 'Fantasy']"
1968,"Breakfast Club, The (1985)",Comedy|Drama,2108.0,"Five high school students from different walks of life endure a Saturday detention under a power-hungry principal. The disparate group includes rebel John, princess Claire, outcast Allison, brainy Brian and Andrew, the jock. Each has a chance to tell his or her story, making the others see them a little differently -- and when the day ends, they question whether school will ever be the same.",/gp4zlj7wgbiofLMNsTPndMuO3PN.jpg,1985-02-15,7.724,"['Comedy', 'Drama']"
1969,"Nightmare on Elm Street 2: Freddy's Revenge, A (1985)",Horror,10014.0,"A teenage boy is haunted in his dreams by deceased child murderer Freddy Krueger, who is out to possess him in order to continue his reign of terror in the real world.",/53kxYw0G3o55yJ23K7s7KMaOyAM.jpg,1985-11-01,5.775,['Horror']
1970,"Nightmare on Elm Street 3: Dream Warriors, A (1987)",Horror|Thriller,10072.0,"A psychiatrist, familiar with the knife-wielding dream demon Freddy Krueger, helps teens at a mental hospital battle the killer who is invading their dreams.",/qbtZewU6EGvxi8yFVzwZ31NijLX.jpg,1987-02-27,6.703,"['Horror', 'Thriller', 'Fantasy']"
1971,"Nightmare on Elm Street 4: The Dream Master, A (1988)",Horror|Thriller,10131.0,"Freddy Krueger returns once again to terrorize the dreams of the remaining Dream Warriors, as well as those of a young woman who may be able to defeat him for good.",/boStYG7jKdoIZTduiOOsUVknD13.jpg,1988-08-19,5.862,"['Horror', 'Thriller']"
1972,"Nightmare on Elm Street 5: The Dream Child, A (1989)",Horror,10160.0,"The pregnant Alice finds Freddy Krueger striking through the sleeping mind of her unborn child, hoping to be reborn into the real world.",/kizvpgXQfrAgN8FhOd87LbKk6kO.jpg,1989-08-11,5.414,"['Horror', 'Thriller']"
1973,"Freddy's Dead: The Final Nightmare (Nightmare on Elm Street Part 6: Freddy's Dead, A) (1991)",Horror,11284.0,"Just when you thought it was safe to sleep, Freddy Krueger returns in this sixth installment of the Nightmare on Elm Street films, as psychologist Maggie Burroughs, tormented by recurring nightmares, meets a patient with the same horrific dreams. Their quest for answers leads to a certain house on Elm Street -- where the nightmares become reality.",/e4qh58n2WaG4Gyh9VhjOUeN9Mhv.jpg,1991-09-05,5.304,"['Horror', 'Thriller']"
1974,Friday the 13th (1980),Horror|Mystery|Thriller,4488.0,Camp counselors are stalked and murdered by an unknown assailant while trying to reopen a summer camp that was the site of a child's drowning.,/uGGpnWHOmWTARVN9wbC1nPxNgps.jpg,1980-05-09,6.403,['Horror']
1975,Friday the 13th Part 2 (1981),Horror,9725.0,"Five years after the horrible bloodbath at Camp Crystal Lake, new counselors roam the area, not sensing the ominous lurking presence that proves that the grisly legend is real.",/92rGctBMTv4uaSlIBVnhz01kRWL.jpg,1981-05-01,6.2,"['Horror', 'Thriller']"
1976,Friday the 13th Part 3: 3D (1982),Horror,9728.0,"An idyllic summer turns into a nightmare of unspeakable terror for yet another group of naïve friends. Ignoring Camp Crystal Lake's bloody legacy, one by one they fall victim to the maniacal Jason, who stalks them at every turn...",/9kukTSlgFgXnQGdpcHvHcpTDiUc.jpg,1982-08-13,5.9,"['Horror', 'Thriller']"
1977,Friday the 13th Part IV: The Final Chapter (1984),Horror,9730.0,"After his revival in a hospital morgue, Jason fixes his vengeful attention on the Jarvis family and a group of hitherto carefree teenagers.",/1J7zudfR3VLPwAf9lK5YPfSu0n6.jpg,1984-04-13,6.1,['Horror']
1978,Friday the 13th Part V: A New Beginning (1985),Horror,9731.0,"Homicidal maniac Jason returns from the grave to cause more bloody mayhem. Young Tommy may have escaped from Crystal Lake, but he’s still haunted by the gruesome events that happened there. When gory murders start happening at the secluded halfway house for troubled teens where he now lives, it seems like his nightmarish nemesis, Jason, is back for more sadistic slaughters.",/ewnIs4aCuWnKQ13Eaj8f3ybrQc8.jpg,1985-03-22,5.3,"['Horror', 'Thriller']"
1979,Friday the 13th Part VI: Jason Lives (1986),Horror,10225.0,"Tommy Jarvis, tormented by the fear that maybe Jason isn't really dead, unwittingly resurrects the mass murderer for another bloody rampage.",/6vdUpHvkspQonXBdWcLWW5ciEPJ.jpg,1986-08-01,6.254,"['Horror', 'Thriller']"
1980,Friday the 13th Part VII: The New Blood (1988),Horror,10281.0,"Tina Shepard, a telekinetic teenage girl, accidentally unchains Jason from his watery grave, allowing him to go on another killing spree in the area.",/rUzk9Qnyz2FZGxHMBrq6DYIQZkO.jpg,1988-05-13,5.478,"['Horror', 'Thriller']"
1981,Friday the 13th Part VIII: Jason Takes Manhattan (1989),Horror,10283.0,"Jason ships out aboard a teen-filled ""love boat"" bound for New York, which he soon transforms into the ultimate voyage of the damned.",/6ezOsZ9UzqGnbDokaatxdOWP6e9.jpg,1989-07-28,4.938,"['Horror', 'Thriller']"
1982,Halloween (1978),Horror,948.0,"Fifteen years after murdering his sister on Halloween Night 1963, Michael Myers escapes from a mental hospital and returns to the small town of Haddonfield, Illinois to kill again.",/wijlZ3HaYMvlDTPqJoTCWKFkCPU.jpg,1978-10-24,7.554,"['Horror', 'Thriller']"
1983,Halloween II (1981),Horror,11281.0,"After failing to kill stubborn survivor Laurie and taking a bullet or six from former psychiatrist Dr. Sam Loomis, Michael Myers has followed Laurie to the Haddonfield Memorial Hospital, where she's been admitted for Myers' attempt on her life. The institution proves to be particularly suited to serial killers, however, as Myers cuts, stabs and slashes his way through hospital staff to reach his favorite victim.",/xyBX7rFmNB4nM2RBW3042RQPFG2.jpg,1981-10-30,6.6,"['Horror', 'Thriller']"
1984,Halloween III: Season of the Witch (1982),Horror,10676.0,"After a terrified toy salesman is mysteriously attacked and brought to the hospital, clutching the year's most popular Halloween mask, Dr. Daniel Challis sets out to investigate the strange events and finds himself thrust into a nightmarish conspiracy.",/WABfdeaThFYXCySGIOvRNv2sSW.jpg,1982-10-22,5.2,"['Horror', 'Science Fiction', 'Mystery']"
1985,Halloween 4: The Return of Michael Myers (1988),Horror,11357.0,"Ten years after his original massacre, the invalid Michael Myers awakens on Halloween Eve and returns to Haddonfield to kill his seven-year-old niece.",/eFSOkXF9n9hsfGv45MDsPixiOyx.jpg,1988-10-21,6.176,"['Horror', 'Thriller']"
1986,Halloween 5: The Revenge of Michael Myers (1989),Horror,11361.0,"After lying in a coma for a year, Michael Myers awakens and stalks his way back to his small hometown in Illinois, intent on killing his niece, Jamie, who has been confined to a mental institution since his last attempt to slay her.",/rYvP6yMXCIVHnkVtwGaAXFmpzkB.jpg,1989-10-12,5.316,"['Horror', 'Thriller']"
1987,Prom Night (1980),Horror,36599.0,"At a high school senior prom, a masked killer stalks four teenagers who were responsible for the accidental death of a classmate six years prior.",/r2Ew7wUP96PsePEZseK6JqcPWY9.jpg,1980-07-18,5.714,"['Horror', 'Mystery', 'Thriller']"
1990,Prom Night IV: Deliver Us From Evil (1992),Horror,41769.0,"Thirty years after slashing a Hamilton High couple on Prom Night 1957, psychotic priest Father Jonas gets loose from the chapel basement where the other church fathers had been secretly keeping him locked up and drugged.",/tjq1iWClSBCfi3SjpVJblOU6q4F.jpg,1992-02-14,4.7,"['Horror', 'Thriller']"
1991,Child's Play (1988),Horror|Thriller,10585.0,"After being shot in a toy store, a serial killer transfers his soul into a Good Guy doll. A mother then gifts it to her 6-year old son Andy, which unleashes terror upon the city.",/wvpgvcWNkF2HLuTEMIM7K83MvZ.jpg,1988-11-09,6.7,['Horror']
1992,Child's Play 2 (1990),Horror|Thriller,11186.0,"Chucky is reconstructed by a toy factory to dispel the negative publicity surrounding the doll, and tracks young Andy Barclay to a foster home where the chase begins again.",/2tPQbPQeHEYAGoXFSW61IWNmoce.jpg,1990-11-09,6.356,"['Horror', 'Thriller']"
1993,Child's Play 3 (1991),Comedy|Horror|Thriller,11187.0,"Eight years after seemingly destroying the killer doll, teen Andy Barclay is placed in a military school, and the spirit of Chucky returns to renew his quest and seek vengeance after being recreated from a mass of melted plastic.",/6toMk9OCuDYEEf733Bzlq3yiw3z.jpg,1991-08-30,5.9,"['Horror', 'Thriller']"
1994,Poltergeist (1982),Horror|Thriller,609.0,"The Freelings' suburban home becomes the center of paranormal activity that opens a portal to the 'other side'. With help, they must cross over to get their daughter back.",/m5AKo8iZAYulI87Uzxkn87vRY07.jpg,1982-06-04,7.2,['Horror']
1995,Poltergeist II: The Other Side (1986),Horror|Thriller,11133.0,"The Freeling family move in with Diane's mother in an effort to escape the trauma and aftermath of Carol Anne's abduction by the Beast. But the Beast is not to be put off so easily and appears in a ghostly apparition as the Reverend Kane, a religious zealot responsible for the deaths of his many followers. His goal is simple - he wants the angelic Carol Anne.",/tVQPv69XWIgzF5n1MRrTuhPyNr5.jpg,1986-05-23,6.0,"['Horror', 'Thriller']"
1996,Poltergeist III (1988),Horror|Thriller,10306.0,"Carol Anne has been sent to live with her Aunt and Uncle in an effort to hide her from the clutches of the ghostly Reverend Kane, but he tracks her down and terrorises her in her relatives' appartment in a tall glass building. Will he finally achieve his target and capture Carol Anne again, or will Tangina be able, yet again, to thwart him?",/pLewUibOJLGISvMqB94mAMdjz2q.jpg,1988-06-10,5.2,"['Horror', 'Thriller']"
1997,"Exorcist, The (1973)",Horror|Mystery,9552.0,"When a mysterious entity possesses a young girl, her mother seeks the help of two Catholic priests to save her life.",/5x0CeVHJI8tcDx8tUUwYHQSNILq.jpg,1973-12-26,7.74,"['Horror', 'Drama']"
1998,Exorcist II: The Heretic (1977),Horror,11586.0,"Bizarre nightmares plague Regan MacNeil four years after her possession and exorcism. Has the demon returned? And if so, can the combined faith and knowledge of a Vatican investigator and a research specialist free her from its grasp?",/g9i3LTMYLRHvCYSKimZEfd1Vqy7.jpg,1977-06-17,4.5,['Horror']
1999,"Exorcist III, The (1990)",Horror,11587.0,"On the fifteenth anniversary of the exorcism that claimed Father Damien Karras' life, Police Lieutenant Kinderman's world is once again shattered when a boy is found decapitated and savagely crucified.",/rhSftgj3vwpIDSP8v67N8KEubmz.jpg,1990-08-17,6.265,"['Horror', 'Mystery']"
2000,Lethal Weapon (1987),Action|Comedy|Crime|Drama,941.0,A veteran cop and an unstable detective become partners who must put their differences aside in order to bring down a heroin-smuggling ring run by ex-Special Forces.,/6gt44oqb4nE8vflPElffeGwsHVl.jpg,1987-03-06,7.286,"['Action', 'Thriller', 'Crime']"
2001,Lethal Weapon 2 (1989),Action|Comedy|Crime|Drama,942.0,Riggs and Murtaugh are on the trail of South African diplomats using their immunity to engage in criminal activities.,/ZsUGxTnZ4TzTrHSAfUPJcliL1K.jpg,1989-07-07,7.028,"['Action', 'Thriller', 'Crime']"
2002,Lethal Weapon 3 (1992),Action|Comedy|Crime|Drama,943.0,Riggs and Murtaugh pursue a former officer who uses his knowledge of police procedure and policies to steal and sell confiscated guns and ammunition to local street gangs.,/smzJxEnusgqv3bvHIWwf4cuwPcr.jpg,1992-05-15,6.709,"['Action', 'Thriller', 'Crime']"
2003,Gremlins (1984),Comedy|Horror,927.0,"After receiving an exotic small animal as a Christmas gift, a young man inadvertently breaks three important rules concerning his new pet, which unleashes a horde of malevolently mischievous creatures on a small town.",/6m0F7fsXjQvUbCZrPWcJNrjvIui.jpg,1984-06-08,7.1,"['Fantasy', 'Horror', 'Comedy']"
2004,Gremlins 2: The New Batch (1990),Comedy|Horror,928.0,"Young sweethearts Billy and Kate move to the Big Apple, land jobs in a high-tech office park and soon reunite with the friendly and lovable Gizmo. But a series of accidents creates a whole new generation of Gremlins. The situation worsens when the devilish green creatures invade a top-secret laboratory and develop genetically altered powers, making them even harder to destroy!",/35F5yD7MljvBE2AC0NHAVCoPGEi.jpg,1990-06-15,6.522,"['Comedy', 'Horror', 'Fantasy']"
2005,"Goonies, The (1985)",Action|Adventure|Children|Comedy|Fantasy,9340.0,"Young teen Mikey Walsh and his friends set off on a quest to find Pirate One-Eyed Willie's treasure in hopes of saving their homes from demolition. However, on their quest to find the treasure, they run into a family of recently escaped criminals, determined to capture the kids and reach the treasure first.",/eBU7gCjTCj9n2LTxvCSIXXOvHkD.jpg,1985-06-07,7.5,"['Adventure', 'Comedy', 'Family']"
2006,"Mask of Zorro, The (1998)",Action|Comedy|Romance,9342.0,"It has been twenty years since Don Diego de la Vega fought Spanish oppression in Alta California as the legendary romantic hero, Zorro. Having escaped from prison he transforms troubled bandit Alejandro into his successor, in order to foil the plans of the tyrannical Don Rafael Montero who robbed him of his freedom, his wife and his precious daughter.",/bdMufwGDDzqu4kTSQwrKc5WR4bu.jpg,1998-07-16,6.6,"['Action', 'Adventure']"
2007,Polish Wedding (1998),Comedy,38509.0,"The film centers on a big Polish family. Jadzia is the mother and the ruler of the Pzoniak family (she has five children). Though she's happily married to Bolek, she is also having a long-time affair with Roman. Her young daughter Hala is having an affair with neighbour cop Russell and becomes pregnant by him. Russell is pressed hard to marry Hala.",/36De1BxBBzXyJ1eYVQlIoTUIwQm.jpg,1998-01-16,5.0,"['Comedy', 'Drama']"
2008,"This World, Then the Fireworks (1997)",Crime|Drama|Film-Noir,60033.0,"In 1950s, two incestuous lovers, a depraved suave journalist and his equally depraved prostitute sister, plan to get rich through seduction and murder.",/vXO9T4rbJFVRF6BbABHe7VKJdj9.jpg,1997-07-11,5.0,"['Crime', 'Drama', 'Thriller']"
2009,Soylent Green (1973),Drama|Mystery|Sci-Fi|Thriller,12101.0,"In the year 2022, overcrowding, pollution,  and resource depletion have reduced society’s leaders to finding food for the teeming masses. The answer is Soylent Green.",/5nbkShkOEXUoKVhaX0XG41wyBkq.jpg,1973-04-18,6.922,"['Science Fiction', 'Thriller', 'Crime', 'Mystery']"
2010,Metropolis (1927),Drama|Sci-Fi,19.0,"In a futuristic city sharply divided between the rich and the poor, the son of the city's mastermind meets a prophet who predicts the coming of a savior to mediate their differences.",/kr9wXRN23zLuWJIelahas1mtnYj.jpg,1927-01-10,8.09,"['Drama', 'Science Fiction']"
2011,Back to the Future Part II (1989),Adventure|Comedy|Sci-Fi,165.0,"Marty and Doc are at it again as the time-traveling duo head to 2015 to nip some McFly family woes in the bud. But things go awry thanks to bully Biff Tannen and a pesky sports almanac. In a last-ditch attempt to set things straight, Marty finds himself bound for 1955 and face to face with his teenage parents -- again.",/hQq8xZe5uLjFzSBt4LanNP7SQjl.jpg,1989-11-22,7.778,"['Adventure', 'Comedy', 'Science Fiction']"
2012,Back to the Future Part III (1990),Adventure|Comedy|Sci-Fi|Western,196.0,"The final installment finds Marty digging the trusty DeLorean out of a mineshaft and looking for Doc in the Wild West of 1885. But when their time machine breaks down, the travelers are stranded in a land of spurs. More problems arise when Doc falls for pretty schoolteacher Clara Clayton, and Marty tangles with Buford Tannen.",/crzoVQnMzIrRfHtQw0tLBirNfVg.jpg,1990-05-25,7.491,"['Adventure', 'Comedy', 'Science Fiction']"
2013,"Poseidon Adventure, The (1972)",Action|Adventure|Drama,551.0,"When their ocean liner capsizes, a group of passengers struggle to survive and escape.",/6RGiA5BfhelU9zoD0b1GAG4GWWf.jpg,1972-12-01,7.1,"['Adventure', 'Drama', 'Thriller']"
2014,Freaky Friday (1977),Children|Comedy|Fantasy,16084.0,"School girl Annabel is hassled by her mother, and Mrs. Andrews is annoyed with her daughter, Annabel. They both think that the other has an easy life. On a normal Friday morning, both complain about each other and wish they could have the easy life of their daughter/mother for just one day and their wishes come true as a bit of magic puts Annabel in Mrs. Andrews' body and vice versa. They both have a Freaky Friday.",/ensFUbvS08uvG0xJze1MqhhjQJ1.jpg,1976-12-17,6.1,"['Fantasy', 'Comedy', 'Family']"
2015,"Absent-Minded Professor, The (1961)",Children|Comedy|Fantasy,17984.0,"Bumbling professor Ned Brainard accidentally invents flying rubber, or ""Flubber"", an incredible material that gains energy every time it strikes a hard surface. It allows for the invention of shoes that can allow jumps of amazing heights and enables a modified Model-T to fly. Unfortunately, no one is interested in the material except for Alonzo Hawk, a corrupt businessman who wants to steal the material for himself.",/gCnuDDqoyaBdeeItQ4BjKtYpzF6.jpg,1961-01-20,6.5,"['Comedy', 'Family', 'Science Fiction']"
2016,"Apple Dumpling Gang Rides Again, The (1979)",Children|Comedy|Western,22328.0,"Amos and Theodore, the two bumbling outlaw wannabes from The Apple Dumpling Gang, are back and trying to make it on their own. This time, the crazy duo gets involved in an army supply theft case -- and, of course, gets in lots of comic trouble along the way!",/oPGACB1ZfPM9bKlQva2TFpCkWSD.jpg,1979-06-27,6.5,"['Comedy', 'Family', 'Western']"
2017,Babes in Toyland (1961),Children|Fantasy|Musical,32611.0,"All roads lead to magical, merry Toyland as Mary Contrary and Tom Piper prepare for their wedding! But villainous Barnaby wants Mary for himself, so he kidnaps Tom, setting off a series of comic chases, searches, and double-crosses! The ""March Of The Wooden Soldiers"" helps put Barnaby in his place, and ensures a ""happily ever after"" for Tom and Mary!",/pPNVXVQTCgdUiIiyxxYlTTqkgiZ.jpg,1961-12-14,5.8,"['Comedy', 'Fantasy', 'Family', 'Music']"
2018,Bambi (1942),Animation|Children|Drama,3170.0,"Bambi's tale unfolds from season to season as the young prince of the forest learns about life, love, and friends.",/wV9e2y4myJ4KMFsyFfWYcUOawyK.jpg,1942-08-14,7.009,"['Animation', 'Drama', 'Family']"
2019,Seven Samurai (Shichinin no samurai) (1954),Action|Adventure|Drama,346.0,"A samurai answers a village's request for protection after he falls on hard times. The town needs protection from bandits, so the samurai gathers six others to help him teach the people how to defend themselves, and the villagers provide the soldiers with food.",/lOMGc8bnSwQhS4XyE1S99uH8NXf.jpg,1954-04-26,8.451,"['Action', 'Drama']"
2020,Dangerous Liaisons (1988),Drama|Romance,859.0,"In 18th century France, Marquise de Merteuil asks her ex-lover Vicomte de Valmont to seduce the future wife of another ex-lover of hers in return for one last night with her. Yet things don’t go as planned.",/eNvJXuTQ7lusuUrIvS7wplORXBX.jpg,1988-12-21,7.187,"['Drama', 'Romance']"
2021,Dune (1984),Adventure|Sci-Fi,841.0,"In the year 10,191, the most precious substance in the universe is the spice Melange. The spice extends life. The spice expands consciousness. The spice is vital to space travel.  The spice exists on only one planet in the entire universe, the vast desert planet Arrakis, also known as Dune.  Its native inhabitants, the Fremen, have long held a prophecy that a man would come, a messiah who would lead them to true freedom.",/4kJmUCE7mkVJjXa7A0g2rY4IGTm.jpg,1984-12-14,6.2,"['Action', 'Science Fiction', 'Adventure']"
2022,"Last Temptation of Christ, The (1988)",Drama,11051.0,"Jesus, a humble Judean carpenter beginning to see that he is the son of God, is drawn into revolutionary action against the Roman occupiers by Judas -- despite his protestations that love, not violence, is the path to salvation. The burden of being the savior of mankind torments Jesus throughout his life, leading him to doubt.",/7L4qwrC1mipZXJfU5oRgQWChLv1.jpg,1988-05-28,7.208,['Drama']
2023,"Godfather: Part III, The (1990)",Crime|Drama|Mystery|Thriller,242.0,"In the midst of trying to legitimize his business dealings in 1979 New York and Italy, aging mafia don, Michael Corleone seeks forgiveness for his sins while taking a young protege under his wing.",/lm3pQ2QoQ16pextRsmnUbG2onES.jpg,1990-12-25,7.418,"['Crime', 'Drama', 'Thriller']"
2024,"Rapture, The (1991)",Drama|Mystery,1411.0,"A lonely telephone operator leading an empty, amoral life finds God – only to have her faith continually tested in ways beyond what she could have imagined.",/4EkFm13ecqO0eszr7OKT8vf1YjJ.jpg,1991-10-04,5.7,"['Mystery', 'Drama', 'Fantasy', 'Thriller']"
2025,Lolita (1997),Drama|Romance,9769.0,"Humbert Humbert is a middle-aged British novelist who is both appalled by and attracted to the vulgarity of American culture. When he comes to stay at the boarding house run by Charlotte Haze, he soon becomes obsessed with Lolita, the woman's teenaged daughter.",/9INcC14WZjCMKGE360VXmklCLdZ.jpg,1997-09-27,7.1,"['Drama', 'Romance']"
2026,Disturbing Behavior (1998),Horror|Thriller,9424.0,"Steve Clark is a newcomer in the town of Cradle Bay, and he quickly realizes that there's something odd about his high school classmates. The clique known as the ""Blue Ribbons"" are the eerie embodiment of academic excellence and clean living. But, like the rest of the town, they're a little too perfect. When Steve's rebellious friend Gavin mysteriously joins their ranks, Steve searches for the truth with fellow misfit Rachel.",/uAhvaueOUUQ6ORCRdsJr1WXz1w0.jpg,1998-07-24,5.8,"['Mystery', 'Horror', 'Science Fiction']"
2027,Jane Austen's Mafia! (1998),Comedy|Crime,9835.0,"After growing up poor in Salmonella, Vincenzo Cortino installs himself as the preeminent, if bumbling, Mafia don of the New World. But now he must pass on power to one of his two sons: either level-headed veteran Anthony or vituperative loose cannon Joey.",/gGgirOcInrfjWgemKMjvZc3fGtU.jpg,1998-07-24,5.5,"['Comedy', 'Crime']"
2028,Saving Private Ryan (1998),Action|Drama|War,857.0,"As U.S. troops storm the beaches of Normandy, three brothers lie dead on the battlefield, with a fourth trapped behind enemy lines. Ranger captain John Miller and seven men are tasked with penetrating German-held territory and bringing the boy home.",/uqx37cS8cpHg8U35f9U5IBlrCV3.jpg,1998-07-24,8.222,"['War', 'Drama', 'History']"
2032,"Barefoot Executive, The (1971)",Children|Comedy,20173.0,"In the great Disney tradition of wild family fun, a young Kurt Russell stars as Steven Post - an ambitious mailroom clerk at a second-rate TV network. With his eye on the boardroom, and getting nowhere with the studio's top dog, he makes a career-changing discovery. His girlfriend's lovable pet chimp can pick a hit show every time! His secret for success turns into a madcap monkey business when he makes vice president and jealous rivals want in on the act. Ride along with narrow escapes and a classic cast featuring Joe Flynn and Harry Morgan in a comedic climb up the corporate ladder that will leave you howling for more!",/l80GlJCOFM6rE2uwiW0EMD6jAPd.jpg,1971-03-17,5.5,"['Comedy', 'Family']"
2033,"Black Cauldron, The (1985)",Adventure|Animation|Children|Fantasy,10957.0,"Taran is an assistant pigkeeper with boyish dreams of becoming a great warrior. However, he has to put the daydreaming aside when his charge, an oracular pig named Hen Wen, is kidnapped by an evil lord known as the Horned King. The villain hopes Hen will show him the way to The Black Cauldron, which has the power to create a giant army of unstoppable soldiers.",/ef11J5KGMp26kEzeg8ghAKeB65C.jpg,1985-07-24,6.427,"['Animation', 'Adventure', 'Family', 'Fantasy']"
2034,"Black Hole, The (1979)",Children|Sci-Fi,9570.0,"The explorer craft USS Palomino is returning to Earth after a fruitless 18-month search for extra-terrestrial life when the crew comes upon a supposedly lost ship, the USS Cygnus, hovering near a black hole. The ship is controlled by Dr. Hans Reinhardt and his monstrous robot companion, but the initial wonderment and awe the Palomino crew feel for the ship and its resistance to the power of the black hole turn to horror as they uncover Reinhardt's plans.",/gCqOJWvOK5UPospyrLANKfwRBlG.jpg,1979-12-18,5.8,"['Adventure', 'Science Fiction', 'Action']"
2035,Blackbeard's Ghost (1968),Children|Comedy,16249.0,"The eponymous wraith returns to Earth to aid his descendant, elderly Emily Stowecroft. The villains want to kick Emily and her friends out of their group home so that they can build a crooked casino. Good guy Steve Walker gets caught in the middle of the squabble after evoking Blackbeard's ghost.",/bEMEjagTsdkUi7Jzxe0lQsquD7J.jpg,1968-02-08,6.7,"['Comedy', 'Fantasy', 'Family']"
2036,Blank Check (1994),Children|Comedy,13962.0,"Bullied by his siblings and nagged by his parents, 11-year-old Preston Waters is fed up with his family — especially their frugality. But he gets his chance to teach them a lesson when a money-laundering criminal nearly bulldozes Preston with his car and compensates the boy with a blank check. Preston makes the check out for $1 million and goes on a spending spree he'll never forget.",/qhsH1BGqeCDHoogt5ebxOgERJGb.jpg,1994-02-11,6.0,"['Comedy', 'Family']"
2037,Candleshoe (1977),Adventure|Children|Comedy,14612.0,"When ex-con artist Harry claims that a secret treasure is hidden inside Candleshoe, an English estate, he creates an elaborate plan to find and steal the prize. By convincing a girl named Casey to impersonate the estate owner's long-lost granddaughter, Harry hopes to uncover the treasure's location. But when Casey has a change of heart, she must follow the clues and find the treasure, in order to save Candleshoe and stop Harry before it is too late.",/6Rq9u5fnS6PzWz9dgPQmBhgDvRJ.jpg,1977-12-16,6.9,['Family']
2038,"Cat from Outer Space, The (1978)",Children|Comedy|Sci-Fi,19378.0,"A UFO is stranded on earth and impounded by the US government. Its pilot, a cat with a collar that gives it special powers, including the ability to communicate with humans, has eluded the authorities and seeks the help of a scientist in order to reclaim and repair his ship and get back home.",/jspJBPlYGuMlwLbSSo0hdgfbnY0.jpg,1978-06-09,5.9,"['Comedy', 'Family', 'Science Fiction']"
2040,"Computer Wore Tennis Shoes, The (1969)",Children|Comedy,29228.0,"Some college students manage to persuade the town's big businessman, A. J. Arno, to donate a computer to their college. When the problem- student, Dexter Riley, tries to fix the computer, he gets an electric shock and his brain turns to a computer; now he remembers everything he reads. Unfortunately, he also remembers information which was in the computer's memory, like Arno's illegal businesses..",/vXfUKvAHTIifAU7IP17kl1ZBGh6.jpg,1969-12-29,6.0,"['Comedy', 'Family', 'Drama']"
2041,Condorman (1981),Action|Adventure|Children|Comedy,19379.0,"Comic artist and writer Woody performs a simple courier operation for his friend Harry who works for the CIA. But when he successfully fends off hostile agents, he earns the respect of the beautiful Natalia, who requests his assistance for her defection. Woody uses this request as leverage to use the CIA's resources to bring his comic book creation, Condorman, to life to battle the evil Krokov.",/wRe9kAvjN5IGAjPd0oCKhjyQDt0.jpg,1981-07-02,5.5,"['Comedy', 'Action', 'Adventure']"
2042,D2: The Mighty Ducks (1994),Children|Comedy,11164.0,"After Gordon Bombay's hockey comeback is cut short he is named coach of Team USA Hockey for the Junior Goodwill Games. Bombay reunites the Mighty Ducks and introduces a few new players, however, he finds himself distracted by his newfound fame and must regather if the Ducks are to defeat tournament favourites Iceland.",/veGW1N6QUglP4osDdOUI6CZCcBI.jpg,1994-03-25,6.2,"['Comedy', 'Action', 'Family', 'Drama']"
2043,Darby O'Gill and the Little People (1959),Adventure|Children|Fantasy,18887.0,A wily old codger matches wits with the King of the Leprechauns and helps play matchmaker for his daughter and the strapping lad who has replaced him as caretaker.,/n2Nafax2MMq2Cg0wDReo5L8ILGg.jpg,1959-06-24,6.6,"['Adventure', 'Family', 'Fantasy', 'Romance']"
2044,"Devil and Max Devlin, The (1981)",Comedy|Fantasy,40866.0,"When Max dies in an accident, he goes straight to Hell. But the Devil Barney makes him an offer: if he manages to get three innocent youths to sell him their souls in the next two months, he may stay on Earth. Max accepts, and returns to Earth, equipped with special powers. However, his task is harder than expected, especially when seven year old Tobi demands that he marry his mother.",/b5XOONi82ThL4r5K20BKsWIhmi6.jpg,1981-03-06,5.8,"['Fantasy', 'Comedy']"
2046,Flight of the Navigator (1986),Adventure|Children|Sci-Fi,10122.0,"12-year-old David is accidentally knocked out in the forest near his home, but when he awakens eight years have passed. His family is overjoyed to have him back, but is just as perplexed as he is that he hasn't aged. When a NASA scientist discovers a UFO nearby, David gets the chance to unravel the mystery and recover the life he lost.",/tdRgQWMximj0tL6OWu9kRTtePmI.jpg,1986-07-30,6.952,"['Family', 'Science Fiction', 'Adventure']"
2048,"Great Mouse Detective, The (1986)",Action|Animation|Children|Crime,9994.0,"When the diabolical Professor Ratigan kidnaps London's master toymaker, the brilliant master of disguise Basil of Baker Street and his trusted sidekick Dawson try to elude the ultimate trap and foil the perfect crime.",/9uDr7vfjCFr39KGCcqrk44Cg7fQ.jpg,1986-07-02,7.0,"['Animation', 'Family', 'Mystery', 'Crime', 'Adventure']"
2050,Herbie Goes Bananas (1980),Adventure|Children|Comedy,12129.0,The adorable little VW helps its owners break up a counterfeiting ring in Mexico.,/7cBOYLDhHMA351ndLthSxBCwO5N.jpg,1980-06-25,5.4,"['Fantasy', 'Comedy', 'Family', 'Adventure']"
2051,Herbie Goes to Monte Carlo (1977),Adventure|Children|Comedy,14140.0,"Herbie, the Volkswagen Beetle with a mind of its own, is racing in the Monte Carlo Rally. But thieves have hidden a cache of stolen diamonds in Herbie's gas tank, and are now trying to get them back.",/4gMplOTJWAj1oNrv0QJG6SGhBNQ.jpg,1977-06-24,5.9,"['Romance', 'Comedy', 'Family', 'Action', 'Adventure']"
2052,Hocus Pocus (1993),Children|Comedy|Fantasy|Horror,10439.0,"After 300 years of slumber, three sister witches are accidentally resurrected in Salem on Halloween night, and it is up to three kids and their newfound feline friend to put an end to the witches' reign of terror once and for all.",/by4D4Q9NlUjFSEUA1yrxq6ksXmk.jpg,1993-07-16,7.034,"['Fantasy', 'Comedy', 'Family']"
2053,"Honey, I Blew Up the Kid (1992)",Children|Comedy|Sci-Fi,11158.0,"Wayne Szalinski is at it again. But instead of shrinking things, he tries to make a machine that can make things grow. As in the first one, his machine isn't quite accurate. But when he brings Nick & his toddler son Adam to see his invention, the machine unexpectedly starts working. And when Adam comes right up to the machine, he gets zapped along with his stuffed bunny.",/4EGqDo2pP2ZL0TCcYDGnwsU8liQ.jpg,1992-07-16,5.3,"['Adventure', 'Comedy', 'Family', 'Science Fiction']"
2054,"Honey, I Shrunk the Kids (1989)",Adventure|Children|Comedy|Fantasy|Sci-Fi,9354.0,The scientist father of a teenage girl and boy accidentally shrinks his and two other neighborhood teens to the size of insects. Now the teens must fight diminutive dangers as the father searches for them.,/omQOzahi2NIeiYznNxHFDvNbvo6.jpg,1989-06-23,6.3,"['Adventure', 'Comedy', 'Family', 'Science Fiction']"
2055,Hot Lead and Cold Feet (1978),Action|Comedy|Western,28736.0,"Twin brothers -- one rough and tough, the other a city-bred milquetoast -- compete for their father's fortune.",/zr6pX2rUfaub8QcGaIjYInuJBqQ.jpg,1978-07-05,5.8,"['Action', 'Comedy', 'Family', 'Western']"
2056,In Search of the Castaways (1962),Adventure|Children,34774.0,"Two teenagers, Mary (Hayley Mills) and Robert (Keith Hamshere) are lead by Professor Paganel (Maurice Chevalier) on a search expedition for the children's shipwrecked sea captain father. This Disney film was based upon Jules Verne's 1868 adventure novel Captain Grant's Children.",/27hbGwIAmvcB9X9FdXSwvU05frt.jpg,1962-12-01,6.4,"['Adventure', 'Family']"
2057,"Incredible Journey, The (1963)",Adventure|Children,37969.0,"The story of three pets, a cat and two dogs, who lose their owners when they are all on vacation. Can they find their way home?",/vOnusK40twHThlxz6sGXVyakATx.jpg,1963-11-20,6.6,"['Adventure', 'Family']"
2058,"Negotiator, The (1998)",Action|Crime|Drama|Mystery|Thriller,9631.0,"The police try to arrest expert hostage negotiator Danny Roman, who insists he's being framed for his partner's murder in what he believes is an elaborate conspiracy. Thinking there's evidence in the Internal Affairs offices that might clear him, he takes everyone in the office hostage and demands that another well-known negotiator be brought in to handle the situation and secretly investigate the conspiracy.",/dUMHEymATOGbs2K3E4dmNSVBgFQ.jpg,1998-07-29,7.106,"['Action', 'Crime', 'Drama', 'Thriller']"
2059,"Parent Trap, The (1998)",Children|Comedy|Romance,9820.0,"Hallie Parker and Annie James are identical twins who were separated at a young age due to their parents' divorce. Unbeknownst to their parents, the girls are sent to the same summer camp, where they meet, discover the truth about their relationship, and come up with a plan to switch places in an effort to reunite their mother and father.",/p4dGmi8u9W0HHyVXcgWPoiFfKTF.jpg,1998-07-28,7.2,"['Comedy', 'Family', 'Romance']"
2060,BASEketball (1998),Comedy,14013.0,"Two losers from Milwaukee, Coop and Remer, invent a new game combining basketball with the rules of baseball. When the game becomes a huge success, they, along with a billionaire's help, form the Professional Baseketball League where everyone gets the same pay and no team can change cities. When a rival owner wants to institute major rule changes, Coop and Remer's team is the only one standing in the way.",/oKZdAUV9XSLp091f0GmtQEu0UZy.jpg,1998-07-28,6.112,['Comedy']
2064,Roger & Me (1989),Documentary,1779.0,"A documentary about the closure of General Motors' plant at Flint, Michigan, which resulted in the loss of 30,000 jobs. Details the attempts of filmmaker Michael Moore to get an interview with GM CEO Roger Smith.",/ePVEnKOMtrIfHZ6wQBfWihTvwqD.jpg,1989-09-01,7.084,"['Documentary', 'History', 'Comedy']"
2065,"Purple Rose of Cairo, The (1985)",Comedy|Drama|Fantasy|Romance,10849.0,"Cecilia is a waitress in New Jersey, living a dreary life during the Great Depression. Her only escape from her mundane reality is the movie theatre. After losing her job, Cecilia goes to see 'The Purple Rose of Cairo' in hopes of raising her spirits, where she watches dashing archaeologist Tom Baxter time and again.",/ccsint43E44B7NGceEhVimD93Yt.jpg,1985-03-01,7.4,"['Fantasy', 'Comedy', 'Romance']"
2066,Out of the Past (1947),Film-Noir,678.0,The peaceful life of a gas station owner is disrupted when a man from his past arrives in town and forces him to return to the dark world he had tried to escape.,/lnUK6Cg5ARM0qaq0B5SG20VAM0h.jpg,1947-11-25,7.7,"['Crime', 'Thriller']"
2067,Doctor Zhivago (1965),Drama|Romance|War,907.0,"The life of a Russian physician and poet who, although married to another, falls in love with a political activist's wife and experiences hardship during World War I and then the October Revolution.",/r0Iv2BiCFYDnzc6uU1q3AJ56igT.jpg,1965-12-22,7.545,"['Drama', 'Romance', 'War']"
2068,Fanny and Alexander (Fanny och Alexander) (1982),Drama|Fantasy|Mystery,5961.0,"As children in the loving Ekdahl family, Fanny and Alexander enjoy a happy life with their parents, who run a theater company. After their father dies unexpectedly, however, the siblings end up in a joyless home when their mother, Emilie, marries a stern bishop. The bleak situation gradually grows worse as the bishop becomes more controlling, but dedicated relatives make a valiant attempt to aid Emilie, Fanny and Alexander.",/q8jlA3Wc1Z987hNKRFA44g5OugC.jpg,1982-12-17,7.8,"['Fantasy', 'Drama', 'Mystery']"
2069,"Trip to Bountiful, The (1985)",Drama,47908.0,"Carrie Watts is living the twilight of her life trapped in an apartment in 1940s Houston, Texas with a controlling daughter-in-law and a hen-pecked son. Her fondest wish – just once before she dies – is to revisit Bountiful, the small Texas town of her youth which she still refers to as ""home.""",/qJ6A6fvp8PLFxxLVPLveFUmTOCG.jpg,1985-12-20,7.2,['Drama']
2070,Tender Mercies (1983),Drama|Romance|Western,42121.0,Alcoholic former country singer Mac Sledge makes friends with a young widow and her son. The friendship enables him to find inspiration to resume his career.,/fBP6uK0K4EnV8dtt4SJQrMdX0wb.jpg,1983-03-04,6.745,"['Drama', 'Music', 'Romance']"
2071,And the Band Played On (1993),Drama,2887.0,The story of the discovery of the AIDS epidemic and the political infighting of the scientific community hampering the early fight with it.,/4fyZ6SZaZuerfZWaIp0niFW7Yar.jpg,1993-09-11,6.5,"['Drama', 'TV Movie']"
2072,"'burbs, The (1989)",Comedy,11974.0,"When secretive new neighbors move in next door, suburbanite Ray Peterson and his friends let their paranoia get the best of them as they start to suspect the newcomers of evildoings and commence an investigation. But it's hardly how Ray, who much prefers drinking beer, reading his newspaper and watching a ball game on the tube expected to spend his vacation.",/jwYKzJS0C3A711hmg1G4ptI0InF.jpg,1989-02-17,6.753,"['Comedy', 'Horror', 'Thriller']"
2073,Fandango (1985),Comedy,20348.0,"In 1971, five college buddies from the University of Texas embark on a final road trip odyssey across the Mexican border before facing up to uncertain futures, in Vietnam and otherwise.",/7hdQUp17uXp8tZJWB8eWh25DWbc.jpg,1985-01-25,6.7,"['Comedy', 'Drama']"
2074,"Night Porter, The (Portiere di notte, Il) (1974)",Crime|Drama|Romance,26648.0,"A concentration camp survivor discovers her former torturer and lover working as a porter at a hotel in postwar Vienna. When the couple attempt to re-create their sadomasochistic relationship, his former SS comrades begin to stalk them.",/zTUYhMdh2Jwk5s9jbrU4mCH3CY4.jpg,1974-04-03,6.713,"['War', 'Drama', 'Romance']"
2075,Mephisto (1981),Drama|War,11911.0,"A German stage actor finds unexpected success and mixed blessings in the popularity of his performance in a Faustian play as the Nazis take power in pre-WWII Germany. As his associates and friends flee or are ground under by the Nazi terror, the popularity of his character supercedes his own existence until he finds that his best performance is keeping up appearances for his Nazi patrons.",/SNJoUTU8PSxQlj3RkrwYGOQPyj.jpg,1981-02-11,7.2,['Drama']
2076,Blue Velvet (1986),Drama|Mystery|Thriller,793.0,"The discovery of a severed human ear found in a field leads a young man on an investigation related to a beautiful, mysterious nightclub singer and a group of psychopathic criminals who have kidnapped her child.",/6v1zYh2FKOYVddY5pCQhd4PO9uX.jpg,1986-09-19,7.606,"['Mystery', 'Thriller', 'Crime']"
2077,"Journey of Natty Gann, The (1985)",Adventure|Children,35144.0,"America is in the depths of the Great Depression. Families drift apart when faraway jobs beckon. A courageous young girl confronts overwhelming odds when she embarks on a cross-country search for her father. During her odyssey, she forms a close bond with two diverse traveling companions: a magnificent, protective wolf, and a hardened drifter.",/z2eHb3ih4k9zannMKn3wmVvYAis.jpg,1985-09-27,6.8,"['Adventure', 'Family', 'Drama']"
2078,"Jungle Book, The (1967)",Animation|Children|Comedy|Musical,9325.0,"The boy Mowgli makes his way to the man-village with Bagheera, the wise panther. Along the way he meets jazzy King Louie, the hypnotic snake Kaa and the lovable, happy-go-lucky bear Baloo, who teaches Mowgli ""The Bare Necessities"" of life and the true meaning of friendship.",/yN1kuupnPTLUprgfvC5WapgrxG4.jpg,1967-10-18,7.277,"['Family', 'Animation', 'Adventure']"
2080,Lady and the Tramp (1955),Animation|Children|Comedy|Romance,10340.0,"Lady, a golden cocker spaniel, meets up with a mongrel dog who calls himself the Tramp. He is obviously from the wrong side of town, but happenings at Lady's home make her decide to travel with him for a while.",/340NcWz9SQXWQyf4oicMxjbrLOb.jpg,1955-06-22,7.118,"['Animation', 'Family', 'Romance', 'Adventure', 'Comedy']"
2081,"Little Mermaid, The (1989)",Animation|Children|Comedy|Musical|Romance,10144.0,This colorful adventure tells the story of an impetuous mermaid princess named Ariel who falls in love with the very human Prince Eric and puts everything on the line for the chance to be with him. Memorable songs and characters -- including the villainous sea witch Ursula.,/plcZXvI310FkbwIptvd6rqk63LP.jpg,1989-11-17,7.4,"['Animation', 'Family', 'Fantasy']"
2082,"Mighty Ducks, The (1992)",Children|Comedy,10414.0,"After reckless young lawyer Gordon Bombay gets arrested for drunk driving, he must coach a kids hockey team for his community service. Gordon has experience on the ice, but isn't eager to return to hockey, a point hit home by his tense dealings with his own former coach, Jack Reilly. The reluctant Gordon eventually grows to appreciate his team, which includes promising young Charlie Conway, and leads them to take on Reilly's tough players.",/zxaCHxKDFNi6frh1Q0dj19L216o.jpg,1992-10-02,6.576,"['Comedy', 'Family', 'Drama', 'Action']"
2083,"Muppet Christmas Carol, The (1992)",Children|Comedy|Musical,10437.0,"A retelling of the classic Dickens tale of Ebenezer Scrooge, miser extraordinaire. He is held accountable for his dastardly ways during night-time visitations by the Ghosts of Christmas Past, Present and Future.",/ssrV29QSVVJuemBHho0Qx7pFYak.jpg,1992-12-11,7.439,"['Music', 'Comedy', 'Family', 'Fantasy', 'Drama']"
2084,Newsies (1992),Children|Musical,15300.0,"A week in the life of the exploited, child newspaper sellers in turn-of-the-century New York. When their publisher, Joseph Pulitzer, tries to squeeze a little more profit out of their labours, they organize a strike, only to be confronted with the Pulitzer's hard-ball tactics.",/8ykmCMHzkRSuJucPYeqGA2ampbp.jpg,1992-04-10,6.7,"['Drama', 'History']"
2085,101 Dalmatians (One Hundred and One Dalmatians) (1961),Adventure|Animation|Children,12230.0,"When a litter of dalmatian puppies are abducted by the minions of Cruella De Vil, the parents must find them before she uses them for a diabolical fashion statement.",/kSlYq6FrBUviGSEh8v4L9nrSnBT.jpg,1961-01-25,7.172,"['Adventure', 'Animation', 'Comedy', 'Family']"
2087,Peter Pan (1953),Animation|Children|Fantasy|Musical,10693.0,"Leaving the safety of their nursery behind, Wendy, Michael and John follow Peter Pan to a magical world where childhood lasts forever. But while in Neverland, the kids must face Captain Hook and foil his attempts to get rid of Peter for good.",/fJJOs1iyrhKfZceANxoPxPwNGF1.jpg,1953-02-05,7.187,"['Animation', 'Family', 'Adventure', 'Fantasy']"
2088,Popeye (1980),Adventure|Comedy|Musical,11335.0,"Popeye is a super-strong, spinach-scarfing sailor man who's searching for his father. During a storm that wrecks his ship, Popeye washes ashore and winds up rooming at the Oyl household, where he meets Olive. Before he can win her heart, he must first contend with Olive's fiancé, Bluto.",/hCCp4pESgYY6uTFARYf4UYV1BdU.jpg,1980-12-12,5.5,"['Action', 'Adventure', 'Comedy', 'Family']"
2089,"Rescuers Down Under, The (1990)",Adventure|Animation|Children,11135.0,"A lawless poacher wants to capture a majestic and rare golden eagle, so he kidnaps the boy who knows where to find the bird. Not to worry -- the Rescue Aid Society's top agents, heroic mice Miss Bianca and Bernard, fly to Australia to save the day. Accompanying the fearless duo are bumbling albatross Wilbur and local field operative Jake the Kangaroo Rat.",/5koTDBmMAkJOgAe4PL4163UKjvG.jpg,1990-11-16,6.6,"['Animation', 'Family', 'Adventure']"
2090,"Rescuers, The (1977)",Adventure|Animation|Children|Crime|Drama,11319.0,Two agents of the mouse-run International Rescue Aid Society search for a little orphan girl kidnapped by sinister treasure hunters.,/9jpDjrRyvv9Nw0piXOpHHQTfxw9.jpg,1977-06-22,6.788,"['Fantasy', 'Family', 'Animation', 'Adventure']"
2091,Return from Witch Mountain (1978),Children|Sci-Fi,14822.0,"Tony and Tia are other-worldly twins endowed with telekinesis. When their Uncle Bene drops them off in Los Angeles for an earthbound vacation, a display of their supernatural skill catches the eye of the nefarious Dr. Gannon and his partner in crime, Letha, who see rich possibilities in harnessing the children's gifts. They kidnap Tony, and Tia gives chase only to find Gannon is using her brother's powers against her.",/2bnmbL5YkqfR3OkQRzgoCf3vs4V.jpg,1978-03-10,5.9,"['Adventure', 'Fantasy', 'Science Fiction', 'Family']"
2092,"Return of Jafar, The (1994)",Adventure|Animation|Children|Fantasy|Musical|Romance,15969.0,"The evil Jafar escapes from the magic lamp as an all-powerful genie, ready to plot his revenge against Aladdin. From battling elusive villains atop winged horses, to dodging flames inside an exploding lava pit, it's up to Aladdin - with Princess Jasmine and the outrageously funny Genie by his side - to save the kingdom once and for all.",/7SC793qtORB6YL4mu0F5o3hfjDQ.jpg,1994-12-15,6.242,"['Family', 'Adventure', 'Animation', 'Romance']"
2093,Return to Oz (1985),Adventure|Children|Fantasy,13155.0,"Dorothy, saved from a psychiatric experiment by a mysterious girl, finds herself back in the land of her dreams, and makes delightful new friends, and dangerous new enemies.",/zKaH6CbrgxNLw9lsEinLxx173Tw.jpg,1985-06-21,6.714,"['Adventure', 'Family', 'Fantasy']"
2094,"Rocketeer, The (1991)",Action|Adventure|Sci-Fi,10249.0,"A stunt pilot comes across a prototype jetpack that gives him the ability to fly. However, evil forces of the world also want this jetpack at any cost.",/2tDFRESFwKww1LHRE8W1Exj9edH.jpg,1991-06-21,6.465,"['Action', 'Adventure', 'Science Fiction', 'Family']"
2095,"Shaggy D.A., The (1976)",Children|Comedy,15943.0,"Wilby Daniels, a successful lawyer running for District Attorney, suddenly finds himself being transformed into an English sheepdog. Somehow he has to keep his change a secret and find just what is causing it, all the while eluding the local dog catcher.",/4RdTXlf06wFCQ0gAkeOljtw1dFY.jpg,1976-12-17,5.8,"['Comedy', 'Family', 'Fantasy']"
2096,Sleeping Beauty (1959),Animation|Children|Musical,10882.0,"Cursed to die by the evil fairy Maleficent when she was a baby, Princess Aurora is sent into hiding under protection from three good fairies. As she grows up far away, Maleficent becomes increasingly determined to seal the princess's fate.",/n3pxoMDDxp10c1smgbDzW4bwlzq.jpg,1959-02-17,6.939,"['Fantasy', 'Animation', 'Romance', 'Family']"
2097,Something Wicked This Way Comes (1983),Children|Drama|Fantasy|Mystery|Thriller,24808.0,"In a small American town, a diabolical circus arrives, granting wishes for the townsfolk, but twisted as only the esteemed Mr. Dark can make them. Can two young boys overcome the worst the devil himself can deal out?",/94dMO6kAawyFUk0sCDGIjAnchED.jpg,1983-04-29,6.403,"['Fantasy', 'Mystery', 'Thriller']"
2098,Son of Flubber (1963),Children|Comedy,19762.0,"Beleaguered professor Ned Brainard has already run into a pile of misfortunes with his discovery of the super-elastic substance ""Flubber."" Now he hopes to have better luck with a gravity-busting derivative he's dubbed ""Flubbergas."" Ned's experiments, constantly hampered by government obstruction, earn the consternation of his wife, Betsy. But a game-winning modification to a football uniform may help Ned make the case for his fantastic new invention.",/9k3DwDpQeLN4sZ7hWnWII9DcQXA.jpg,1963-01-16,6.0,"['Comedy', 'Family', 'Science Fiction']"
2099,Song of the South (1946),Adventure|Animation|Children|Musical,13850.0,Uncle Remus draws upon his tales of Br'er Rabbit to help little Johnny deal with his confusion over his parents' separation as well as his new life on the plantation.,/lFlWpfcw8TCmZ88jw6e943vEbtu.jpg,1946-11-12,6.5,"['Family', 'Animation']"
2100,Splash (1984),Comedy|Fantasy|Romance,2619.0,"A successful businessman falls in love with the girl of his dreams. There's one big complication though; he's fallen hook, line and sinker for a mermaid.",/7FutTsMWBwVhjk1Ujf1wtndUVZh.jpg,1984-03-09,6.253,"['Comedy', 'Romance', 'Fantasy']"
2102,Steamboat Willie (1928),Animation|Children|Comedy|Musical,53565.0,"Mickey Mouse, piloting a steamboat, delights his passenger, Minnie Mouse, by making musical instruments out of the menagerie on deck.",/ybR0RzVkF9OLEsQHfYMDVgjrmH8.jpg,1928-05-15,7.3,"['Animation', 'Comedy']"
2103,Tall Tale (1995),Adventure|Children|Fantasy|Western,41841.0,"A young boy draws on the inspiration of legendary western characters to find the strength to fight an evil land baron in the old west who wants to steal his family's farm and destroy their idyllic community. When Daniel Hackett sees his father Jonas gravely wounded by the villainous Stiles, his first urge is for his family to flee the danger, and give up their life on a farm which Daniel has come to despise anyway. Going alone to a lake to try to decide what to do, he falls asleep on a boat and wakes to find himself in the wild west, in the company of such ""tall tale"" legends as Pecos Bill, Paul Bunyan, John Henry and Calamity Jane. Together, they battle the same villains Daniel is facing in his ""real"" world, ending with a heroic confrontation in which the boy stands up to Stiles and his henchmen, and rallies his neighbors to fight back against land grabbers who want to destroy their town.",/di43EvahPBbdTgZrBxx8yZjvFu8.jpg,1995-03-24,6.2,"['Adventure', 'Family', 'Western']"
2104,Tex (1982),Drama,27332.0,"After their mother dies and their father leaves them, teenage brothers Tex and Mason McCormick struggle to make it on their own.",/j9p9IHzjRNoswTPqWpUiOisHuEs.jpg,1982-07-30,6.1,['Drama']
2105,Tron (1982),Action|Adventure|Sci-Fi,97.0,"When brilliant video game maker Flynn hacks the mainframe of his ex-employer, he is beamed inside an astonishing digital world and becomes part of the very game he is designing. In his mission through cyberspace, Flynn matches wits with a maniacal Master Control Program and teams up with Tron, a security measure created to bring balance to the digital environment.",/jigY9B6TKz4qlfikZcd18qtzTK4.jpg,1982-07-09,6.6,"['Science Fiction', 'Action', 'Adventure']"
2106,Swing Kids (1993),Drama|War,10419.0,"The story of a close-knit group of young kids in Nazi Germany who listen to banned swing music from the US. Soon dancing and fun leads to more difficult choices as the Nazis begin tightening the grip on Germany. Each member of the group is forced to face some tough choices about right, wrong, and survival.",/o85xTgX5ByDewuYo5yOLIsP02CX.jpg,1993-03-05,6.651,"['Music', 'Drama']"
2107,Halloween H20: 20 Years Later (Halloween 7: The Revenge of Laurie Strode) (1998),Horror|Thriller,11675.0,"Two decades after surviving a massacre on October 31, 1978, former baby sitter Laurie Strode finds herself hunted by persistent knife-wielder Michael Myers. Laurie now lives in Northern California under an assumed name, where she works as the headmistress of a private school. But it's not far enough to escape Myers, who soon discovers her whereabouts. As Halloween descends upon Laurie's peaceful community, a feeling of dread weighs upon her -- with good reason.",/lqLXUm3oK59sGJKRH2Zjj2m3iMg.jpg,1998-08-05,6.044,"['Horror', 'Thriller']"
2108,L.A. Story (1991),Comedy|Romance,2107.0,"With the help of a talking freeway billboard, a ""wacky weatherman"" tries to win the heart of an English newspaper reporter, who is struggling to make sense of the strange world of early-90s Los Angeles.",/At97val6UZyQoQtmH1b2Pe7bWqG.jpg,1991-02-08,6.509,"['Comedy', 'Fantasy', 'Romance']"
2109,"Jerk, The (1979)",Comedy,6471.0,"After discovering he's not really black like the rest of his family, likable dimwit Navin Johnson sets off on a hilarious misadventure that takes him from rags to riches and back again. The slaphappy jerk strikes it rich, but life in the fast lane isn't all it's cracked up to be and, in the end, all that really matters to Johnson is his true love.",/mIjOWtUofyt9Jawge7FbvITjU3D.jpg,1979-12-14,6.892,['Comedy']
2110,Dead Men Don't Wear Plaid (1982),Comedy|Crime|Thriller,9442.0,"Juliet Forrest is convinced that the reported death of her father in a mountain car crash was no accident. Her father was a prominent cheese scientist working on a secret recipe. To prove it was murder, she enlists the services of private eye Rigby Reardon. He finds a slip of paper containing a list of people who are 'The Friends and Enemies of Carlotta'.",/cwYwZBEE73PakUWzbICzxYKlXAz.jpg,1982-05-21,6.7,"['Comedy', 'Mystery', 'Crime']"
2111,"Man with Two Brains, The (1983)",Comedy,11591.0,"A brain surgeon marries a femme fatale, causing his life to turn upside down. Things go more awry when he falls in love with a talking brain.",/jSnGiPE17sgicRyTPrE6UB0pnEU.jpg,1983-06-10,6.212,"['Comedy', 'Science Fiction']"
2112,Grand Canyon (1991),Crime|Drama,13697.0,Grand Canyon revolved around six residents from different backgrounds whose lives intertwine in modern-day Los Angeles. At the center of the film is the unlikely friendship of two men from different races and classes brought together when one finds himself in jeopardy in the other's rough neighborhood.,/gpqLukoUXAXkyMZ0jPSuAbWf5Nx.jpg,1991-12-25,6.4,"['Drama', 'Crime', 'Comedy']"
2114,"Outsiders, The (1983)",Drama,227.0,"In 1960s Tulsa, class divisions ignite a violent rivalry between the working-class Greasers and the privileged Socs. When a deadly encounter forces two Greasers, Ponyboy and Johnny, to flee, their struggle for survival and redemption exposes the fragile innocence and enduring bonds of youth on the wrong side of town.",/l9os0HcXY8BOkvUWAx4rvby3j6L.jpg,1983-03-25,7.19,"['Crime', 'Drama']"
2115,Indiana Jones and the Temple of Doom (1984),Action|Adventure|Fantasy,87.0,"After arriving in India, Indiana Jones is asked by a desperate village to find a mystical stone. He agrees – and stumbles upon a secret cult plotting a terrible plan in the catacombs of an ancient palace.",/gpdVNUaa4LhRMLfJOPj1AZdhAZ3.jpg,1984-05-23,7.305,"['Adventure', 'Action']"
2116,"Lord of the Rings, The (1978)",Adventure|Animation|Children|Fantasy,123.0,"Young Hobbit Frodo Baggins is thrown into an amazing adventure when he's tasked with destroying the One Ring, created by the dark lord Sauron. Frodo must travel in a small fellowship of nine warriors and accomplices. But it won't be an easy journey for the Fellowship of the Ring, on the ultimate quest to rid Middle-earth of evil.",/liW0mjvTyLs7UCumaHhx3PpU4VT.jpg,1978-11-15,6.6,"['Adventure', 'Animation', 'Fantasy']"
2117,1984 (Nineteen Eighty-Four) (1984),Drama|Sci-Fi,9314.0,"Imagine a world where absolute conformity rules, and word and thought, including loyalty to Big Brother is demanded. It's the year 1984 and such a world exists. Divided into three vast states, whose inhabitants are dominated by all powerful governments, an illegal love affair begins. Soon, worker drone Winston becomes the target of a brain-washing campaign to force him back to conformity.",/hrdQlicxuyTg3zyVqq78EsA4Z6J.jpg,1984-11-09,6.8,"['Drama', 'Science Fiction']"
2118,"Dead Zone, The (1983)",Thriller,11336.0,"Johnny Smith is a schoolteacher with his whole life ahead of him but, after leaving his fiancee's home one night, is involved in a car crash which leaves him in a coma for 5 years. When he wakes, he discovers he has an ability to see into the past, present and future life of anyone with whom he comes into physical contact.",/9yTVaeS8eIkOpbwIycVFm7EQrgF.jpg,1983-10-21,7.01,"['Thriller', 'Horror', 'Science Fiction']"
2119,Maximum Overdrive (1986),Horror,9980.0,"When a comet passes close to the earth, machines all over the world come alive and go on homicidal rampages. A group of people at a desolate truck stop are held hostage by a gang of murderous 18-wheelers. The frightened people set out to defeat the killer machines…Or be killed by them.",/8pGYesuatPnMS8lhS4NvwiDjKbG.jpg,1986-07-13,5.8,"['Horror', 'Action', 'Science Fiction', 'Comedy']"
2120,Needful Things (1993),Drama|Horror,10657.0,"A mysterious new shop opens in a small town which always seems to stock the deepest desires of each shopper, with a price far heavier than expected.",/9RxE6kd1ky4689WxqX6CHEpIWya.jpg,1993-08-27,6.239,"['Drama', 'Horror']"
2121,Cujo (1983),Horror|Thriller,10489.0,"A friendly St. Bernard named ""Cujo"" contracts rabies and conducts a reign of terror on a small American town.",/uNBt2YxrQdyOjnm2rDQ5QiCmQ0K.jpg,1983-08-10,6.2,"['Horror', 'Thriller']"
2122,Children of the Corn (1984),Horror|Thriller,10823.0,A traveling couple end up in an abandoned Nebraska town inhabited by a cult of murderous children who worship a demon that lives in the local cornfields.,/jJTrFHu3rjAgP1lryKGEsC9hqyM.jpg,1984-03-09,5.734,"['Horror', 'Thriller']"
2123,All Dogs Go to Heaven (1989),Animation|Children|Comedy|Drama|Fantasy,11497.0,"When a casino-owning dog named Charlie is murdered by his rival Carface, he finds himself in Heaven. Wanting to get back at his killer, he cons his way back to the living with the warning that doing so damns him to Hell. Once back, he teams with his old partner, Itchy, to prep his retaliation. He stumbles upon an orphan girl who can talk to the animals, thus allowing him to get the inside info on the races to ensure his wins to finance his plans. However, all the while, he is still haunted by nightmares of what's waiting for him on the other side unless he can prove that he is worthy of Heaven again.",/nmWh1NglDinfkHD9zCNqGWyhl7Q.jpg,1989-11-17,6.8,"['Drama', 'Animation', 'Family', 'Comedy', 'Fantasy']"
2124,"Addams Family, The (1991)",Children|Comedy|Fantasy,2907.0,"When a man claiming to be long-lost Uncle Fester reappears after 25 years lost, the family plans a celebration to wake the dead. But the kids barely have time to warm up the electric chair before Morticia begins to suspect Fester is fraud when he can't recall any of the details of Fester's life.",/qFf8anju5f2epI0my8RdwwIXFIP.jpg,1991-11-22,7.064,"['Comedy', 'Fantasy']"
2125,Ever After: A Cinderella Story (1998),Comedy|Drama|Romance,9454.0,"Danielle, a vibrant young woman, was forced into servitude after the death of her father when she was a young girl. Danielle's stepmother, Rodmilla, is a heartless woman who forces Danielle to do the cooking and cleaning, while she tries to marry off the eldest of her two daughters to the prince. But Danielle's life takes a wonderful turn when, under the guise of a visiting royal, she meets the charming Prince Henry.",/9TspO5dThMBioF0DFrvy6YqrngH.jpg,1998-07-31,7.426,"['Drama', 'Romance', 'Comedy']"
2126,Snake Eyes (1998),Action|Crime|Mystery|Thriller,8688.0,"All bets are off when shady homicide cop Rick Santoro witnesses a murder during a boxing match. Determined to solve the crime, he quickly learns that his search for answers will only uncover yet more questions in an ever-widening web of conspiracy, intrigue, and danger.",/gsh9mQKRrr4M90XC9Rr0wxefc9u.jpg,1998-08-07,6.2,"['Crime', 'Mystery', 'Thriller']"
2130,Atlantic City (1980),Crime|Drama|Romance,23954.0,"In a corrupt city, a small-time gangster and the estranged wife of a pot dealer find themselves thrown together in an escapade of love, money, drugs and danger.",/t7COhy9HkznR0gcdhTNwtHmBN31.jpg,1980-09-03,6.8,"['Crime', 'Drama', 'Romance']"
2131,Autumn Sonata (Höstsonaten) (1978),Drama,12761.0,"After a seven-year absence, Charlotte Andergast travels to Sweden to reunite with her daughter Eva. The pair have a troubled relationship: Charlotte sacrificed the responsibilities of motherhood for a career as a classical pianist. Over an emotional night, the pair reopen the wounds of the past. Charlotte gets another shock when she finds out that her mentally impaired daughter, Helena, is out of the asylum and living with Eva.",/6beNbtCXv3GkzHkxkGYf38ib7v8.jpg,1978-10-08,8.0,['Drama']
2132,Who's Afraid of Virginia Woolf? (1966),Drama,396.0,"A history professor and his wife entertain a young couple who are new to the university's faculty. As the drinks flow, secrets come to light, and the middle-aged couple unload onto their guests the full force of the bitterness, dysfunction, and animosity that defines their marriage.",/wF7ihB5V5gSm6zxjv3ZhHOpgREI.jpg,1966-06-22,7.695,['Drama']
2133,Adventures in Babysitting (1987),Adventure|Comedy,14367.0,"When plans with her boyfriend fall through, high school senior Chris Parker ends up babysitting the Anderson kids, Brad and Sara. What should be a quiet night in, however, turns into a series of ridiculous exploits, starting when they leave the house to pick up Chris' friend Brenda. Soon, Brad's buddy Daryl is involved, and the group must contend with car thieves, blues musicians and much more.",/8QiAj0Xw2UMeZMIIfZKeNoIsszs.jpg,1987-07-01,6.855,['Comedy']
2134,Weird Science (1985),Comedy|Fantasy|Sci-Fi,11814.0,"Two unpopular teenagers, Gary and Wyatt, fail at all attempts to be accepted by their peers. Their desperation to be liked leads them to ""create"" a woman via their computer. Their living and breathing creation is a gorgeous woman, Lisa, whose purpose is to boost their confidence level by putting them into situations which require Gary and Wyatt to act like men.",/jaEauZd2joSAKn42D83gm3S0y3F.jpg,1985-08-01,6.537,"['Comedy', 'Fantasy', 'Science Fiction', 'Romance']"
2135,Doctor Dolittle (1967),Adventure|Children|Musical,16081.0,A veterinarian who can communicate with animals travels abroad to search for a giant sea snail.,/rViuZo27U8wcZHGuRliv9LfmhjV.jpg,1967-12-05,6.2,"['Music', 'Family', 'Comedy', 'Fantasy']"
2136,"Nutty Professor, The (1963)",Comedy|Sci-Fi,18331.0,"A timid, nearsighted chemistry teacher discovers a magical potion that can transform him into a suave and handsome Romeo. The Jekyll and Hyde game works well enough until the concoction starts to wear off at the most embarrassing times.",/a3lzU19j7WGfyXVDfPMdh8DAkru.jpg,1963-06-04,6.51,"['Comedy', 'Science Fiction', 'Romance']"
2137,Charlotte's Web (1973),Animation|Children,15171.0,"Wilbur the pig is scared of the end of the season, because he knows that come that time, he will end up on the dinner table. He hatches a plan with Charlotte, a spider that lives in his pen, to ensure that this will never happen.",/eLq5bed09bkNVjUfknlbSil2cfR.jpg,1973-03-01,6.84,"['Family', 'Animation', 'Drama']"
2138,Watership Down (1978),Adventure|Animation|Children|Drama|Fantasy,11837.0,"When the warren belonging to a community of rabbits is threatened, a brave group led by Fiver, Bigwig, Blackberry and Hazel leave their homeland in a search of a safe new haven.",/q9ZcNxfquJbMTd6UfhAlJbmLBts.jpg,1978-10-14,7.205,"['Adventure', 'Animation', 'Drama']"
2139,"Secret of NIMH, The (1982)",Adventure|Animation|Children|Drama,11704.0,"A widowed field mouse must move her family -- including an ailing son -- to escape a farmer's plow. Aided by a crow and a pack of superintelligent, escaped lab rats, the brave mother struggles to transplant her home to firmer ground.",/prNrnOKlkV9wl5Sl3zwHu1f3t2z.jpg,1982-06-17,7.452,"['Family', 'Animation', 'Fantasy', 'Adventure', 'Mystery']"
2140,"Dark Crystal, The (1982)",Adventure|Fantasy,11639.0,"On another planet in the distant past, a Gelfling embarks on a quest to find the missing shard of a magical crystal and restore order to his world, before the grotesque race of Skeksis find and use the crystal for evil.",/fZPxRaa6gvCyGCh9Xk5kyPqz7fp.jpg,1982-12-17,7.128,"['Adventure', 'Family', 'Fantasy']"
2141,"American Tail, An (1986)",Adventure|Animation|Children|Comedy,4978.0,"A young mouse named Fievel and his family decide to migrate to America, a ""land without cats,"" at the turn of the 20th century. But somehow, Fievel ends up in the New World alone and must fend off not only the felines he never thought he'd have to deal with again but also the loneliness of being away from home.",/wjhUy9af89vc9CviKcPgTNTrmIq.jpg,1986-11-21,6.749,"['Animation', 'Comedy', 'Adventure', 'Drama', 'Family']"
2142,"American Tail: Fievel Goes West, An (1991)",Adventure|Animation|Children|Musical|Western,10380.0,"Some time after the Mousekewitz's have settled in America, they find that they are still having problems with the threat of cats. That makes them eager to try another home out in the west, where they are promised that mice and cats live in peace. Unfortunately, the one making this claim is an oily con artist named Cat R. Waul who is intent on his own sinister plan.",/k4aLupAkHWwHiEDwvqsZFAnUYF.jpg,1991-11-21,6.3,"['Animation', 'Family', 'Western', 'Adventure', 'Comedy']"
2143,Legend (1985),Adventure|Fantasy|Romance,11976.0,"Set in a timeless mythical forest inhabited by fairies, goblins, unicorns and mortals, this fantastic story follows a mystical forest dweller, chosen by fate, to undertake a heroic quest. He must save the beautiful Princess  Lili and defeat the demonic Lord of Darkness, or the world will be plunged into a never-ending ice age.",/6n3PQSYpZRK5YPk2w8JEwED7AZk.jpg,1985-08-28,6.241,"['Adventure', 'Fantasy']"
2144,Sixteen Candles (1984),Comedy|Romance,15144.0,"With the occasion all but overshadowed by her sister's upcoming wedding, angst-ridden Samantha faces her 16th birthday with typical adolescent dread. Samantha pines for studly older boy Jake, but worries that her chastity will be a turnoff for the popular senior. Meanwhile, she must constantly rebuff the affections of nerdy Ted, who is unfortunately the only boy in school who seems to take an interest in her.",/A3WGCAgJF33kZdlxUdyXHYdbYax.jpg,1984-05-04,6.754,"['Comedy', 'Romance']"
2145,Pretty in Pink (1986),Comedy|Drama|Romance,11522.0,"Andie is an outcast, hanging out either with her older boss, who owns the record store where she works, or her quirky high school classmate Duckie, who has a crush on her. When one of the rich and popular kids at school, Blane, asks Andie out, it seems too good to be true. As Andie starts falling for Blane, she begins to realize that dating someone from a different social sphere is not easy.",/jeFJyzJBufJexpOuywuPp8q2tCJ.jpg,1986-02-28,6.699,"['Romance', 'Drama']"
2146,St. Elmo's Fire (1985),Drama|Romance,11557.0,"Reluctant to let go of college life, a close-knit team of seven friends--irresponsible saxophone player Billy, young Republican Alec, his girlfriend Leslie, struggling journalist Kevin, drama queen Jules, lovesick waiter Kirby, and Wendy, a social worker with a heart of gold--realise the party is over. And as the burdens of maturity close in on the young dreamers, the complexities of adulthood and the daily struggle of growing up put their sacred friendship to the test. But everyone knows life is not a bed of roses. It won't be easy, but when all is said and done, what will it take for St. Elmo's clique to find its place in the real world?",/g2SL3XHJas7hebZ2hhTrYLpKToD.jpg,1985-06-28,6.118,"['Drama', 'Romance', 'Comedy']"
2147,"Clan of the Cave Bear, The (1986)",Adventure|Drama|Fantasy,13853.0,"Natural changes have the clans moving. Iza, medicine woman of the ""Clan of the Cave Bear"" finds little Ayla from the ""others""' clan - tradition would have the clan kill Ayla immediately, but Iza insists on keeping her. When the little one finds a most needed new cave, she's allowed to stay - and thrive.",/jbftdduVujKeoib5fwDBbEMamdj.jpg,1986-01-17,5.2,"['Adventure', 'Drama']"
2148,House (1986),Comedy|Fantasy|Horror,11415.0,"Roger Cobb, a divorced horror novelist coming to terms with the disappearance of his young son, inherits an old mansion home to malevolent supernatural residents.",/jhfbMS620H29FK0miTk8TCgMK9w.jpg,1985-12-06,6.2,"['Comedy', 'Horror', 'Fantasy']"
2149,House II: The Second Story (1987),Comedy|Fantasy|Horror,37530.0,"Jesse moves into an old family property where his parents were mysteriously murdered years before. He soon finds himself with unexpected guests in the form of his mummified great-great grandfather, a mystical crystal skull, and a zombie cowboy.",/o58So9NfjKPITUQhQdpCUdTi9Vn.jpg,1987-05-14,5.537,"['Fantasy', 'Horror', 'Comedy']"
2150,"Gods Must Be Crazy, The (1980)",Adventure|Comedy,8393.0,A Coca-Cola bottle dropped from an airplane raises havoc among a normally peaceful tribe of African bushmen who believe it to be a utensil of the gods.,/wntGWN2mpeS3QaUm1PTKAcTM9K7.jpg,1980-09-10,7.259,"['Action', 'Comedy']"
2151,"Gods Must Be Crazy II, The (1989)",Comedy,11937.0,"Xixo is back again. This time, his children accidentally stow away on a fast-moving poachers' truck, unable to get off, and Xixo sets out to rescue them. Along the way, he encounters a couple of soldiers trying to capture each other and a pilot and passenger of a small plane, who are each having a few problems of their own.",/sxPpBTB2Rd5PHs97E2zn0t9GCSp.jpg,1989-07-01,7.07,"['Action', 'Comedy']"
2152,Air Bud: Golden Receiver (1998),Children|Comedy,21661.0,Josh and Buddy move from basketball to football in this first of several sequels to the original Air Bud.,/y3ohh9NyWx2oj2op1dfrkwJMeFE.jpg,1998-08-14,5.1,"['Comedy', 'Family']"
2153,"Avengers, The (1998)",Action|Adventure,9320.0,"British Ministry agent John Steed, under direction from ""Mother"", investigates a diabolical plot by arch-villain Sir August de Wynter to rule the world with his weather control machine. Steed investigates the beautiful Doctor Mrs. Emma Peel, the only suspect, but simultaneously falls for her and joins forces with her to combat Sir August.",/1p5thyQ4pCy876HpdvFARqJ62N9.jpg,1998-08-13,4.4,"['Action', 'Adventure', 'Thriller', 'Science Fiction', 'Comedy']"
2154,How Stella Got Her Groove Back (1998),Drama|Romance,33644.0,"Through good times and bad, Stella and Delilah have always had each other. Now, Stella's so busy building a life that she's forgotten how to really live. But Delilah is about to change all that. What starts as a quick trip to Jamaica, ends as an exhilarating voyage of self discovery as Stella learns to open her heart and find love – even if it's with a man 20 years her junior.",/ygmuaJDLYxWJo8eNhq0A63hagrQ.jpg,1998-08-14,5.8,"['Drama', 'Comedy', 'Romance']"
2155,"Slums of Beverly Hills, The (1998)",Comedy|Drama,14662.0,"In 1976, a lower-middle-class teenager struggles to cope living with her neurotic family of nomads on the outskirts of Beverly Hills.",/bTY6I0Mju4vTRHGoTZrNtxtAlAO.jpg,1998-08-14,6.3,"['Comedy', 'Drama']"
2156,"Best Man, The (Testimone dello sposo, Il) (1998)",Comedy|Drama|Romance,125124.0,"Incredibly, the bride at the altar falls in love with the best man on first sight, and even though he makes efforts to avoid her infatuation with him, she is determined to annul her marriage and marry the best man. And although she is able to dissolve her marriage, because she has never consummated it, the best man leaves... only to return to her many months later.",/it3TqsjG19roZJTM1zbogEj10Mg.jpg,1997-10-28,7.3,['Comedy']
2159,Henry: Portrait of a Serial Killer (1986),Crime|Horror|Thriller,10692.0,"Arriving in Chicago, Henry moves in with ex-con acquaintance Otis and starts schooling him in the ways of the serial killer.",/diVMzTarVLgjc3jyODyhZMadfwD.jpg,1986-09-24,6.738,"['Crime', 'Horror', 'Thriller', 'Drama']"
2160,Rosemary's Baby (1968),Drama|Horror|Thriller,805.0,"A young couple, Rosemary and Guy, moves into an infamous New York apartment building, known by frightening legends and mysterious events, with the purpose of starting a family.",/uYgvlHceRFjAFbsNeMInYcLZLUb.jpg,1968-06-12,7.819,"['Drama', 'Horror', 'Thriller']"
2161,"NeverEnding Story, The (1984)",Adventure|Children|Fantasy,34584.0,"While hiding from bullies in his school's attic, a young boy discovers the extraordinary land of Fantasia, through a magical book called The Neverending Story. The book tells the tale of Atreyu, a young warrior who, with the help of a luck dragon named Falkor, must save Fantasia from the destruction of The Nothing.",/lWJC8om086h01f0CMGR9ombdpnI.jpg,1984-04-06,7.212,"['Adventure', 'Fantasy', 'Family', 'Drama']"
2162,"NeverEnding Story II: The Next Chapter, The (1990)",Adventure|Children|Fantasy,34636.0,"Once again, Bastian is transported to the world of Fantasia which he recently managed to save from destruction. However, the land is now being destroyed by an evil sorceress, Xayide, so he must join up with Atreyu and face the Emptiness once more.",/bRSLCuO2B6owYBtUwGYGqWZCVo6.jpg,1990-10-25,5.78,"['Family', 'Fantasy', 'Adventure', 'Drama']"
2163,Attack of the Killer Tomatoes! (1978),Comedy|Horror,2182.0,"After a wave of reports of mysterious attacks involving people and pets being eaten by the traditionally docile fruit, a special government task force is set up to investigate the violent fruit and put a stop to their murderous spree.",/flCZ7TcuFsT8K5pz6vDZ0Gjk7Nu.jpg,1978-10-04,5.0,"['Comedy', 'Horror', 'Science Fiction']"
2164,Surf Nazis Must Die (1987),Action|Comedy|Drama|Horror,28070.0,"When a Black oil well worker is killed by a band of California neo-Nazis, his gun-wielding grandmother busts out of her retirement home to avenge him.",/gVECT5DHulQJyo9oqS1tdDSGowI.jpg,1987-07-03,3.9,"['Action', 'Comedy', 'Horror']"
2165,Your Friends and Neighbors (1998),Comedy|Drama,77469.0,"Restless and unhappy, two couples get caught up in infidelity and deception. Barry is a sullen businessman married to Mary, a writer who is unsatisfied with their relationship. Mary begins an affair with Jerry, a smug theater professor and husband of her friend, Terri, who is also a writer. Adding to the adulterous mix are Cary, a callous doctor, and Cheri, an art-gallery assistant.",/aEocqXBt4P6E8cWH00nPNu1Wsfj.jpg,1998-08-19,5.8,"['Drama', 'Comedy']"
2166,Return to Paradise (1998),Crime|Drama|Romance|Thriller,10278.0,"Lewis, Sheriff and Tony are three friends vacationing in Malaysia. Sheriff and Tony eventually leave to pursue careers in New York, but Lewis stays behind to work with orangutans. Two years later, Sheriff and Tony learn that, because of their past actions, Lewis has been arrested for drug possession. With Lewis facing a death sentence, the friends are left with a difficult decision: return to Malaysia and split Lewis' sentence, or let him die.",/t4lmZtx1zLUijwO2oHHEbUQ7j41.jpg,1998-08-10,6.5,"['Drama', 'Thriller', 'Romance']"
2167,Blade (1998),Action|Horror|Thriller,36647.0,"The Daywalker known as ""Blade"" - a half-vampire, half-mortal man - becomes the protector of humanity against an underground army of vampires.",/oWT70TvbsmQaqyphCZpsnQR7R32.jpg,1998-08-21,6.824,"['Horror', 'Action']"
2169,Dead Man on Campus (1998),Comedy,14557.0,"Two college roommates venture out to identify a fellow student, who is most likely to commit suicide as it will help them pass the semester.",/mTr7ARy7lj8ggvg6snLWDo3CnEu.jpg,1998-08-21,5.4,['Comedy']
2170,Wrongfully Accused (1998),Action|Comedy,9417.0,"Ryan Harrison, a violin god, superstar and sex symbol does not want to cheat on sexy Lauren Goodhue's husband with her. Mr. Goodhue is found murdered and Ryan suddenly finds himself being the main suspect. After being sentenced to death he manages to flee while being transferred to his execution site. Now, all the world is after him as he stumbles from one unfortunate incident to the next in order to prove himself innocent - by finding a mysterious one-eyed, one-armed, one-legged man...",/6FG3aldS4eVD4baKwmAi9P8kdRS.jpg,1998-07-23,6.0,"['Action', 'Adventure', 'Comedy']"
2171,Next Stop Wonderland (1998),Comedy|Drama|Romance,41469.0,"Dumped by her loser boyfriend, Erin's love life hits rock bottom when her overbearing mother places an embarrassing ad in the ""personals"" section of a local newspaper on her behalf. Erin's disgust turns to curiosity as she searches for the right guy in a hilarious series of disastrous dates. Meanwhile, a lonely ex-plumber named Alan clumsily searches for his dream job while narrowly missing one chance meeting with Erin after another.",/e6bEY3XUUESEk8me3VUfMAOiLON.jpg,1998-08-21,5.9,"['Comedy', 'Drama', 'Romance']"
2172,"Strike! (a.k.a. All I Wanna Do, The Hairy Bird) (1998)",Comedy|Drama,19381.0,"In the 1960s, a group of friends at an all girls school learn that their school is going to be combined with a nearby all boys school. They concoct a plan to save their school while dealing with everyday problems along the way.",/cCr8mLqIVkbjBNs1uaZPvkXYnWA.jpg,1998-08-21,6.298,"['Drama', 'Comedy']"
2174,Beetlejuice (1988),Comedy|Fantasy,4011.0,A newly dead New England couple seeks help from a deranged demon exorcist to scare an affluent New York family out of their home.,/nnl6OWkyPpuMm595hmAxNW3rZFn.jpg,1988-03-30,7.369,"['Fantasy', 'Comedy']"
2175,Déjà Vu (1997),Drama|Romance,161795.0,"L.A. shop owner Dana and Englishman Sean meet and fall in love at first sight, but Sean is married and Dana is to marry her business partner Alex.",/1fAIdDUVhQaqBr4lVPOeEiNPA3l.jpg,1998-04-22,5.2,"['Romance', 'Drama']"
2176,Rope (1948),Crime|Drama|Thriller,1580.0,Two young men attempt to prove they committed the perfect murder by hosting a dinner party for the family of a classmate they just strangled to death.,/9ar6rxLDB8kagAnXZKn6h9smscr.jpg,1948-02-01,7.932,"['Thriller', 'Crime', 'Drama']"
2177,Family Plot (1976),Comedy|Thriller,5854.0,Spiritualist Blanche Tyler and her cab-driving boyfriend encounter a pair of serial kidnappers while trailing a missing heir in California.,/k4ha3GUNDJ864gx81e91kvp97aW.jpg,1976-04-09,6.8,"['Comedy', 'Crime', 'Thriller', 'Mystery']"
2178,Frenzy (1972),Thriller,573.0,"London is terrorized by a vicious sex killer known as The Necktie Murderer. Following the brutal slaying of his ex-wife, down-on-his-luck Richard Blaney is suspected by the police of being the killer. He goes on the run, determined to prove his innocence.",/4SFvqrlSigAt9tnhXFSMyKeJWQk.jpg,1972-05-25,7.101,"['Crime', 'Thriller', 'Horror']"
2179,Topaz (1969),Thriller,2370.0,"Copenhagen, Denmark, 1962. When a high-ranking Soviet official decides to change sides, a French intelligence agent is caught up in a cold, silent and bloody spy war in which his own family will play a decisive role.",/8u7vxykCVZoaxNocLbpstv3IFNK.jpg,1969-12-17,6.01,"['Drama', 'Thriller']"
2180,Torn Curtain (1966),Thriller,5780.0,"During the Cold War, an American scientist appears to defect to East Germany as part of a cloak and dagger mission to find the formula for a resin solution—but the plan goes awry when his fiancee, unaware of his motivation, follows him across the border.",/7XC1l9eP2TBYMEdA4KRUqKAFmbm.jpg,1966-07-14,6.6,['Thriller']
2181,Marnie (1964),Drama|Mystery|Romance|Thriller,506.0,"Marnie is a beautiful but emotionally withdrawn thief, stealing from employers before disappearing under new identities. When her new boss, Mark Rutland, discovers her secret, his fascination turns to obsession, and he blackmails her into marriage, convinced he can cure her. But as he probes deeper into Marnie’s fractured mind, long-buried fears and compulsions begin to surface.",/nRRy4VO2A3Py7wiZBPz11PAlogp.jpg,1964-07-17,7.1,"['Thriller', 'Mystery', 'Romance']"
2182,"Wrong Man, The (1956)",Drama|Film-Noir|Thriller,22527.0,"In 1953, an innocent man named Christopher Emmanuel ""Manny"" Balestrero is arrested after being mistaken for an armed robber.",/pO5XR2R56RAbVjdks9gGGn0fbOa.jpg,1956-12-22,7.141,"['Crime', 'Drama']"
2183,"Man Who Knew Too Much, The (1956)",Adventure|Drama|Mystery|Thriller,574.0,"An American doctor and his wife, a former singing star, witness a murder while vacationing in Morocco, and are drawn into a twisting plot of international intrigue when their young son is kidnapped.",/gy8YBRjCQRIT9x9G9F5fpnFD4xw.jpg,1956-05-16,7.4,"['Thriller', 'Mystery']"
2184,"Trouble with Harry, The (1955)",Comedy|Mystery,11219.0,"The trouble with Harry is that he’s dead. In a quiet Vermont village, a corpse creates unexpected chaos as several townspeople each believe they may be to blame.",/uUXLq7fEG3hI46ZFMZzgHj11S6S.jpg,1955-09-30,7.0,"['Comedy', 'Mystery']"
2185,I Confess (1953),Thriller,30159.0,"When a priest hears a murderer’s confession, he becomes bound by his vow of silence—even as circumstantial evidence turns suspicion toward him. Torn between faith and self-preservation, he faces public scandal and trial for a crime he cannot reveal the truth about.",/5IYyJetEctAypFYIffqx55PXTPT.jpg,1953-02-12,7.077,"['Drama', 'Thriller', 'Crime']"
2186,Strangers on a Train (1951),Crime|Drama|Film-Noir|Thriller,845.0,A charming psychopath tries to coerce a tennis star into his theory that two strangers can commit the perfect crime by exchanging murders—each killing the other’s most-hated person.,/ihC083U7ef56Ui4x0P0dobojrZ1.jpg,1951-06-27,7.668,"['Crime', 'Thriller']"
2187,Stage Fright (1950),Mystery|Romance|Thriller,1978.0,A struggling actress tries to help a friend prove his innocence when he's accused of murdering the husband of a high-society entertainer.,/l43OTqhib8do1WwXig8JI8Y68Fd.jpg,1950-02-23,6.82,['Thriller']
2188,54 (1998),Drama,3682.0,"When the mastermind behind New York's infamous Studio 54 disco plucks young Shane from the sea of faces clamoring to get inside his club, he not only gets his foot in the door, but lands a coveted job behind the bar — and a front-row ticket to the most legendary party on the planet!",/gLjt54vow8CEOHdgRkQCyXwbq52.jpg,1998-08-28,5.847,"['Drama', 'Music']"
2190,Why Do Fools Fall In Love? (1998),Drama,46702.0,"In the mid-80s, three women (each with an attorney) arrive at the office of New York entertainment manager, Morris Levy. One is an L.A. singer, formerly of the Platters; one is a petty thief from Philly; one teaches school in a small Georgia town. Each claims to be the widow of long-dead doo-wop singer-songwriter Frankie Lyman, and each wants years of royalties due to his estate, money Levy has never shared. During an ensuing civil trial, flashbacks tell the story of each one's life with Lyman, a boyish, high-pitched, dynamic performer, lost to heroin. Slowly, the three wives establish their own bond.",/tSj2g6VdJ2UXeWk9wRa19SsxRFg.jpg,1998-08-28,6.3,"['Drama', 'Romance']"
2193,Willow (1988),Action|Adventure|Fantasy,847.0,"The evil Queen Bavmorda hunts the newborn princess Elora Danan, a child prophesied to bring about her downfall. When the royal infant is found by Willow, a timid farmer and aspiring sorcerer, he's entrusted with delivering her from evil.",/pAIRGMIdN7ZdZhflazdV2ezuJ9f.jpg,1988-05-20,7.004,"['Fantasy', 'Adventure', 'Action']"
2194,"Untouchables, The (1987)",Action|Crime|Drama,117.0,"Elliot Ness, an ambitious prohibition agent, is determined to take down Al Capone. In order to achieve this goal, he forms a group given the nickname “The Untouchables”.",/tPq0R4jTO4Ey8ZspFaWK9wGA4Ls.jpg,1987-06-03,7.753,"['Crime', 'History', 'Thriller']"
2195,Dirty Work (1998),Comedy,14577.0,"Unemployed and recently dumped, Mitch and his buddy Sam start a revenge-for-hire business to raise the $50,000 that Sam's father needs to get a heart transplant.",/r6OcS6TQCHal2wHooJhHWSlFzfd.jpg,1998-06-12,6.2,['Comedy']
2196,Knock Off (1998),Action,37498.0,A fashion designer and his CIA agent business partner must join forces to stop a group of terrorists from smuggling explosives in counterfeit jeans during the handover of Hong Kong.,/hK7hKDA51FCbtFCuXZNiQ6gPq3S.jpg,1998-09-04,5.3,"['Action', 'Crime', 'Thriller']"
2201,"Paradine Case, The (1947)",Drama,31667.0,"In London, barrister Anthony Keane takes the case of Maddalena Paradine, a beautiful woman accused of poisoning her blind husband. Though happily married, Keane becomes infatuated with his enigmatic client and convinced of her innocence. His obsession clouds his judgment as he builds a defense implicating her servant, André Latour—an act that leads to devastating consequences both in court and at home.",/faUkygLOpVA8roEYNYyQTX3llnJ.jpg,1947-12-29,6.234,"['Drama', 'Mystery', 'Romance']"
2202,Lifeboat (1944),Drama|War,13321.0,"During World War II, a small group of survivors is stranded in a lifeboat together after the ship they were traveling on is destroyed by a German U-boat.",/2QXpzBMJJtmH7JvVf0ZzENvgc1o.jpg,1944-01-28,7.4,"['War', 'Drama']"
2203,Shadow of a Doubt (1943),Crime|Drama|Thriller,21734.0,"In sleepy Santa Rosa, restless young Charlie’s world brightens when her sophisticated Uncle Charlie arrives for a long visit. But as his behavior grows increasingly strange, she begins to suspect that her beloved uncle may be hiding a terrible secret—and that danger has quietly entered her home.",/ptyWagbWE8jSGyV2tGEzAdVbRCj.jpg,1943-01-12,7.5,"['Thriller', 'Mystery']"
2204,Saboteur (1942),Mystery|Thriller,31997.0,Aircraft factory worker Barry Kane flees across the United States after he is wrongly accused of starting the fire that killed his best friend.,/iDKOOTymUZg0WAWPcbdP6nPZEFF.jpg,1942-04-22,6.884,['Thriller']
2205,Mr. & Mrs. Smith (1941),Comedy|Romance,24197.0,"Happily married for three years, Ann and David Smith live in New York. One morning Ann asks David if he had to do it over again, would he marry her? To her shock, he answers, ""No"". Later that day, they separately discover that, due to a legal complication, they are not legally married.",/lIFBvhh9EbQpwkYa135dQvMHXSj.jpg,1941-01-31,6.0,"['Comedy', 'Romance']"
2206,Suspicion (1941),Film-Noir|Mystery|Thriller,11462.0,"A sheltered heiress falls for a charming playboy and elopes with him, but soon discovers his gambling vice and mounting debts. As his lies deepen and those around them meet mysterious ends, she begins to suspect that her husband’s affection may conceal a deadly motive—and that she could be his next victim.",/clWNlzlbyaEoIK63lcFjqBmXoQz.jpg,1941-11-14,7.126,"['Mystery', 'Romance', 'Thriller']"
2207,Jamaica Inn (1939),Drama,31995.0,"In early 19th-century Cornwall, young Mary Yellan travels to live with her aunt and uncle at the remote Jamaica Inn, where she discovers the inn is a front for a violent gang of wreckers who lure ships to their doom along the coast. As she becomes entangled in their crimes, Mary must fight to survive and uncover the truth behind the terror that haunts the moors.",/qgeBF25h9MYoxJmKvlUj60IGDNz.jpg,1939-05-11,6.117,"['Crime', 'Adventure', 'Thriller']"
2208,"Lady Vanishes, The (1938)",Drama|Mystery|Thriller,940.0,"On a train headed for England a group of travelers is delayed by an avalanche. Holed up in a hotel in a fictional European country, young Iris befriends elderly Miss Froy. When the train resumes, Iris suffers a bout of unconsciousness and wakes to find the old woman has disappeared. The other passengers ominously deny Miss Froy ever existed, so Iris begins to investigate with another traveler and, as the pair sleuth, romantic sparks fly.",/c1t9LB76LvEARPanfEzXmkm7fwY.jpg,1938-10-07,7.436,"['Mystery', 'Thriller']"
2210,Sabotage (1936),Thriller,12684.0,Karl Anton Verloc and his wife own a small cinema in a quiet London suburb where they live seemingly happily. But Mrs. Verloc does not know that her husband has a secret that will affect their relationship and threaten her teenage brother's life.,/A6cyOt9mhmvWA2uHcVsGkcCaHCz.jpg,1937-01-08,6.702,"['Drama', 'Thriller', 'Crime']"
2211,Secret Agent (1936),Thriller,2761.0,"During World War I, a novelist declared dead is recruited by British intelligence and sent to Switzerland under a new identity to assassinate a German spy. Teamed with a fellow agent posing as his wife and an eccentric assassin known as “the General,” the trio close in on their target — until two of them grow ambivalent when their duty to the mission clashes with their consciences.",/vHfEuqttHs2fXLGgkSxC5nh7AHz.jpg,1936-05-11,6.083,"['Thriller', 'Mystery', 'Romance']"
2212,"Man Who Knew Too Much, The (1934)",Drama|Thriller,8208.0,"While vacationing in St. Moritz, a British couple receive a clue to an imminent assassination attempt, only to learn that their daughter has been kidnapped to keep them quiet.",/qghwbSfQblFYRFq675uK5qDGr3w.jpg,1934-12-09,6.5,"['Thriller', 'Mystery']"
2226,"Ring, The (1927)",Drama,36056.0,"Both Jack Sander and Bob Corby are boxers in love with Mabel. Jack and Mabel wed, but their marriage is flat. The young wife looks to Bob for comfort.",/VeNRpyspVlJzkrNAyszdGtmy9e.jpg,1927-09-28,5.9,"['Drama', 'Romance']"
2227,"Lodger: A Story of the London Fog, The (1927)",Crime|Drama|Thriller,2760.0,"London. A mysterious serial killer brutally murders young blond women by stalking them in the night fog. One foggy, sinister night, a young man who claims his name is Jonathan Drew arrives at the guest house run by the Bunting family and rents a room.",/tD84zwFeFRf3zG98x558N3PBMV.jpg,1927-02-14,7.1,"['Crime', 'Thriller', 'Mystery']"
2231,Rounders (1998),Drama,10220.0,"Poker addict Mike McDermott knows the game inside out, but loses his money one night in a game to Russian-American gangster Teddy KGB. Promising his partner Jo he'll give up, he meets up with best friend Lester 'Worm' Murphy, just out of prison and owing lots of money to the wrong kind of people. McDermott becomes his co-guarantor and now there's only one way to raise the money, the pair have to get back into the game.",/mqbMwYGwIChnaCO55h7v8DG8Wwy.jpg,1998-09-11,7.016,"['Drama', 'Crime']"
2232,Cube (1997),Horror|Mystery|Sci-Fi|Thriller,431.0,"A group of strangers find themselves trapped in a maze-like prison. It soon becomes clear that each of them possesses the peculiar skills necessary to escape, if they don't wind up dead first.",/x4BTjxdrOKC27FcSkBh8KPEgnum.jpg,1998-07-11,6.818,"['Thriller', 'Science Fiction', 'Mystery']"
2236,Simon Birch (1998),Drama,22796.0,"Simon Birch and Joe Wenteworth are boys who have a reputation for being oddballs. Joe never knew his father, and his mother, Rebecca, is keeping her lips sealed no matter how much he protests. Simon, meanwhile, is an 11-year-old dwarf whose outsize personality belies his small stature. Indeed, he often assails the local reverend with thorny theological questions and joins Joe on his quest to find his biological father.",/vRJcV9l3tLFoUWZel9RikS3nfJ6.jpg,1998-09-11,6.8,"['Comedy', 'Drama', 'Family']"
2239,Swept Away (Travolti da un insolito destino nell'azzurro mare d'Agosto) (1975),Comedy|Drama,37916.0,A spoiled rich woman and a brutish Communist deckhand become stranded alone on a desert island after venturing away from their cruise.,/8bkEUeQWVFBk3HE4qhluDarTMDj.jpg,1974-12-18,7.4,"['Comedy', 'Drama', 'Romance']"
2240,My Bodyguard (1980),Drama,21873.0,"Clifford Peache, an easygoing teenager, is finding less than easy to fit in at his new high school, where a tough-talking bully terrorizes his classmates and extorts their lunch money. Refusing to pay up, Clifford enlist the aid of an overgrown misfit whose mere presence intimidates students and teachers alike. But their ""business relationship"" soon turns personal as Clifford and the troubled loner forge a winning alliance against their intimidators - and a very special friendship with each other.",/agk3tSS6OLiSdyrieDhPpuQ7CEZ.jpg,1980-07-11,6.329,"['Comedy', 'Drama', 'Family']"
2241,Class (1983),Comedy,21500.0,"Naive Midwestern prep student Jonathan bonds with his more worldly roommate, Skip, who takes the small-town boy under his wing. At Skip's urging, the inexperienced Jonathan is emboldened to seek out older women in the cocktail lounges of nearby Chicago, where he meets and beds the alluring Ellen, who unfortunately turns out to be Skip's mother. The division between the friends is further deepened when a cheating scandal engulfs the school.",/iDFeOVxNOSmAcsdmvtt4kZWB8GA.jpg,1983-07-22,5.935,"['Comedy', 'Drama']"
2243,Broadcast News (1987),Comedy|Drama|Romance,12626.0,A high-strung news producer finds herself in a love triangle between a talented but self-doubting reporter and a charming news anchor who embodies the growing trivialization of news that she is determined to fight against.,/kQNR1Lc0qAF5xuBySpDn481KVjb.jpg,1987-12-16,6.763,"['Comedy', 'Romance']"
2244,"Allnighter, The (1987)",Comedy|Romance,37818.0,"Molly, Val and Gina are graduating college, but on their final night, frustrations are aired. Molly is still looking for real love and Val is beginning to doubt if that is what she has found. Gina is too busy videotaping everything to really notice. When the final party at Pacifica College kicks off, things do not go exactly as planned.",/1ypV4mw030VxYEIA8jba3A7MMBv.jpg,1987-05-01,4.7,"['Comedy', 'Romance']"
2245,Working Girl (1988),Comedy|Drama|Romance,3525.0,"When a secretary's idea is stolen by her boss, she seizes an opportunity to steal it back by pretending she has her boss' job.",/q2jfFzZvAzjTaArQR0tjilIZ5aJ.jpg,1988-12-20,6.597,"['Comedy', 'Romance', 'Drama']"
2247,Married to the Mob (1988),Comedy,2321.0,"Angela de Marco is fed up with her gangster husband's line of work and wants no part of the crime world. When her husband is killed for having an affair with the mistress of mob boss Tony ""The Tiger"" Russo, Angela and her son depart for New York City to make a fresh start. Unfortunately, Tony has set his sights upon Angela -- and so has an undercover FBI agent looking to use her to bust Tony.",/gkOsxv1RvV5smRnm6wrmn2wDXyZ.jpg,1988-08-19,6.0,"['Comedy', 'Crime', 'Romance']"
2248,Say Anything... (1989),Comedy|Drama|Romance,2028.0,"Average student and eternal optimist Lloyd Dobler seeks to capture the heart of Diane Court, a beautiful but unattainable valedictorian classmate. He surprises just about everyone - including himself - when she returns the sentiment. However, Diane's divorced, over-protective father soon begins to disapprove of the match, and Lloyd realises that it's going to take more than just the power of love to conquer all.",/nkucKciFGSRalw6dJtsglWqOXMC.jpg,1989-04-14,7.01,"['Romance', 'Comedy', 'Drama']"
2249,My Blue Heaven (1990),Comedy,16384.0,"FBI agent Barney Coopersmith is assigned to protect former Mafia figure turned informant Vincent Antonelli. In the witness protection program one is supposed to keep a low profile, but that is something that Antonelli has trouble doing. Coopersmith certainly has his hands full keeping Antonelli away from the Mafia hitmen who want to stop him testifying, not to mention the nightclubs...",/ggk34Nr1e8LOeAdVncuYz6pyYDe.jpg,1990-08-17,6.091,"['Action', 'Comedy', 'Crime']"
2252,Hero (1992),Comedy|Drama,10699.0,"Bernie Laplante is having a rough time. He's divorced, his ex-wife hates him and has custody of their son, the cops are setting a trap for him, then to top it all, he loses a shoe whilst rescuing passengers of a crashed jet. Being a thief who is down on his luck, Bernie takes advantage of the crash, but then someone else claims credit for the rescue.",/wD7D0B9U9ooanxyhtgLKaqM7www.jpg,1992-10-02,6.3,"['Comedy', 'Drama']"
2253,Toys (1992),Comedy|Fantasy,11597.0,"Leslie Zevo is a fun-loving inventor who must save his late father's toy factory from his evil uncle, Leland, a war-mongering general who rules the operation with an iron fist and builds weapons disguised as toys.",/l0YBVvOvOxoOkggTZ70tNGvGQo4.jpg,1992-12-18,5.3,"['Fantasy', 'Comedy', 'Science Fiction']"
2255,Young Doctors in Love (1982),Comedy,47947.0,An 'Airplane!'-style spoof of hospital soap operas—a brilliant young trainee can't stand the sight of blood; a doctor romances the head nurse in order to get the key to the drugs cabinet; and there's a mafioso on the loose disguised as a woman.,/9JTPSVDEFilY09hqtWPHrCDFneV.jpg,1982-07-16,5.2,['Comedy']
2256,Parasite (1982),Horror|Sci-Fi,48311.0,"Paul Dean has created a deadly parasite that is now attached to his stomach. He and his female companion, Patricia Welles, must find a way to destroy it while also trying to avoid Ricus & his rednecks, and an evil government agent named Merchant.",/4DGPORlVIDIQvsuSDnM4uXKMjWS.jpg,1982-03-12,4.835,"['Horror', 'Science Fiction']"
2257,No Small Affair (1984),Comedy|Romance,44772.0,"A 16-year-old aspiring photographer pursues a beautiful ""older woman"" of 22, a down-on-her-luck rock singer.",/vwtsHfe7zrkGFD10K7AkhEQk5cE.jpg,1984-11-09,5.4,"['Comedy', 'Drama', 'Romance']"
2259,Blame It on Rio (1984),Comedy|Romance,14347.0,"Matthew Hollis is man on holiday in Rio with his best friend. Both men have teenage daughters with them. When Matthew falls for his best friend's amorous daughter named Jennifer, they embark on a secret, if slightly one-sided relationship. Jennifer's father is furious when he finds out about the 'older man' in his daughter's life, and sets out to hunt him down with the aid of Matthew!",/yzNtmqL6HUFC7FZl9DnGmhnCQUL.jpg,1984-02-17,5.7,"['Comedy', 'Romance']"
2260,Wisdom (1986),Crime|Drama,41090.0,"Unable to find work after a past felony, graduate John Wisdom and his girlfriend embark on a cross-country bank-robbing spree in order to aid American farmers.",/jJiKZG7vauFCeax5Aj5fahrcKUO.jpg,1986-12-31,5.9,"['Crime', 'Drama', 'Action']"
2261,One Crazy Summer (1986),Comedy,18282.0,An aspiring teenage cartoonist and his friends come to the aid of a singer trying to save her family property from developers.,/hwrMVPwGFB3fouqD5PhhmbafB7G.jpg,1986-08-08,6.005,"['Comedy', 'Romance', 'Family']"
2262,About Last Night... (1986),Comedy|Drama|Romance,18169.0,"A man and woman meet and try to have a romantic affair, despite their personal problems and the interference of their disapproving friends.",/9KqG5OFi3NLJYBbsDSA8pZ3dln.jpg,1986-07-02,6.0,"['Comedy', 'Drama', 'Romance']"
2263,"Seventh Sign, The (1988)",Drama|Fantasy|Thriller,11082.0,"Abby is a pregnant woman with a curious new boarder in the apartment over her garage. Turns out he's heaven-sent and is speeding along the Apocalypse by bloodying rivers, egging on plagues and following scripture word for word.",/vAgVzkPmfe2pcgzkpoz8cZ9i9wm.jpg,1988-04-01,6.005,"['Horror', 'Drama', 'Thriller']"
2264,We're No Angels (1989),Comedy|Crime,5971.0,Two escaped cons' only prayer to escape is to pass themselves off as priests and pass by the police blockade at the border into the safety of Canada.,/5XBVURkON7jyzxr0cONWeTbgAov.jpg,1989-06-02,6.2,"['Comedy', 'Crime']"
2265,Nothing But Trouble (1991),Adventure|Comedy,11933.0,"While attempting to seduce gorgeous lawyer Diane Lightson, wealthy gadabout Chris Thorne agrees to drive her to Atlantic City, N.J. But, when some reckless driving draws the attention of a deeply critical cop, they and the flamboyant ""Brazillionaires"" who tagged along end up in the court of a grotesque and vengeful judge, who has a special vendetta against the wealthy and erudite.",/Apk5Hbby70diyeMHd2VhxUSHNW.jpg,1991-02-15,5.2,"['Comedy', 'Adventure']"
2266,"Butcher's Wife, The (1991)",Comedy|Romance,20096.0,"A clairvoyant woman thinks that she's met her future husband because she's seen him in a dream. They marry and he takes her back to his butcher shop in New York city, where her powers tend to influence everyone she meets while working in the shop. Through her advice, she helps others and eventually finds the true man of her dreams.",/oKwvnb2bypMyXD2UraWdXxUoqLY.jpg,1991-10-25,5.7,"['Fantasy', 'Comedy', 'Romance']"
2267,Mortal Thoughts (1991),Mystery|Thriller,30815.0,"A loathsome man ends up dead, but it's not clear who's to blame. If ever a person got what he deserved, it's James Urbanksi, an abusive drunk who steals from his wife, Joyce, and promises her close friend Cynthia Kellogg that she'll be the next target of his rage. At a group outing, James bleeds to death after someone cuts his throat. But because he's such a terrible human being, police aren't sure which of his acquaintances decided to kill him.",/3Py7bFBsRjMVdOI5IlNSz6aa385.jpg,1991-04-19,5.7,"['Mystery', 'Thriller']"
2268,"Few Good Men, A (1992)",Crime|Drama|Thriller,881.0,"When cocky military lawyer Lt. Daniel Kaffee and his co-counsel, Lt. Cmdr. JoAnne Galloway, are assigned to a murder case, they uncover a hazing ritual that could implicate high-ranking officials such as shady Col. Nathan Jessep.",/rLOk4z9zL1tTukIYV56P94aZXKk.jpg,1992-12-11,7.542,['Drama']
2269,Indecent Proposal (1993),Drama|Romance,4478.0,John Gage offers a down-on-his-luck yuppie husband $1 million for the opportunity to spend the night with the man's wife.,/a39WoiTJEG5kNLIrr3kOMwg3LFg.jpg,1993-04-07,6.397,"['Romance', 'Drama']"
2271,Permanent Midnight (1998),Drama,22318.0,"Juggling increasing career success and a growing heroin habit, a television comedy writer attempts to go down a path of improvement.",/wkoy7DQ1viN0EOtzw6v8W9y6UAr.jpg,1998-09-16,5.871,['Drama']
2272,One True Thing (1998),Drama,53113.0,A career woman reassesses her parents' lives after she is forced to care for her cancer-stricken mother.,/hOYQIMtrqVeHUBe999V1KIqO7Gf.jpg,1998-09-18,6.5,"['Drama', 'Romance']"
2273,Rush Hour (1998),Action|Comedy|Crime|Thriller,2109.0,"When Hong Kong Inspector Lee is summoned to Los Angeles to investigate a kidnapping, the FBI doesn't want any outside help and assigns cocky LAPD Detective James Carter to distract Lee from the case. Not content to watch the action from the sidelines, Lee and Carter form an unlikely partnership and investigate the case themselves.",/3WsLE6FtxEPRa6U9sbY1ckrn39s.jpg,1998-09-18,7.061,"['Action', 'Comedy', 'Crime']"
2275,Six-String Samurai (1998),Action|Adventure|Sci-Fi,24746.0,"In a post-apocalyptic world where the Russians have taken over a nuked USA and Elvis is king of Lost Vegas, Buddy is a '50s rocker and wandering warrior rolled into one, too-cool package. Armed with his six-string in one hand and his sword in the other, Buddy is on his way to Vegas to succeed Elvis as King. Along the way, he saves an orphan who decides to tag along.",/4Lo0pT1gnDAL4hTVMYLwpVWcqR1.jpg,1998-09-18,6.242,"['Action', 'Adventure', 'Science Fiction', 'Comedy']"
2278,Ronin (1998),Action|Crime|Thriller,8195.0,"A briefcase with undisclosed contents – sought by Irish terrorists and the Russian mob – makes its way into criminals' hands. An Irish liaison assembles a squad of mercenaries, or 'ronin', and gives them the thorny task of recovering the case.",/AirrhRJjHwytOV0pdLu7YZ4DEyr.jpg,1998-09-25,6.96,"['Action', 'Thriller', 'Crime']"
2279,Urban Legend (1998),Horror|Thriller,9877.0,A college campus is plagued by a vicious serial killer murdering students in ways that correspond to various urban legends.,/dUvZDNU9G0njhM628NA5phASntq.jpg,1998-09-25,5.728,"['Horror', 'Mystery']"
2280,Clay Pigeons (1998),Crime,26618.0,"Clay is a young man in a small town who witnesses his friend, Earl, kill himself because of the ongoing affair that Clay was having with the man's wife, Amanda. Feeling guilty, Clay now resists the widow when she presses him to continue with the affair. Clay unknowingly befriends a serial killer named Lester Long who murders the widow in an attempt to ""help"" his ""fishing buddy.""",/6cxoftMuiwcQ9xzXfvGWAQfWUmK.jpg,1998-09-25,6.2,"['Crime', 'Comedy', 'Drama', 'Romance']"
2281,Monument Ave. (1998),Action|Crime|Drama,21132.0,"Bobby O'Grady is a low level member of a Boston Irish gang run by Jackie O'Hara. Jackie demands absolute, total loyalty to him. When Jackie kills one of Bobby's buddies, Teddy, Bobby and others have to keep it an absolute secret, even from their and Teddy's relatives.",/2IpSjfTzEWlHGTHAWNMToqznYn1.jpg,1998-09-25,5.6,"['Drama', 'Thriller', 'Crime']"
2282,Pecker (1998),Comedy|Drama,11855.0,"A Baltimore teenager who picks up a second-hand camera starts snapping his way to stardom, soon turning into a nationwide sensation, with a fateful choice between his life and his art.",/ox6Myr2r36zr7aqnisQGZp2EW33.jpg,1998-09-25,6.1,"['Comedy', 'Drama']"
2283,"Sheltering Sky, The (1990)",Drama,24016.0,An American couple drift toward emptiness in postwar North Africa.,/mcaypmWykltQMLjjSuD2vxylZHV.jpg,1990-10-25,6.5,"['Drama', 'Adventure']"
2286,"Fiendish Plot of Dr. Fu Manchu, The (1980)",Comedy,3486.0,"Fu Manchu's 168th birthday celebration is dampened when a hapless flunky spills Fu's age-regressing elixir vitae. Fu sends his lackeys to round up ingredients for a new batch of elixir, starting with the Star of Leningrad diamond, nabbed from a Soviet exhibition in Washington. The FBI sends agents Capone and Williams to England to confer with Nayland Smith, an expert on Fu.",/2ftvbsm0xjQDOluJfgnNJ2G5B35.jpg,1980-08-08,4.8,"['Comedy', 'Horror', 'Crime']"
2287,Them! (1954),Horror|Sci-Fi|Thriller,11071.0,"As a result of nuclear testing, gigantic, ferocious mutant ants appear in the American desert southwest, and a father-daughter team of entomologists join forces with the state police officer who first discovers their existence, an FBI agent and, eventually, the US Army to  eradicate the menace, before it spreads across the continent — and the world.",/tP352STF6BvSROi8K3CMM799TVo.jpg,1954-06-16,6.8,"['Science Fiction', 'Horror']"
2288,"Thing, The (1982)",Action|Horror|Sci-Fi|Thriller,1091.0,A research team in Antarctica is hunted by a shape-shifting alien that assumes the appearance of its victims.,/tzGY49kseSE9QAKk47uuDGwnSCu.jpg,1982-06-25,8.067,"['Horror', 'Mystery', 'Science Fiction']"
2289,"Player, The (1992)",Comedy|Crime|Drama,10403.0,A Hollywood studio executive is being sent death threats by a writer whose script he rejected - but which one?,/tZ3kDut2dhFVGkWNEn9xoCHCNAx.jpg,1992-05-08,7.188,"['Mystery', 'Drama', 'Thriller', 'Comedy', 'Crime']"
2290,Stardust Memories (1980),Comedy|Drama,11337.0,"While attending a retrospect of his work, a filmmaker recalls his life and his loves: the inspirations for his films.",/y1EHgpL2hMVRcr6tIOy7VGLxaPs.jpg,1980-09-26,6.9,"['Comedy', 'Drama', 'Romance']"
2291,Edward Scissorhands (1990),Drama|Fantasy|Romance,162.0,A small suburban town receives a visit from a castaway unfinished science experiment named Edward.,/e0FqKFvGPdQNWG8tF9cZBtev9Em.jpg,1990-12-07,7.72,"['Fantasy', 'Drama', 'Romance']"
2292,Overnight Delivery (1998),Comedy|Romance,25723.0,"A man suspects his girlfriend of being unfaithful, so he sends her a letter, but then finds out that he was wrong. He has 24 hours to stop the package, prevent a disaster, and fall in love. The only problem is the delivery man will not stop until the package has been delivered.",/2EuuBbK6HPbCZsrpsZAIMx2EVr.jpg,1998-04-07,5.5,"['Comedy', 'Romance']"
2294,Antz (1998),Adventure|Animation|Children|Comedy|Fantasy,8916.0,"A neurotic worker ant in love with a rebellious princess rises to unlikely stardom when he switches places with a soldier. Signing up to march in a parade, he ends up under the command of a bloodthirsty general. But he's actually been enlisted to fight against a termite army.",/lWPjxbUMpAHFkJpZHHNWhQaRsax.jpg,1998-10-02,6.2,"['Animation', 'Comedy', 'Adventure']"
2295,"Impostors, The (1998)",Comedy,28134.0,"Wrongly accused of physically abusing a fellow actor, starving thespians Arthur and Maurice find themselves pursued by the law aboard a cruise ship.",/pnL8MvYje9DOZTuTnF04k8RUkSL.jpg,1998-10-02,5.9,['Comedy']
2296,"Night at the Roxbury, A (1998)",Comedy,9429.0,"Despite being well into adulthood, brothers Doug and Steve Butabi still live at home and work in the flower shop owned by their dad. They exist only to hit on women at discos, though they're routinely unsuccessful until a chance run-in with Richard Grieco gets them inside the swank Roxbury club. Mistaken for high rollers, they meet their dream women, Vivica and Cambi, and resolve to open a club of their own.",/7oZ5xE4AL4D5EbeQUaoRxahgzJX.jpg,1998-10-01,6.518,"['Comedy', 'Romance']"
2297,What Dreams May Come (1998),Adventure|Drama|Fantasy|Romance,12159.0,"Chris Nielsen dies to find himself in a heaven more amazing than he could have ever dreamed of. There is one thing missing: his wife. After he dies, his wife Annie killed herself and went to hell. Chris decides to risk eternity in Hades for the small chance that he will be able to bring her back to heaven.",/78wCdphUzeb528wLZw2W0fn7yGB.jpg,1998-10-02,7.198,"['Drama', 'Fantasy', 'Romance']"
2298,Strangeland (1998),Thriller,27791.0,"A pierced and tattooed sadist, Captain Howdy, trolls the Internet for naive teens, luring them to his home to torture and defile them. When Howdy kidnaps and tortures the daughter of police Detective Mike Gage, he is caught. Deemed insane, he is sent to an asylum but is released soon after, seemingly better. However, Gage knows it is only a matter of time before Howdy strikes again, and he's ready to unleash his own form of retribution when the time comes.",/AhQh5rtPymR1J8daZc0FNXiSkU.jpg,1998-10-02,5.0,['Horror']
2300,"Producers, The (1968)",Comedy,30197.0,"A conniving Broadway producer and his meek accountant plan to profit from charming wealthy old biddies to invest in an overbudget production, and then put on a sure-fire disaster, so nobody will ask for their money back — and what's more disastrous than a tasteless musical celebrating Adolf Hitler.",/9qCIkNWGuRj5lMyeOXwJs8z9nRz.jpg,1968-03-18,7.071,['Comedy']
2301,History of the World: Part I (1981),Comedy|Musical,10156.0,"An uproarious version of history that proves nothing is sacred – not even the Roman Empire, the French Revolution and the Spanish Inquisition.",/6iAl78qZHT65erPXr2YW6Y54wlY.jpg,1981-06-12,6.755,['Comedy']
2302,My Cousin Vinny (1992),Comedy,10377.0,"Two carefree pals traveling through rural Alabama on their way back to college are mistakenly arrested and charged with murder. Fortunately, one of them has a cousin who's a lawyer - Vincent Gambini, a former auto mechanic from Brooklyn who has just passed his bar exam after his sixth try. When he arrives with his leather-clad girlfriend to try his first case, it's a real shock - for him and the Deep South!",/iwSURa8nS2ujwrU3s1lfxxX7voH.jpg,1992-03-13,7.502,"['Comedy', 'Drama']"
2303,Nashville (1975),Drama|Musical,3121.0,"The intersecting stories of twenty-four characters—from country star to wannabe to reporter to waitress—connect to the music business in Nashville, Tennessee.",/twl4ovyjb8muFKvZmcCDzPR0hy1.jpg,1975-06-11,7.2,"['Drama', 'Comedy', 'Music']"
2304,Love Is the Devil (1998),Drama,4975.0,"In the 1960s, British painter Francis Bacon surprises a burglar and invites him to share his bed. The burglar, a working class man named George Dyer, accepts. After the unique beginning to their love affair, the well-connected and volatile artist assimilates Dyer into his circle of eccentric friends, as Dyer's struggle with addiction strains their bond.",/5zPTMTbYPhXXzAo5UQkeSpcmSMl.jpg,1998-09-16,6.0,['Drama']
2306,Holy Man (1998),Comedy,9713.0,"In a world governed by commerce, Ricky and Kate, dedicated employees, find their lives forever changed when they encounter the enigmatic stranger G. As they navigate the realm of commerce, their paths intertwine in a surreal dance of love, loss, and redemption. G's presence, amplified through the pervasive influence of globalized television, casts a spell that reverberates beyond Ricky and Kate, impacting the lives of those who bear witness to their intertwined destinies.",/sfJBsOdSbgLLarO6GIS0dWzFcCv.jpg,1998-10-08,5.3,"['Drama', 'Comedy']"
2307,One Tough Cop (1998),Action|Crime,134368.0,"A detective tries to remain loyal to his partner, and his best friend - a mobster.",/qXKVKFApORbPIOM9gyUEBpTRjmT.jpg,1998-10-09,3.9,['Action']
2310,"Mighty, The (1998)",Drama,9821.0,"Kevin, an intelligent guy helps out Maxwell to improve his reading skills. In return, Kevin wants Maxwell to take him out places since he is not authorized to go out. Being the social outcasts of the town, Kevin and Maxwell come to realize that they are similar to each other and accept that they are ""freaks"" and nothing will stop them.",/m8wJa7LVixCtgcmCJX3eg7dxgJ7.jpg,1998-06-01,7.2,"['Drama', 'Comedy']"
2311,2010: The Year We Make Contact (1984),Sci-Fi,4437.0,"While planet Earth poises on the brink of nuclear self-destruction, a team of Russian and American scientists aboard the Leonov hurtles to a rendezvous with the still-orbiting Discovery spacecraft and its sole known survivor, the homicidal computer HAL.",/mEWKXuCMv7mFMxXVSTI3v8UOQuq.jpg,1984-12-06,6.639,"['Thriller', 'Science Fiction']"
2312,Children of a Lesser God (1986),Drama,1890.0,"Starting his new job as an instructor at a New England school for the deaf, James Leeds meets Sarah Norman, a young deaf woman who works at the school as a member of the custodial staff. In spite of Sarah's withdrawn emotional state, a romance slowly develops between the pair.",/yAiJlASIXC306qpqe5NZX2GgVlQ.jpg,1986-09-13,6.9,"['Drama', 'Romance']"
2313,"Elephant Man, The (1980)",Drama,1955.0,"A Victorian surgeon rescues a heavily disfigured man being mistreated by his ""owner"" as a side-show freak. Behind his monstrous façade, there is revealed a person of great intelligence and sensitivity. Based on the true story of Joseph Merrick (called John Merrick in the film), a severely deformed man in 19th century London.",/u0wpPYjuSt8DIe1Y3Vapnh8jcKE.jpg,1980-10-09,8.047,"['Drama', 'History']"
2314,Beloved (1998),Drama,39437.0,"After Paul D. finds his old slave friend Sethe in Ohio and moves in with her and her daughter Denver, a strange girl comes along by the name of ""Beloved"". Sethe and Denver take her in and then strange things start to happen...",/jIoT0J2fNXXCYZst6OkKStQIPw9.jpg,1998-10-16,5.8,"['Drama', 'Thriller', 'Horror', 'Mystery']"
2315,Bride of Chucky (Child's Play 4) (1998),Comedy|Horror|Thriller,11932.0,"For ten years, the tortured soul of serial killer Charles Lee Ray has been imprisoned inside a child's doll. Chucky is reborn when his old flame, Tiffany, rescues his battered doll parts from a police impound. But Chucky wants his new playmate cut down to size, so he transforms his blushing bride into a stunning little terror. Chucky and Tiffany can't wait to start their own homicidal honeymoon. When this demonic duo hits the road and hooks up with a pair of unsuspecting newlyweds, they leave a trail of murder and mayhem behind them. Chucky's back!",/yaIPNOcC7ZRuwH3maNwP9qzIo5G.jpg,1998-10-15,6.1,"['Horror', 'Comedy']"
2316,Practical Magic (1998),Drama|Fantasy|Mystery|Romance,6435.0,"Sally and Gillian Owens, born into a magical family, have mostly avoided witchcraft themselves. But when Gillian's vicious boyfriend, Jimmy Angelov, dies unexpectedly, the Owens sisters give themselves a crash course in hard magic. With policeman Gary Hallet growing suspicious, the girls struggle to resurrect Angelov -- and unwittingly inject his corpse with an evil spirit that threatens to end their family line.",/AwmToSgf2IL3aHv0QRVsR5KvChv.jpg,1998-10-16,6.8,"['Romance', 'Comedy', 'Fantasy']"
2318,Happiness (1998),Comedy|Drama,10683.0,"The lives of several individuals intertwine as they go about their lives in their own unique ways, engaging in acts which society as a whole might find disturbing in a desperate search for human connection.",/rYfUcEV88Z3gENrfYTE6i8yBkDr.jpg,1998-10-11,7.429,"['Comedy', 'Drama']"
2320,Apt Pupil (1998),Drama|Thriller,9445.0,"One day in 1984, Todd Bowden, a brilliant high school boy fascinated by the history of Nazism, stumbles across an old man whose appearance resembles that of Kurt Dussander, a wanted Nazi war criminal. A month later, Todd decides to knock on his door.",/pU3fvfSvrs5pZFdODPCzoLk95Ws.jpg,1998-10-23,6.5,"['Drama', 'Thriller']"
2321,Pleasantville (1998),Comedy|Drama|Fantasy,2657.0,"Geeky teenager David and his popular twin sister, Jennifer, get sucked into the black-and-white world of a 1950s TV sitcom called ""Pleasantville,"" and find a world where everything is peachy keen all the time. But when Jennifer's modern attitude disrupts Pleasantville's peaceful but boring routine, she literally brings color into its life.",/m1hhYP6OScjKU5Z9iZaWirSn4I6.jpg,1998-09-17,7.267,"['Fantasy', 'Comedy', 'Drama']"
2322,Soldier (1998),Action|Sci-Fi|War,9425.0,"Sergeant Todd is a veteran soldier for an elite group of the armed forces. After being defeated by a new breed of genetically engineered soldiers, he is dumped on a waste planet and left for dead. He soon interacts with a group of crash survivors who lead out a peaceful existence. The peace is broken as the new soldiers land on the planet to eliminate the colony, which Sergeant Todd must defend.",/rYy5m4nnjdlvB6dyGkP9ELZbUZz.jpg,1998-10-23,6.4,"['Science Fiction', 'Action', 'Drama']"
2323,"Cruise, The (1998)",Documentary,32326.0,"Affectionate portrait of Timothy ""Speed"" Levitch, a tour guide for Manhattan's Gray Line double-decker buses.",/aTPN6ttUQqkqV6ZT762Ihc8hwKi.jpg,1998-10-23,7.3,['Documentary']
2324,Life Is Beautiful (La Vita è bella) (1997),Comedy|Drama|Romance|War,637.0,A touching story of an Italian book seller of Jewish ancestry who lives in his own little fairy tale. His creative and happy life would come to an abrupt halt when his entire family is deported to a concentration camp during World War II. While locked up he tries to convince his son that the whole thing is just a game.,/mfnkSeeVOBVheuyn2lo4tfmOPQb.jpg,1997-12-20,8.439,"['Comedy', 'Drama']"
2325,Orgazmo (1997),Comedy,8675.0,A devout Mormon living in L.A. becomes a pornographic actor after his martial arts moves impress a big-time director.,/irvFBOc33CHsioU6hqcu8ExymEa.jpg,1998-07-02,6.1,['Comedy']
2327,Tales from the Darkside: The Movie (1990),Fantasy|Horror|Thriller,20701.0,A young boy tells three stories of horror to distract a witch who plans to eat him.,/5q8WK4gW45Knxhpb29IVOCbbfI7.jpg,1990-05-03,6.169,"['Thriller', 'Comedy', 'Fantasy', 'Horror']"
2328,Vampires (1998),Horror|Western,9945.0,The church enlists a team of vampire-hunters to hunt down and destroy a group of vampires searching for an ancient relic that will allow them to exist in sunlight.,/4JhaFBPwyC5IM1rKaRR07Gzutse.jpg,1998-10-30,6.3,"['Action', 'Fantasy', 'Horror']"
2329,American History X (1998),Crime|Drama,73.0,"Derek Vineyard is paroled after serving 3 years in prison for killing two African-American men. Through his brother, Danny Vineyard's narration, we learn that before going to prison, Derek was a skinhead and the leader of a violent white supremacist gang that committed acts of racial crime throughout L.A. and his actions greatly influenced Danny. Reformed and fresh out of prison, Derek severs contact with the gang and becomes determined to keep Danny from going down the same violent path as he did.",/x2drgoXYZ8484lqyDj7L1CEVR4T.jpg,1998-07-01,8.327,['Drama']
2330,Hands on a Hard Body (1996),Comedy|Documentary,18603.0,Filmmaker S.R. Bindler profiles Texas contestants trying to win a truck by keeping one hand on it longer than everyone else.,/snyLQ21YGNWHNcDSNUIouzBFObh.jpg,1997-06-01,7.6,['Documentary']
2331,Living Out Loud (1998),Comedy|Drama|Romance,46889.0,"Judith Moore is suddenly single after discovering her husband of fifteen years, a successful doctor, has been having an affair with a younger woman. Judith stews, plans, plots and fantasizes, but she can't decide what to do with her life until she goes out to a night club to see singer Liz Bailey, who is full of advice on life and love. While out on the town, Judith is suddenly kissed by a total stranger, which opens her eyes to new possibilities... which is when she notices Pat, the elevator operator in her building.",/uegG68vP7leUDQbG8fP4ihgTo0i.jpg,1998-10-30,5.8,"['Comedy', 'Drama', 'Romance']"
2332,Belly (1998),Crime|Drama,12888.0,"Tommy Bundy and Sincere are best friends as well as infamous and ruthless criminals and shot-callers in the hood. Respected by many but feared by all.  As the police are closing in on them and new players are looking for a come up, will their reign last?",/i4QhjdZXxdOpKOhc9kh4qqWjRWr.jpg,1998-11-04,6.0,"['Crime', 'Drama']"
2333,Gods and Monsters (1998),Drama,3033.0,"It's 1957, and James Whale's heyday as the director of ""Frankenstein,"" ""Bride of Frankenstein"" and ""The Invisible Man"" is long behind him. Retired and a semi-recluse, he lives his days accompanied only by images from his past. When his dour housekeeper, Hannah, hires a handsome young gardener, the flamboyant director and simple yard man develop an unlikely friendship, which will change them forever.",/awvJH3NtXoStsjAtXKr99hfuVaG.jpg,1998-09-12,6.922,['Drama']
2334,"Siege, The (1998)",Action|Thriller,9882.0,"The secret US abduction of a suspected terrorist from his Middle East homeland leads to a wave of terrorist attacks in New York.  An FBI senior agent and his team attempt to locate and decommission the enemy cells, but must also deal with an Army General gone rogue and a female CIA agent of uncertain loyalties.",/gbeeWu8rYaIYMyq9ayN1AepjNxP.jpg,1998-11-06,6.3,"['Drama', 'Action', 'Thriller', 'Crime']"
2335,"Waterboy, The (1998)",Comedy,10663.0,Bobby Boucher is a water boy for a struggling college football team. The coach discovers Boucher's hidden rage makes him a tackling machine whose bone-crushing power might vault his team into the playoffs.,/miT42qWYC4D0n2mXNzJ9VfhheWW.jpg,1998-11-06,6.047,['Comedy']
2336,Elizabeth (1998),Drama,4518.0,"The story of the ascension to the throne and the early reign of Queen Elizabeth the First, the endless attempts by her council to marry her off, the Catholic hatred of her and her romance with Lord Robert Dudley.",/qEk48VLOdibXFVIEzE9ETZUBcCs.jpg,1998-09-13,7.168,"['Drama', 'History']"
2337,Velvet Goldmine (1998),Drama,1808.0,"Almost a decade since larger-than-life glam-rock enigma Brian Slade disappeared from public eye, an investigative journalist is on assignment to uncover the truth behind his former idol.",/bsuSac0PldPFcOtR1Vioe7VBF4l.jpg,1998-08-28,6.9,"['Drama', 'Music']"
2338,I Still Know What You Did Last Summer (1998),Horror|Mystery|Thriller,3600.0,"Ever since killing the Fisherman one year ago, Julie James is still haunted by images of him after her. When her best friend Karla wins free tickets to the Bahamas, Julie finds this a perfect opportunity to finally relax. But someone is waiting for her. Someone who she thought was dead. Someone who is out again for revenge.",/eg3d6hvTaOmW3lNErFfutBmWmAR.jpg,1998-11-13,5.375,"['Horror', 'Mystery', 'Thriller']"
2339,I'll Be Home For Christmas (1998),Comedy|Romance,17037.0,"Estranged from his father, college student Jake is lured home to New York for Christmas with the promise of receiving a classic Porsche as a gift. When the bullying football team dumps him in the desert in a Santa suit, Jake is left without identification or money to help him make the journey. Meanwhile, his girlfriend, Allie, does not know where he is, and accepts a cross-country ride from Jake's rival, Eddie.",/9hTYFvEDnajUIbpdfc3fO6bZq2Y.jpg,1998-11-13,5.975,"['Comedy', 'Family']"
2340,Meet Joe Black (1998),Romance,297.0,"Bill Parrish has it all - success, wealth and power. Days before his 65th birthday, he receives a visit from a mysterious stranger, Joe Black, who soon reveals himself as Death. In exchange for extra time, Bill agrees to serve as Joe's earthly guide. But will he regret his choice when Joe unexpectedly falls in love with Bill's beautiful daughter Susan?",/fDPAjvfPMomkKF7cMRmL5Anak61.jpg,1998-11-12,7.355,"['Fantasy', 'Drama', 'Romance']"
2342,Hard Core Logo (1996),Comedy|Drama,21589.0,"Bruce Macdonald follows punk bank Hard Core Logo on a harrowing last-gasp reunion tour throughout Western Canada. As magnetic lead-singer Joe Dick holds the whole magilla together through sheer force of will, all the tensions and pitfalls of life on the road come bubbling to the surface.",/xE6BqwOxHjjFniKXsW1Zg4F04RC.jpg,1996-10-11,6.5,"['Drama', 'Comedy', 'Music']"
2344,Runaway Train (1985),Action|Adventure|Drama|Thriller,11893.0,A hardened convict and a younger prisoner escape from a brutal prison in the middle of winter only to find themselves on an out-of-control train with a female railway worker while being pursued by the vengeful head of security.,/yEvMuhIdwPhhEtikAihxUTM1u75.jpg,1985-11-15,6.971,"['Action', 'Thriller', 'Drama', 'Adventure']"
2346,"Stepford Wives, The (1975)",Mystery|Sci-Fi|Thriller,12223.0,"Joanna Eberhart comes to the town of Stepford, Connecticut with her family, but soon discovers there lies a sinister truth in the all too perfect behavior of the female residents.",/5z1ogJJmQkCoU62VJmut4nnc2qs.jpg,1975-02-12,6.7,"['Mystery', 'Thriller', 'Science Fiction', 'Horror']"
2347,"Pope of Greenwich Village, The (1984)",Drama,32081.0,"Charlie and his troublesome cousin Paulie decide to steal $150000 in order to back a ""sure thing"" race horse that Paulie has inside information on. The aftermath of the robbery gets them into serious trouble with the local Mafia boss and the corrupt New York City police department.",/5U0HNeGoJVK3xic7hK9lz89Ki9i.jpg,1984-06-22,6.4,"['Action', 'Comedy', 'Crime']"
2348,Sid and Nancy (1986),Drama,14924.0,"January 1978. After their success in England, the punk rock band Sex Pistols venture out on their tour of the southern United States. Temperamental bassist Sid Vicious is forced by his band mates to travel without his troubled girlfriend, Nancy Spungen, who will meet him in New York. When the band breaks up and Sid begins his solo career in a hostile city, the turbulent couple definitely falls into the depths of drug addiction.",/wHzCbMCfipDJ38GW5IyBTWDflMz.jpg,1986-09-12,6.746,"['Drama', 'Romance']"
2349,Mona Lisa (1986),Comedy|Thriller,10002.0,"George is a small-time crook just out of prison who discovers his tough-guy image is out of date. Reduced to working as a minder/driver for high class call girl Simone, he has to agree when she asks him to find a young colleague from her King's Cross days. That's when George's troubles just start.",/geBGfbhkgKHld8rM9XuLfzPGZ6I.jpg,1986-06-13,6.894,"['Crime', 'Drama', 'Romance', 'Thriller']"
2350,Heart Condition (1990),Comedy,41817.0,"Racist police officer Jack Moony has a vendetta against Napoleon Stone, a charismatic black lawyer who is sleeping with Jack's old flame Crystal Gerrity. Jack has a heart attack, but his life is saved when he receives Stone's heart, since Stone died mysteriously the same night as Jack was stricken. Stone is not completely gone, however, and as a ghost he is all too happy to give Jack advice on how he should do his job and live his life.",/2ApuvU24UEBlWeBiQGRyyOYFeqe.jpg,1990-02-02,5.6,"['Comedy', 'Crime', 'Drama', 'Fantasy']"
2351,"Nights of Cabiria (Notti di Cabiria, Le) (1957)",Drama,19426.0,"Rome, 1957. A woman, Cabiria, is robbed and left to drown by her boyfriend, Giorgio. Rescued, she resumes her life and tries her best to find happiness in a cynical world. Even when she thinks her struggles are over and she has found happiness and contentment, things may not be what they seem.",/xF4oCG3PLNbcrtPZbqB3BtkIbKg.jpg,1957-10-03,7.989,['Drama']
2352,"Big Chill, The (1983)",Comedy|Drama,12560.0,Seven old college friends gather for a weekend reunion after the funeral of one of their own.,/rU8kjMEL5Mn0EWm3gOShPHBEZ4l.jpg,1983-09-30,6.837,"['Comedy', 'Drama']"
2353,Enemy of the State (1998),Action|Thriller,9798.0,"When the videotape of the murder of a congressman unknowingly ends up in the hands of labor lawyer and dedicated family man Robert Clayton Dean, he is framed for the murder. With the help of the mysterious Brill, Dean attempts to throw the NSA off his trail and prove his innocence.",/x9pXrMKLsBGGOFyyZ0Gwt9YpVub.jpg,1998-11-20,7.057,"['Action', 'Drama', 'Thriller']"
2354,"Rugrats Movie, The (1998)",Animation|Children|Comedy,14444.0,"The Pickles family welcome a new arrival, Dil, whose constant crying and need for attention quickly exhaust the other toddlers. Seeking to return the ""broken"" baby to the hospital, the gang embarks on a journey in a Reptar Wagon that inadvertently veers off course, leaving them stranded in a vast, dangerous forest. While facing off against escaped circus monkeys and a predatory wolf, Tommy must overcome his own resentment to protect his brother and make it back home.",/uZejGKCSd6nwfMx8U0Td37U2fTc.jpg,1998-11-20,6.23,"['Family', 'Comedy', 'Adventure', 'Animation', 'Drama']"
2355,"Bug's Life, A (1998)",Adventure|Animation|Children|Comedy,9487.0,"On behalf of ""oppressed bugs everywhere,"" an inventive ant named Flik hires a troupe of warrior bugs to defend his bustling colony from a horde of freeloading grasshoppers led by the evil-minded Hopper.",/Ah3J9OJVc2CNCuH2zMydXy9fmIC.jpg,1998-11-25,6.974,"['Family', 'Animation', 'Adventure', 'Comedy']"
2356,Celebrity (1998),Comedy,9466.0,"The career and personal life of writer Lee are at a standstill, so he divorces his bashful wife, Robin, and dives into a new job as an entertainment journalist. His assignments take him to the swankiest corners of Manhattan, but as he jumps from one lavish party to another and engages in numerous empty romances, he starts to doubt the worth of his work. Meanwhile, top TV producer Tony falls for Robin and introduces her to the world of celebrity.",/q4UJHtH14nO8tbMfGtJ3Z3Tw5RW.jpg,1998-09-25,6.0,"['Drama', 'Comedy']"
2357,Central Station (Central do Brasil) (1998),Drama,666.0,"An emotional journey of a former school teacher, who writes letters for illiterate people, and a young boy, whose mother has just died, as they search for the father he never knew.",/zJvp7XjQ2LhPbDVYhFXyucs40vR.jpg,1998-04-03,8.134,['Drama']
2358,Savior (1998),Drama|War,2042.0,A hardened mercenary in the Foreign Legion begins to find his own humanity when confronted with atrocities during the fighting in Bosnia.,/7qMfDjUTEvLg5640CUAddk2BNpG.jpg,1998-06-01,7.2,"['History', 'Drama', 'War']"
2359,Waking Ned Devine (a.k.a. Waking Ned) (1998),Comedy,10162.0,"When a lottery winner dies of shock, his fellow townsfolk attempt to claim the money.",/bsxiOOKC40HlhdIJYCUE2BkpJv0.jpg,1998-11-20,7.06,['Comedy']
2360,"Celebration, The (Festen) (1998)",Drama,309.0,"The family of a wealthy businessman gather to celebrate his 60th birthday. During the course of the party, his eldest son presents a speech that reveals a devastating secret that turns the night into a battle of truth and denial.",/2LRzNq41yrY8EjCnD1S8sCCPvKk.jpg,1998-06-19,7.7,['Drama']
2361,Pink Flamingos (1972),Comedy,692.0,"Notorious Baltimore criminal and underground figure Divine goes up against Connie & Raymond Marble, a sleazy married couple who make a passionate attempt to humiliate her and seize her tabloid-given title as ""The Filthiest Person Alive"".",/10N8SvTQwUqyWgocPam1P18Jgr.jpg,1972-03-17,6.2,"['Comedy', 'Crime']"
2362,Glen or Glenda (1953),Drama,24018.0,"A psychiatrist tells two stories: one of a trans woman, the other of a pseudohermaphrodite.",/uZir2hA6VOmVNS6JdKb6RiYghTA.jpg,1953-04-01,4.605,"['Drama', 'Comedy']"
2363,Godzilla (Gojira) (1954),Drama|Horror|Sci-Fi,1678.0,"Japan is thrown into a panic after several ships are sunk near Odo Island. An expedition to the island led by Dr. Kyohei Yamane soon discover something far more devastating than imagined in the form of a 50 meter tall monster whom the natives call Gojira. Now the monster begins a rampage that threatens to destroy not only Japan, but the rest of the world as well.",/2W0Yw0qrgVMgdsSCZRKtfvaAh0i.jpg,1954-11-03,7.629,"['Thriller', 'Horror', 'Science Fiction']"
2364,"Godzilla 1985: The Legend Is Reborn (Gojira) (Godzilla) (Return of Godzilla, The) (1984)",Action|Horror|Sci-Fi|Thriller,39256.0,"Originally released in Japan as ""The Return of Godzilla""  in 1984, this is the heavily re-edited, re-titled ""Godzilla 1985"".  Adding in new footage of Raymond Burr, this 16th Godzilla film ignores all previous sequels and serves as a direct follow-up to the 1956 ""Godzilla King of the Monsters"", which also featured scenes with Burr edited into 1954's ""Godzilla"". This film restores the darker tone of the original, as we witness the nuclear destruction of giant lizard terrorizing Japan.",/blKtf1L6LA3mFW8aVJzxnaI8CLn.jpg,1985-08-23,6.791,"['Action', 'Science Fiction', 'Thriller']"
2365,King Kong vs. Godzilla (Kingukongu tai Gojira) (1962),Action|Sci-Fi,1680.0,"The advertising director of Pacific Pharmaceuticals, frustrated with the low ratings of their sponsored TV program, seeks a more sensationalist approach. He orders his staff to Faro Island to capture King Kong for exploitation. As Godzilla re-emerges, a media frenzy generates with Pacific looking to capitalize off of the ultimate battle.",/hXUiDE1CgRJlcXMVZC1g5wFAdn6.jpg,1962-08-11,6.9,"['Science Fiction', 'Comedy', 'Adventure', 'Fantasy', 'Action']"
2366,King Kong (1933),Action|Adventure|Fantasy|Horror,244.0,"Adventurous filmmaker Carl Denham sets out to produce a motion picture unlike anything the world has seen before. Alongside his leading lady Ann Darrow and his first mate Jack Driscoll, they arrive on an island and discover a legendary creature said to be neither beast nor man. Denham captures the monster to be displayed on Broadway as King Kong, the eighth wonder of the world.",/lHlnxKL5GbgRibyRFI7n1Ey850i.jpg,1933-04-07,7.595,"['Adventure', 'Fantasy', 'Horror']"
2367,King Kong (1976),Adventure|Fantasy|Romance|Sci-Fi|Thriller,10730.0,An oil company expedition disturbs the peace of a giant ape and brings him back to New York to exploit him.,/paYKhEwUaxKA05vmOfU7FlleTln.jpg,1976-09-08,6.3,"['Adventure', 'Fantasy', 'Horror']"
2368,King Kong Lives (1986),Adventure|Sci-Fi,31947.0,"After falling from the Twin Towers, Kong lies in a coma for ten years. When his heart begins to fail, scientists engineer an artificial heart, and a giant female ape is captured to serve as a source for a blood transfusion. When Kong awakens following his heart transplant, he senses the nearby presence of the female ape and the two escape to wreak havoc together.",/gI37vg2otF348OHxsx97hWCVvNI.jpg,1986-12-16,5.215,"['Fantasy', 'Action', 'Adventure']"
2369,Desperately Seeking Susan (1985),Comedy|Drama|Romance,8130.0,A bored New Jersey suburban housewife's fascination with a free-spirited woman she has read about in the personal columns leads to her being mistaken for the woman herself and into a chaotic adventure of amnesia and self-discovery.,/ighImRgzYzZ88skBHaT4B7ntJG8.jpg,1985-03-29,6.1,"['Drama', 'Comedy', 'Crime']"
2370,"Emerald Forest, The (1985)",Action|Adventure|Drama,11532.0,"For ten years, engineer Bill Markham has searched tirelessly for his son Tommy who disappeared from the edge of the Brazilian rainforest. Miraculously, he finds the boy living among the reclusive Amazon tribe who adopted him. And that's when Bill's adventure truly begins. For his son is now a grown tribesman who moves skillfully through this beautiful-but-dangerous terrain, fearful only of those who would exploit it. And as Bill attempts to ""rescue"" him from the savagery of the untamed jungle, Tommy challenges Bill's idea of true civilization and his notions about who needs rescuing.",/fdRlqPnPFaPyQqS3KiBLJwWQPBe.jpg,1985-06-22,6.636,"['Action', 'Adventure', 'Drama']"
2371,Fletch (1985),Comedy|Crime|Mystery,9749.0,"When investigative reporter Irwin ""Fletch"" Fletcher goes undercover to write a piece on the drug trade at a local beach, he's approached by wealthy businessman Alan Stanwyk, who offers him $50,000 to murder him. With sarcastic wit and a knack for disguises, Fletch sets out to uncover Stanwyk's story.",/nKDnMvVynvj7lwdv1iAZO1DzTYn.jpg,1985-05-31,6.7,"['Comedy', 'Crime', 'Mystery']"
2372,Fletch Lives (1989),Comedy,14628.0,"Fletch is a fish out of water in small-town Louisiana, where he's checking out a tumbledown mansion he's inherited. When a woman he flirts with turns up dead, he becomes a suspect and must find the killer and clear his name.",/A30iCFQVKXvQzGHEE4hyVC0QtrD.jpg,1989-03-17,6.036,"['Comedy', 'Crime', 'Mystery']"
2373,Red Sonja (1985),Action|Adventure|Fantasy,9626.0,"The tyrant Gedren seeks the total power in a world of barbarism. She raids the city Hablac and kills the keeper of a talisman that gives her great power. Red Sonja, sister of the keeper, sets out with her magic sword to overthrow Gedren.",/83v0W5cCSFsWpI0cAj8DRlihySN.jpg,1985-04-09,5.4,"['Adventure', 'Fantasy', 'Action']"
2374,Gung Ho (1986),Comedy|Drama,13698.0,"When a western Pennsylvania auto plant is acquired by a Japanese company, brokering auto worker Hunt Stevenson faces the tricky challenge of mediating the assimilation of two clashing corporate cultures. At one end is the Japanese plant manager and the sycophant who is angling for his position. At the other, a number of disgruntled long-time union members struggle with the new exigencies of Japanese quality control.",/sxnlQEb8dugTFK2KyFrq3iv3bHn.jpg,1986-03-14,6.043,"['Comedy', 'Drama']"
2375,"Money Pit, The (1986)",Comedy,10466.0,"After being evicted from their Manhattan apartment, a couple buy what looks like the home of their dreams—only to find themselves saddled with a bank-account-draining nightmare. Struggling to keep their relationship together as their rambling mansion falls to pieces around them, the two watch in hilarious horror as everything—including the kitchen sink—disappears into the Money Pit.",/bohhidIi1WWU5NNYF9l5wLQu3Ii.jpg,1986-03-26,6.507,"['Comedy', 'Romance']"
2376,"View to a Kill, A (1985)",Action|Adventure|Thriller,707.0,A newly-developed microchip designed by Zorin Industries for the British Government that can survive the electromagnetic radiation caused by a nuclear explosion has landed in the hands of the KGB. James Bond must find out how and why. His suspicions soon lead him to big industry leader Max Zorin who forms a plan to destroy his only competition in Silicon Valley by triggering a massive earthquake in the San Francisco Bay.,/arJF829RP9cYvh0NU70dC5TtXSa.jpg,1985-05-24,6.245,"['Adventure', 'Action', 'Thriller']"
2377,Lifeforce (1985),Horror|Sci-Fi,11954.0,"A race of space vampires arrives in London and infects the populace, commencing an apocalyptic descent into chaos.",/AeLmyhJNQd2BMFGER36ctAeDhIp.jpg,1985-06-21,6.253,"['Horror', 'Science Fiction', 'Action', 'Mystery']"
2378,Police Academy (1984),Comedy|Crime,9336.0,"New rules enforced by the Lady Mayoress mean that sex, weight, height and intelligence need no longer be a factor for joining the Police Force. This opens the floodgates for all and sundry to enter the Police Academy, much to the chagrin of the instructors. Not everyone is there through choice, though. Social misfit Mahoney has been forced to sign up as the only alternative to a jail sentence and it doesn't take long before he falls foul of the boorish Lieutenant Harris. But before long, Mahoney realises that he is enjoying being a police cadet and decides he wants to stay... while Harris decides he wants Mahoney out!",/qxUkWoFI7rF1KUgTgbE3UJEQuvG.jpg,1984-03-22,6.7,"['Comedy', 'Crime']"
2379,Police Academy 2: Their First Assignment (1985),Comedy|Crime,10157.0,"Officer Carey Mahoney and his cohorts have finally graduated from the Police Academy and are about to hit the streets on their first assignment. Question is, are they ready to do battle with a band of graffiti-tagging terrorists? Time will tell, but don't sell short this cheerful band of doltish boys in blue.",/cIyvBInW2aGms0zyV9Pgwp9UPJ4.jpg,1985-03-28,6.08,"['Comedy', 'Crime']"
2380,Police Academy 3: Back in Training (1986),Comedy|Crime,12118.0,"When police funding is cut, the Governor announces he must close one of the academies. To make it fair, the two police academies must compete against each other to stay in operation. Mauser persuades two officers in Lassard's academy to better his odds, but things don't quite turn out as expected...",/pBxGgWSR0CMaCVMA2kQS5MWU1z3.jpg,1986-03-20,5.802,"['Comedy', 'Crime']"
2381,Police Academy 4: Citizens on Patrol (1987),Comedy|Crime,10587.0,"A new batch of recruits arrives at Police Academy, this time a group of civilian volunteers who have joined Commandant Lassard's new Citizens on Patrol program. Although the community relations project has strong governmental support, a disgusted Captain Harris is determined to see it fail.",/vvk5aWBJE3EqDX2ln6M4J4UiUXr.jpg,1987-04-02,5.511,"['Comedy', 'Crime']"
2382,Police Academy 5: Assignment: Miami Beach (1988),Comedy|Crime,11825.0,The Police Academy misfits travel to Miami Beach for Commandant Lassard to be honored with a prestigious lifetime award pending his retirement. Things take a turn when Lassard unknowingly ends up in possession of stolen diamonds from a jewel heist.,/4m1qfTiVxdEDv0fgUf0FI7CA9Fe.jpg,1988-03-17,5.217,"['Comedy', 'Crime']"
2383,Police Academy 6: City Under Siege (1989),Comedy|Crime,11895.0,"Our favourite police men are called together to deal with a gang who rob banks and jewelers. Using their various talents as well as their extraordinary luck, the crooks stand no chance against our men and women in blue.",/g8CRCKNAsvUoQWqcXmctuIt1Nsw.jpg,1989-03-09,5.136,"['Comedy', 'Crime']"
2384,Babe: Pig in the City (1998),Adventure|Children|Drama,9447.0,"Babe, fresh from his victory in the sheepherding contest, returns to Farmer Hoggett's farm, but after Farmer Hoggett is injured and unable to work, Babe has to go to the big city to save the farm.",/glO6LcTWUZcbxWT2SB4eRDnFSsP.jpg,1998-11-25,5.663,"['Family', 'Adventure', 'Comedy', 'Drama']"
2385,Home Fries (1998),Comedy|Romance,12257.0,"Dorian and Angus chase down their womanizing stepfather with a helicopter, frightening him to death. In his effort to cover their tracks, Dorian begins investigating his stepfather's mistress, Sally. She works at a fast-food drive-through, she's pregnant and Dorian quickly falls in love with her. Unfortunately, his scheming mother wants Sally dead. And Sally isn't sure she wants Dorian to be her child's father and also his brother.",/rXEpaJIPlBqKq7QepB8uowmeAT2.jpg,1998-11-25,5.1,"['Comedy', 'Drama', 'Romance']"
2387,Very Bad Things (1998),Comedy|Crime,10029.0,"Kyle Fisher has one last night to celebrate life as a single man before marrying Laura, so he sets out to Vegas with four of his best buddies. But a drug and alcohol filled night on the town with a stripper who goes all the way, turns into a cold night in the desert with shovels when the stripper goes all the way into a body bag after dying in their bathroom. And that's just the first of the bodies to pile up before Kyle can walk down the aisle...",/rYmyRxF5e9fBdgcQScKu0CUtMy5.jpg,1998-09-11,6.269,"['Comedy', 'Crime', 'Thriller']"
2388,Steam: The Turkish Bath (Hamam) (1997),Drama|Romance,27104.0,Francesco and Marta run a husband-and-wife design company in Rome. When Francesco's aunt dies in Istanbul he travels there to sort out the hamam Turkish steam bath that she left him. He finds a love and warmth in his relatives' Istanbul home that is missing from his life in Italy.,/a1c3p8qvTXf3Eue9QNzq1kVG5MM.jpg,1997-05-09,6.6,['Drama']
2389,Psycho (1998),Crime|Horror|Thriller,11252.0,"A young female embezzler arrives at the Bates Motel, which has terrible secrets of its own.",/6pQpZu6JjPsbHzjhG545OsjU2TG.jpg,1998-12-04,5.1,"['Horror', 'Mystery', 'Thriller']"
2390,Little Voice (1998),Comedy,8545.0,"After the death of her father, Little Voice or LV becomes a virtual recluse, never going out and hardly ever saying a word. She just sits in her bedroom listening to her father's collection of old records of Shirley Bassey, Marilyn Monroe and various other famous female singers. But at night time, LV sings, imitating these great singers with surprising accuracy. One night she is overheard by one of her mother's boyfriends, who happens to be a talent agent. He manages to convince her that her talent is special and arranges for her to perform at the local night club, but several problems arise.",/7VxdMxSa3BEAvGl5nLvsgpBwrZH.jpg,1998-11-05,6.5,"['Comedy', 'Drama', 'Music']"
2391,"Simple Plan, A (1998)",Crime|Drama|Thriller,10223.0,"Captivated by the lure of sudden wealth, the quiet rural lives of two brothers erupt into conflicts of greed, paranoia and distrust when over $4 million in cash is discovered at the remote site of a downed small airplane. Their simple plan to retain the money while avoiding detection opens a Pandora's box when the fear of getting caught triggers panicked behavior and leads to virulent consequences.",/wO2gH7DMqpMeHlj5QmDhW4IkgAr.jpg,1998-12-11,7.206,"['Crime', 'Drama', 'Thriller']"
2392,Jack Frost (1998),Children|Comedy|Drama,9745.0,"A father, who can't keep his promises, dies in a car accident. One year later, he returns as a snowman, who has the final chance to put things right with his son before he is gone forever.",/tdSyQJe7vEDcH9kEVqzVcr0O9lS.jpg,1998-11-15,6.0,"['Comedy', 'Family', 'Drama', 'Fantasy']"
2393,Star Trek: Insurrection (1998),Action|Drama|Romance|Sci-Fi,200.0,"When an alien race and factions within Starfleet attempt to take over a planet that has ""regenerative"" properties, it falls upon Captain Picard and the crew of the Enterprise to defend the planet's people as well as the very ideals upon which the Federation itself was founded.",/xQCMAHeg5M9HpDIqanYbWdr4brB.jpg,1998-12-11,6.443,"['Science Fiction', 'Action', 'Adventure', 'Thriller']"
2394,"Prince of Egypt, The (1998)",Animation|Musical,9837.0,"The strong bond between two Royal Egyptian brothers is challenged when their chosen responsibilities set them at odds, with extraordinary consequences.",/2xUjYwL6Ol7TLJPPKs7sYW5PWLX.jpg,1998-12-16,7.3,"['Adventure', 'Animation', 'Drama', 'Family']"
2395,Rushmore (1998),Comedy|Drama,11545.0,"When a beautiful first-grade teacher arrives at a prep school, she soon attracts the attention of an ambitious teenager named Max, who quickly falls in love with her. Max turns to the father of two of his schoolmates for advice on how to woo the teacher. However, the situation soon gets complicated when Max's new friend becomes involved with her, setting the two pals against one another in a war for her attention.",/hSJ6swahAuZ8wM96lHDTwQPXUvZ.jpg,1998-12-11,7.395,"['Comedy', 'Drama']"
2396,Shakespeare in Love (1998),Comedy|Drama|Romance,1934.0,"Young William Shakespeare is forced to stage his latest comedy, 'Romeo and Ethel, the Pirate's Daughter', before it's even written. When lovely noblewoman Viola de Lesseps auditions for a role, they fall into forbidden love — and Shakespeare's play finds a new life (and title). As their relationship intensifies, the comedy soon transforms into tragedy.",/zdW7jdzPi4J9KZR3TyY2jn3Xh5e.jpg,1998-12-11,6.834,"['Romance', 'History', 'Comedy']"
2398,Miracle on 34th Street (1947),Comedy|Drama,11881.0,"Kris Kringle, seemingly the embodiment of Santa Claus, is asked to portray the jolly old fellow at Macy's following his performance in the Thanksgiving Day parade. His portrayal is so complete that many begin to question if he truly is Santa Claus, while others question his sanity.",/vehuIm3y6BeMI7mYjxzaA1H8M0k.jpg,1947-06-04,7.4,"['Comedy', 'Drama', 'Family']"
2399,Santa Claus: The Movie (1985),Adventure|Children|Fantasy,13764.0,"In ancient times, a man named Claus, who delivers toys in his small village, fulfils his destiny to become Santa Claus after meeting an expert toy-making elf, Patch, in the North Pole. In the present day, Santa Claus has become overwhelmed by his workload, and the disgruntled Patch flees the workshop to New York City. There, Patch unknowingly threatens the fate of Christmas by taking a job at a failing toy company run by a scheming businessman.",/tZvGQF2623FD0MZgvOy18J5d7x5.jpg,1985-10-29,6.3,"['Family', 'Fantasy', 'Adventure']"
2400,Prancer (1989),Children|Drama|Fantasy,24951.0,"Jessica, the daughter of an impoverished apple farmer, still believes in Santa Claus. So when she comes across a reindeer with an injured leg, it makes perfect sense to her to assume that it is Prancer, who had fallen from a Christmas display in town. She hides the reindeer in her barn and feeds it cookies, until she can return it to Santa. Her father finds the reindeer and decides to sell it to the butcher, not for venison chops, but as an advertising display.",/g3JfCGX9fgHwmmKFhRzu7BYc29d.jpg,1989-11-17,6.0,"['Family', 'Drama', 'Fantasy']"
2401,Pale Rider (1985),Western,8879.0,A mysterious preacher protects a humble prospector village from a greedy mining company trying to encroach on their land.,/kpAN5WnDEVWYzMDPkXHTbrDQuak.jpg,1985-06-28,7.2,"['Western', 'Drama']"
2402,Rambo: First Blood Part II (1985),Action|Adventure|Thriller,1369.0,John Rambo is released from prison by the government for a top-secret covert mission to the last place on Earth he'd want to return - the jungles of Vietnam.,/pzPdwOitmTleVE3YPMfIQgLh84p.jpg,1985-05-21,6.658,"['Action', 'Adventure', 'Thriller', 'War']"
2403,First Blood (Rambo: First Blood) (1982),Action|Adventure|Drama|Thriller,1368.0,"When former Green Beret John Rambo is harassed by local law enforcement and arrested for vagrancy, he is forced to flee into the mountains and wage an escalating one-man war against his pursuers.",/dR5fbo0ry5TsC7euEXFUkx2QzVk.jpg,1982-10-22,7.504,"['Action', 'Adventure', 'Thriller', 'War']"
2404,Rambo III (1988),Action|Adventure|Thriller|War,1370.0,"Combat has taken its toll on Rambo, but he's finally begun to find inner peace in a monastery. When Rambo's friend and mentor Col. Trautman asks for his help on a top secret mission to Afghanistan, Rambo declines but must reconsider when Trautman is captured.",/uycbt9iVlAnKkQIisqUWuO8hVcm.jpg,1988-05-24,6.197,"['Action', 'Adventure', 'Thriller', 'War']"
2405,"Jewel of the Nile, The (1985)",Action|Adventure|Comedy|Romance,10303.0,"Joan Wilder is thrust back into a world of murder, chases, foreign intrigue... and love. This time out she's duped by a duplicitous Arab dignitary who brings her to the Middle East, ostensibly to write a book about his life. Of course, he's up to no good, and Joan is just another pawn in his wicked game. But Jack Colton and his sidekick Ralph show up to help our intrepid heroine save the day.",/6VjsIhnIcrz2XdQVHdsMj5DdSa1.jpg,1985-08-01,6.208,"['Adventure', 'Action', 'Comedy', 'Romance']"
2406,Romancing the Stone (1984),Action|Adventure|Comedy|Romance,9326.0,"Though she can spin wild tales of passionate romance, novelist Joan Wilder has no life of her own. Then one day adventure comes her way in the form of a mysterious package. It turns out that the parcel is the ransom she'll need to free her abducted sister, so Joan flies to South America to hand it over. But she gets on the wrong bus and winds up hopelessly stranded in the jungle.",/qaCLbDs6Ace4I1lAbBNWPQAm75h.jpg,1984-03-30,6.8,"['Romance', 'Comedy', 'Action', 'Adventure']"
2407,Cocoon (1985),Comedy|Sci-Fi,10328.0,"When a group of trespassing seniors swim in a pool containing alien cocoons, they find themselves energized with youthful vigor.",/wqNNm36j3nkucAucHEGAW5pNZcd.jpg,1985-06-21,6.635,"['Comedy', 'Science Fiction', 'Mystery', 'Drama']"
2408,Cocoon: The Return (1988),Comedy|Sci-Fi,11285.0,"The reinvigorated elderly group that left Earth comes back to visit their relatives. Will they all decide to go back to the planet where no one grows old, or will they be tempted to remain on Earth?",/xBsXdBl8qCXoQsWX6vfsVjWOMGk.jpg,1988-09-13,6.475,"['Comedy', 'Science Fiction']"
2409,Rocky II (1979),Action|Drama,1367.0,"After Rocky goes the distance with champ Apollo Creed, both try to put the fight behind them and move on. Rocky settles down with Adrian but can't put his life together outside the ring, while Creed seeks a rematch to restore his reputation. Soon enough, the ""Master of Disaster"" and the ""Italian Stallion"" are set on a collision course for a climactic battle that is brutal and unforgettable.",/nMaiiu0CzT77U4JZkUYV7KqdAjK.jpg,1979-06-15,7.288,['Drama']
2410,Rocky III (1982),Action|Drama,1371.0,Following Rocky Balboa's intense battle with his most powerful adversary yet – the ferocious Clubber Lang – Rocky joins forces with former rival Apollo Creed in an effort to get back his fighting spirit.,/lklrplDDuALhY3k8IDFdRqtpZPk.jpg,1982-05-28,6.9,"['Drama', 'Action']"
2411,Rocky IV (1985),Action|Drama,1374.0,"Rocky Balboa holds the world heavyweight championship, but a new challenger has stepped forward: Drago, a six-foot-four, 261-pound fighter who has the backing of the Soviet Union. This time, Rocky's training regimen takes him to Siberia, where he prepares for a globally televised match in the heart of Moscow. But nothing can truly prepare him for what he's about to face – a fight to the finish, in which he must defend not only himself, but also the honor of his country!",/2MHUit4H6OK5adcOjnCN6suCKOl.jpg,1985-11-21,7.079,['Drama']
2412,Rocky V (1990),Action|Drama,1375.0,"A lifetime of taking shots has ended Rocky’s career, and a crooked accountant has left him broke. Inspired by the memory of his trainer, however, Rocky finds glory in training and takes on an up-and-coming boxer.",/qCARerjCFZOEeLiVdomhwRYlDSn.jpg,1990-11-16,5.772,['Drama']
2413,Clue (1985),Comedy|Crime|Mystery|Thriller,15196.0,"Clue finds six colorful dinner guests gathered at the mansion of their host, Mr. Boddy -- who turns up dead after his secret is exposed: He was blackmailing all of them. With the killer among them, the guests and Boddy's chatty butler must suss out the culprit before the body count rises.",/aRxbYOYHS8T73nzR8hsLousoplR.jpg,1985-12-13,7.205,"['Comedy', 'Thriller', 'Crime', 'Mystery']"
2414,Young Sherlock Holmes (1985),Action|Adventure|Children|Fantasy|Mystery|Thriller,11904.0,"Sherlock Holmes and Dr. Watson meet as boys in an English Boarding school. Holmes is known for his deductive ability even as a youth, amazing his classmates with his abilities. When they discover a plot to murder a series of British business men by an Egyptian cult, they move to stop it.",/aOxVYvQoAfNSns4hW5Ah55GBzgq.jpg,1985-12-04,6.742,"['Mystery', 'Adventure', 'Thriller']"
2415,Violets Are Blue... (1986),Drama|Romance,215875.0,"After fifteen years of traveling around the world, Gussie, a famous photographer, returns to the Maryland coastal resort where she grew up. She meets her high school sweetheart, Henry, who is now married and running the local newspaper he inherited from his father. An awkward and tension-filled romance ensues.",/pOmri5BgiLGc0jieg0JhHjSWPDG.jpg,1986-04-04,4.8,"['Drama', 'Romance']"
2416,Back to School (1986),Comedy,15596.0,"Self-made millionaire Thornton Melon decides to get a better education and enrolls at his son Jason's college. While Jason tries to fit in with his fellow students, Thornton struggles to gain his son's respect, giving way to hilarious antics.",/bIQH3dptGaMBtwos7j9lEHt65BV.jpg,1986-06-13,6.342,['Comedy']
2417,Heartburn (1986),Comedy|Drama,13818.0,"She's a magazine writer who gives up her career for love and family. He's a playboy newspaper columnist who can't quite give up his old tricks. And if that combination doesn't give a relationship heartburn, nothing will.",/pF1uPAi9TWRSRLf9SHfIDQle2NK.jpg,1986-07-25,6.0,"['Comedy', 'Drama', 'Romance']"
2418,Nothing in Common (1986),Comedy,29968.0,A successful advertising executive finds his freewheeling life crashing to a halt when his parents end their longtime marriage.,/m2G6Idl1CKJwOt8aFsnJk08sfDP.jpg,1986-07-29,5.8,"['Drama', 'Comedy', 'Romance']"
2419,Extremities (1986),Drama|Thriller,44326.0,"A woman escapes from the man who is about to rape her, but leaves her purse behind. Afraid that her attacker might come after her, she goes to the police, but with no proof of the incident, they can do nothing. In fact, the man does use the information in her bag and comes to her apartment with the intent of rape, but she sprays him in the face with insect repellent, and then holds him captive. She is then faced with deciding whether to go to the police who might not believe her and release him, or to kill him.",/AnzuqWIL840oE2vgtW81q1p1CAL.jpg,1986-08-22,6.1,"['Thriller', 'Drama']"
2420,"Karate Kid, The (1984)",Drama,1885.0,"New Jersey teen Daniel LaRusso moves to Los Angeles with his mother, and soon strikes up a relationship with Ali. He quickly finds himself the target of bullying by a group of thugs, led by Ali's ex-boyfriend Johnny, who study karate at the Cobra Kai dojo under ruthless sensei John Kreese. Fortunately, Daniel befriends Mr. Miyagi, an unassuming repairman who just happens to be a martial arts master himself. Miyagi takes Daniel under his wing, training him in a more compassionate form of karate for self-defense and, later, preparing him to compete against the brutal Cobra Kai.",/1mp4ViklKvA0WXXsNvNx0RBuiit.jpg,1984-06-22,7.216,"['Action', 'Drama']"
2421,"Karate Kid, Part II, The (1986)",Action|Adventure|Drama,8856.0,"Summoned by his dying father, Miyagi returns to his homeland of Okinawa, with Daniel, after a 40-year exile. There he must confront Yukie, the love of his youth, and Sato, his former best friend turned vengeful rival. Sato is bent on a fight to the death, even if it means the destruction of their village. Daniel finds his own love in Yukia's niece, Kumiko, and his own enemy in Sato's nephew, the vicious Chozen. Now, far away from the tournaments, cheering crowds and safety of home, Daniel will face his greatest challenge ever when the cost of honor is life itself.",/k0OwgRR6PNu7h3SiqpCbRdZWNaG.jpg,1986-06-18,6.331,"['Adventure', 'Drama', 'Action', 'Romance', 'Family']"
2422,"Karate Kid, Part III, The (1989)",Action|Adventure|Children|Drama,10495.0,"Despondent over the closing of his karate school, Cobra Kai teacher John Kreese joins a ruthless businessman and martial artist to get revenge on Daniel and Mr. Miyagi.",/lVZ3r0iDwGejlCvFEvXGzhQB9ds.jpg,1989-06-16,5.926,"['Action', 'Family', 'Drama', 'Adventure']"
2423,Christmas Vacation (National Lampoon's Christmas Vacation) (1989),Comedy,5825.0,"It's Christmastime, and the Griswolds are preparing for a family seasonal celebration. But things never run smoothly for Clark, his wife Ellen, and their two kids. Clark's continual bad luck is worsened by his obnoxious family guests, but he manages to keep going, knowing that his Christmas bonus is due soon.",/oat42hUw8XzKYUmfy0YLAxYd484.jpg,1989-11-30,7.235,['Comedy']
2424,You've Got Mail (1998),Comedy|Romance,9489.0,Book superstore magnate Joe Fox and independent book shop owner Kathleen Kelly fall in love in the anonymity of the Internet—both blissfully unaware that he's trying to put her out of business.,/e2uVtH6TpMfUl7WeOM70ezkcjsU.jpg,1998-12-18,6.701,"['Comedy', 'Romance']"
2425,"General, The (1998)",Crime,16885.0,"The real-life story of Dublin folk hero and criminal Martin Cahill, who pulled off two daring robberies in Ireland with his team, but attracted unwanted attention from the police, the I.R.A., the U.V.F., and members of his own team.",/3UUR2Evm2JtC2odd2UMYgs9Yi1x.jpg,1998-05-01,6.694,"['Crime', 'Drama']"
2427,"Thin Red Line, The (1998)",Action|Drama|War,8741.0,"The story of a group of men, an Army Rifle company called C-for-Charlie, who change, suffer, and ultimately make essential discoveries about themselves during the fierce World War II battle of Guadalcanal. It follows their journey, from the surprise of an unopposed landing, through the bloody and exhausting battles that follow, to the ultimate departure of those who survived.",/seMydAaoxQP6F0xbE1jOcTmn5Jr.jpg,1998-12-23,7.444,"['Drama', 'History', 'War']"
2428,"Faculty, The (1998)",Horror|Sci-Fi,9276.0,"When some very creepy things start happening around school, the kids at Herrington High make the chilling discovery that confirms their worst suspicions: their teachers really are from another planet!",/5XetJwmAiDC0EtH23NIXaqFn3Wl.jpg,1998-12-25,6.563,"['Horror', 'Science Fiction']"
2429,Mighty Joe Young (1998),Action|Adventure|Drama|Fantasy|Thriller,9822.0,"As a child living in Africa, Jill Young saw her mother killed while protecting wild gorillas from poachers led by Andrei Strasser. Now an adult, Jill cares for an orphaned gorilla named Joe -- who, due to a genetic anomaly, is 15 feet tall. When Gregg O'Hara arrives from California and sees the animal, he convinces Jill that Joe would be safest at his wildlife refuge. But Strasser follows them to the U.S., intent on capturing Joe for himself.",/93oAWBl6UIEmeknmRKbUkVq4cKl.jpg,1998-12-25,6.3,"['Adventure', 'Family', 'Action', 'Fantasy']"
2430,Mighty Joe Young (1949),Adventure|Children|Drama,39314.0,"A young woman, Jill Young, grew up on her father's ranch in Africa, raising a large gorilla named Joe from an infant. Years later, she brings him to Hollywood to become a star.",/tTTS9Bi7JReyGpCKyDuyZNSLTT4.jpg,1949-07-13,6.4,"['Adventure', 'Fantasy', 'Drama', 'Action']"
2431,Patch Adams (1998),Comedy|Drama,10312.0,"The true story of Dr. Hunter ""Patch"" Adams, who in the 1970s found that humor is the best medicine, and was willing to do just anything to make his patients laugh—even if it meant risking his own career.",/xN1aKur5ddWQSXTqvzDPJD2TCxe.jpg,1998-12-25,7.308,"['Comedy', 'Drama']"
2432,Stepmom (1998),Drama,9441.0,"Jackie is a divorced mother of two. Isabel is the career minded girlfriend of Jackie’s ex-husband Luke, forced into the role of unwelcome stepmother to their children. But when Jackie discovers she is ill, both women realise they must put aside their differences to find a common ground and celebrate life to the fullest, while they have the chance.",/wMPv2Yz6QDzv6YhSbaqM48Medl1.jpg,1998-12-25,7.1,"['Drama', 'Romance', 'Comedy']"
2433,"Civil Action, A (1998)",Drama,9422.0,"Jan Schlickmann is a cynical lawyer who goes out to 'get rid of' a case, only to find out it is potentially worth millions. The case becomes his obsession, to the extent that he is willing to give up everything—including his career and his clients' goals—in order to continue the case against all odds.",/2AVF1cjRGOfaB4oteSzxvHiQ3hR.jpg,1998-12-25,6.47,['Drama']
2435,Hurlyburly (1998),Drama,24525.0,A group of actors and their casting agents try to find a direction in their lives whilst coming to terms with their personal problems and relationship conflicts.,/wg7GBXBALHQ0tjmyMiwu5gcDss9.jpg,1998-12-25,5.5,"['Comedy', 'Drama']"
2436,Tea with Mussolini (1999),Comedy|Drama|War,10368.0,"In 1930s fascist Italy, adolescent Luca just lost his mother. His father, a callous businessman, sends him to be taken care of by British expatriate Mary Wallace. Mary and her cultured friends - including artist Arabella, young widow Elsa, and archaeologist Georgie - keep a watchful eye over the boy. But the women's cultivated lives take a dramatic turn when Allied forces declare war on Mussolini.",/i3rAPxhhDjqsL1rZJM57pyR7xFW.jpg,1999-03-25,6.426,"['Comedy', 'Drama', 'War']"
2439,Affliction (1997),Drama,31662.0,A small town policeman must investigate a suspicious hunting accident. The investigation and other events result in him slowly disintegrating mentally.,/hNu8ePwoRyXDQxhLY4iurCVXAQs.jpg,1998-02-12,6.3,"['Crime', 'Drama', 'Mystery', 'Thriller']"
2442,Hilary and Jackie (1998),Drama,46992.0,"The tragic story of world-renowned cellist Jacqueline du Pré, as told from the point of view of her sister, flautist Hilary du Pré-Finzi.",/aE2NJH2sllQTmbpN6laKuM7NXYy.jpg,1998-12-30,6.5,"['Drama', 'Music']"
2443,Playing by Heart (1998),Drama|Romance,825.0,"In a vibrant tapestry of love and longing, nine interconnected souls navigate romance and heartbreak in L.A., where passions collide and truths unfold, revealing that the heart's desires often lead us where we least expect.",/3neHR1oPnC0OpcYhLn0TEdSHoEp.jpg,1998-12-30,6.6,"['Comedy', 'Drama', 'Romance']"
2445,At First Sight (1999),Drama,15556.0,A blind man has an operation to regain his sight at the urging of his girlfriend and must deal with the changes to his life.,/9nylrKj8zWxTor9BCy3umv6WHZe.jpg,1999-01-15,6.0,"['Drama', 'Romance']"
2446,In Dreams (1999),Horror|Thriller,28902.0,"A suburban housewife learns that she has psychic connections to a serial killer, and can predict this person's motives through her dreams.",/q3Q00fCgeZGjAYaiwbfTMuIrUb0.jpg,1999-01-15,5.5,"['Mystery', 'Thriller', 'Horror']"
2447,Varsity Blues (1999),Comedy|Drama,14709.0,"In small-town Texas, high school football is a religion, 17-year-old schoolboys carry the hopes of an entire community onto the gridiron every Friday night. When star quarterback Lance Harbor suffers an injury, the Coyotes are forced to regroup under the questionable leadership of John Moxon, a second-string quarterback with a slightly irreverent approach to the game.",/g2jX2Xmx7drbc6J9MLJEBghR7Mg.jpg,1999-01-15,6.129,"['Comedy', 'Drama', 'Romance']"
2448,Virus (1999),Horror|Sci-Fi,9423.0,"When the crew of an American tugboat boards an abandoned Russian research vessel, the alien life form aboard regards them as a virus which must be destroyed.",/5Np88iigCfnXvMlMKmCcbPVIbYQ.jpg,1999-01-14,5.4,"['Horror', 'Action', 'Science Fiction']"
2450,Howard the Duck (1986),Adventure|Comedy|Sci-Fi,10658.0,"A scientific experiment unknowingly brings extraterrestrial life forms to the Earth through a laser beam. First is the cigar-smoking drake, Howard, from the duck's planet. A few kids try to keep him from the greedy scientists and help him back to his planet, but then a much less friendly being arrives through the beam...",/eU0dWo8PJgsSAZFbcyHiUpuLSyW.jpg,1986-08-01,5.426,"['Fantasy', 'Comedy', 'Action', 'Adventure', 'Romance', 'Science Fiction']"
2451,"Gate, The (1987)",Horror,6917.0,"Three young children accidentally release a horde of nasty, pint-sized demons from a hole in a suburban backyard. What follows is a classic battle between good and evil as the three kids struggle to overcome a nightmarish hell that is literally taking over the Earth.",/ik7AfGWpwKnjaQeth3LZqrqzvfB.jpg,1987-04-21,6.1,"['Horror', 'Fantasy']"
2453,"Boy Who Could Fly, The (1986)",Drama|Fantasy,24086.0,"Milly and Louis, and their recently-widowed mom, Charlene, move to a new neighborhood. Once there, they all deal with a variety of personal problems, but Milly finds a friend in Eric, her autistic next door neighbor. Eric has a fascination with flight, and as the story progresses, he exerts an enthralling force of change on all those around him.",/eYOc7glRhPhyTDKZ05FuT1IdVzj.jpg,1986-08-15,6.3,"['Drama', 'Family', 'Fantasy']"
2454,"Fly, The (1958)",Horror|Mystery|Sci-Fi,11815.0,"Industrialist François Delambre is called late at night by his sister-in-law, Helene, who tells him that she has just killed her husband. Reluctant at first, she eventually explains to the police that he invented a matter transportation apparatus and, while experimenting on himself, a fly entered the chamber.",/kXdBcDh2EbgSIf4Oo1dxKapZM2f.jpg,1958-07-16,7.0,"['Science Fiction', 'Horror', 'Drama']"
2455,"Fly, The (1986)",Drama|Horror|Sci-Fi|Thriller,9426.0,"When Seth Brundle makes a huge scientific and technological breakthrough in teleportation, he decides to test it on himself. Unbeknownst to him, a common housefly manages to get inside the device and the two become one.",/8gZWMhJHRvaXdXsNhERtqNHYpH3.jpg,1986-08-15,7.428,"['Horror', 'Science Fiction']"
2456,"Fly II, The (1989)",Horror|Sci-Fi,10344.0,"Martin Brundle, born of the human/fly, is adopted by his father's place of employment (Bartok Inc.) while the employees simply wait for his mutant chromosomes to come out of their dormant state.",/gORksEPahEgO409HYJOZlNVyEpe.jpg,1989-02-10,5.692,"['Horror', 'Science Fiction']"
2457,Running Scared (1986),Action|Comedy,15698.0,Two street-wise Chicago cops have to shake off some rust after returning from a Key West vacation to pursue a drug dealer that nearly killed them in the past.,/nSiRjhc7aTVPonXAhmTZAPqd2jT.jpg,1986-06-27,6.057,"['Comedy', 'Crime', 'Thriller']"
2458,Armed and Dangerous (1986),Comedy|Crime,2620.0,"After policeman Frank Dooley is framed for theft and loses his job on the force, he joins a security guard agency and teams up with inept former defense lawyer Norman Kane. When the two botch a job guarding a local warehouse, they begin to uncover corruption within the company and their union.",/28SqYDrMyF5EqXfSmRgoqdYzNz5.jpg,1986-08-15,5.7,"['Action', 'Comedy', 'Crime']"
2459,"Texas Chainsaw Massacre, The (1974)",Horror,30497.0,"Five friends head out to rural Texas to visit the grave of a grandfather. On the way, they stumble across what appears to be a deserted house, only to discover something sinister within. Something armed with a chainsaw.",/mpgkRPH1GNkMCgdPk2OMyHzAks7.jpg,1974-10-11,7.3,['Horror']
2460,"Texas Chainsaw Massacre 2, The (1986)",Horror,16337.0,A radio host is victimised by the notorious cannibal family while a former Texas Marshal hunts them.,/cO1Dvg7k87lHSPOdumn3ddJEKdX.jpg,1986-08-22,5.649,"['Horror', 'Comedy', 'Thriller']"
2462,Texas Chainsaw Massacre: The Next Generation (a.k.a. The Return of the Texas Chainsaw Massacre) (1994),Horror,16780.0,"A group of teenagers get into a car crash in the Texas woods on prom night, and then wander into an old farmhouse that is home to Leatherface and his insane family of cannibalistic psychopaths.",/e1ikqofvLBddrZJ73IjmJWhUYus.jpg,1995-09-22,4.559,"['Horror', 'Comedy', 'Thriller']"
2463,Ruthless People (1986),Comedy,12151.0,"Sam Stone hates his wife Barbara so much that he wants her dead. He's ecstatic when she's taken by a duo of kidnappers who want $500,000 ransom in exchange for her life. Fully intending to ignore every one of the kidnappers' demands in the hopes that they do him a favor and murder her for him, the two confused kidnappers have to figure out how they're going get their money, and what they're going to do with the overbearing Barbara.",/fA3f8bsXoVbIALq4EdiAwptF1ws.jpg,1986-06-26,6.57,['Comedy']
2465,Deadly Friend (1986),Horror,33278.0,"When tragedy strikes his remarkable robot and the beautiful girl next door, lonely teenage genius Paul tries to save them by pushing technology beyond its known limits into a terrifying new realm.",/24X1pdzeU9x2QCVDu957tpUA0kp.jpg,1986-10-10,6.2,"['Horror', 'Science Fiction']"
2467,"Name of the Rose, The (Name der Rose, Der) (1986)",Crime|Drama|Mystery|Thriller,192.0,"14th-century Franciscan monk William of Baskerville and his young novice arrive at a conference to find that several monks have been murdered under mysterious circumstances. To solve the crimes, William must rise up against the Church's authority and fight the shadowy conspiracy of monastery monks using only his intelligence; which is considerable.",/d6dlbTBb3N7nXDz7tQslDJs2jgv.jpg,1986-09-24,7.495,"['Drama', 'Thriller', 'Mystery']"
2468,Jumpin' Jack Flash (1986),Action|Comedy|Romance|Thriller,10945.0,"Terry works for a bank, and uses computers to communicate with clients all over the world. One day, she gets a strange coded message from an unknown source. After decoding the message, Terry becomes embroiled in an espionage ring. People are killed, and Terry is chased. Throughout, she remains in contact with this mysterious person, who needs Terry's help save his life.",/znVUM7RUBwQ16Q9lTmuMpaWJ7so.jpg,1986-10-09,6.1,"['Romance', 'Comedy', 'Thriller']"
2469,Peggy Sue Got Married (1986),Comedy|Drama,10013.0,"At her 25th high school reunion, Peggy Sue faints and awakens in 1960—back in her senior year, before her marriage and all her regrets. Given a second chance to relive her youth, she must decide whether to change the choices that shaped her life or embrace the past that made her who she is.",/tfuQcvQmURiMqB2VPwytU3cPpEm.jpg,1986-10-10,6.112,"['Comedy', 'Drama', 'Fantasy']"
2470,Crocodile Dundee (1986),Adventure|Comedy,9671.0,"When a New York reporter plucks crocodile hunter Mick Dundee from the Australian Outback for a visit to the Big Apple, it's a clash of cultures and a recipe for good-natured comedy as naïve Dundee negotiates the concrete jungle. He proves that his instincts are quite useful in the city and adeptly handles everything from wily muggers to high-society snoots without breaking a sweat.",/pduPduL1ub5kok3lPYT15ryC9L6.jpg,1986-09-26,6.4,"['Adventure', 'Comedy']"
2471,Crocodile Dundee II (1988),Action|Adventure|Comedy,9396.0,Australian outback expert protects his New York love from gangsters who've followed her down under.,/2Nf0xeDuToLHysdkWj3aT5r42rC.jpg,1988-05-19,5.9,"['Adventure', 'Comedy']"
2472,Tough Guys (1986),Comedy,11038.0,"Harry Doyle and Archie Lang are two old-time train robbers, who held up a train in 1956 and have been incarcerated for thirty years. After serving their time, they are released from jail and have to adjust to a new life of freedom. and soon realize that they still have the pizzazz when, picking up their prison checks at a bank, they foil a robbery attempt.",/eDp0MPUSCeXrIziaZC65iUHISLs.jpg,1986-10-03,6.0,"['Comedy', 'Crime']"
2473,Soul Man (1986),Comedy,12278.0,"A white prospective grad student's affluent family won't pay his way through law school, so he takes tanning pills to darken his skin in order to qualify for an African-American scholarship at Harvard. He soon gets more than he bargained for, as he begins to learn what life is really like for blacks in America.",/d6jh6qiowC4QHePBgpy7Zrytbba.jpg,1986-10-24,5.2,['Comedy']
2474,"Color of Money, The (1986)",Drama,11873.0,"Former pool hustler ""Fast Eddie"" Felson decides he wants to return to the game by taking a pupil. He meets talented but green Vincent Lauria and proposes a partnership. As they tour pool halls, Eddie teaches Vincent the tricks of scamming, but he eventually grows frustrated with Vincent's showboat antics, leading to an argument and a falling-out. Eddie takes up playing again and soon crosses paths with Vincent as an opponent.",/dVdnHmdQu3JtLAAksjTmTEF76gD.jpg,1986-10-17,6.852,['Drama']
2475,52 Pick-Up (1986),Action|Mystery|Thriller,18588.0,"Harry Mitchell is a successful Los Angeles manufacturer whose wife is running for city council. His life is turned upside down when three blackmailers confront him with a videotape of him with his young mistress and demand $100,000. Fearing that the story will hurt his wife's political campaign if he goes to the police, Harry pretends that he will pay the men, but does not follow through.",/ru8dtoh6tNi7kKAbLgbaE9J5SGf.jpg,1986-11-07,6.0,"['Crime', 'Drama', 'Thriller', 'Action']"
2476,Heartbreak Ridge (1986),Action|War,10015.0,"A hard-nosed, hard-living Marine gunnery sergeant clashes with his superiors and his ex-wife as he takes command of a spoiled recon platoon with a bad attitude.",/aMr99UigkMCTSPnLTpkzJeLmpyc.jpg,1986-12-05,6.885,"['War', 'Drama']"
2477,Firewalker (1986),Adventure,12715.0,A pair of adventurers try to track down an ancient Aztec/Mayan/Egyptian/Apache horde of gold.,/qFUBCOH0HxI9qRcjoG9xChfwEsk.jpg,1986-11-21,5.311,"['Action', 'Adventure', 'Comedy']"
2478,¡Three Amigos! (1986),Comedy|Western,8388.0,A trio of unemployed silent film actors are mistaken for real heroes by a small Mexican village in search of someone to stop a malevolent bandit.,/dUNRnhl2cwjFJ6TOsaPJmZeMZ0S.jpg,1986-12-12,6.3,"['Comedy', 'Western', 'Action']"
2481,My Name Is Joe (1998),Drama|Romance,8129.0,"Two thirtysomethings, unemployed former alcoholic Joe and community health worker Sarah, start a romantic relationship in one of the toughest Glasgow neighbourhoods.",/e9awu6tsCyWPAUA2eEoelFSTbcb.jpg,1998-05-15,7.2,['Drama']
2482,Still Crazy (1998),Comedy|Romance,1618.0,"In the 1970s, Strange Fruit were it. They lived the rock lifestyle to the max, groupies, drugs, internal tension and an ex front man dead from an overdose. Even their demise was glamorous; when lightning struck the stage during an outdoor festival. Twenty years on, these former rock gods they have now sunk deep into obscurity when the idea of a reunion tour is lodged in the head of Tony, former keyboard player of the Fruits. Tony sets out to find his former bandmates with the help of former manager Karen to see if they can recapture the magic and give themselves a second chance.",/o1k991eZm7iF8JUNiVdUZU44x5c.jpg,1998-10-30,6.8,"['Comedy', 'Music']"
2483,"Day of the Beast, The (Día de la Bestia, El) (1995)",Adventure|Comedy|Thriller,10722.0,"When a rogue priest discovers the exact date the Antichrist will be born, he enlists a Death Metal record store clerk and a cheesy TV psychic for an urban spree of gore, sacrilege and twisted humor to prevent the Apocalypse.",/yEXhgACPIV4PmTgHT2HS3Ko2oS3.jpg,1995-10-20,7.2,"['Horror', 'Comedy', 'Action']"
2485,She's All That (1999),Comedy|Romance,10314.0,"High school hotshot Zach Siler is the envy of his peers. But his popularity declines sharply when his cheerleader girlfriend, Taylor, leaves him for sleazy reality-television star Brock Hudson. Desperate to revive his fading reputation, Siler agrees to a seemingly impossible challenge. He has six weeks to gain the trust of nerdy outcast Laney Boggs -- and help her to become the school's next prom queen.",/a0pepZNFCjggc7Na9gEwbTI1f46.jpg,1999-01-29,6.312,"['Comedy', 'Romance']"
2488,Peeping Tom (1960),Drama|Horror|Thriller,11167.0,"Loner Mark Lewis works at a film studio during the day and, at night, takes racy photographs of women. Also he's making a documentary on fear, which involves recording the reactions of victims as he murders them. He befriends Helen, the daughter of the family living in the apartment below his, and he tells her vaguely about the movie he is making.",/kM4AfLIlbcuRZ621vYjyeBFkuba.jpg,1960-04-07,7.4,"['Horror', 'Thriller', 'Drama']"
2490,Payback (1999),Action|Thriller,2112.0,"With friends like these, who needs enemies? That's the question bad guy Porter is left asking after his wife and partner steal his heist money and leave him for dead -- or so they think. Five months and an endless reservoir of bitterness later, Porter's partners and the crooked cops on his tail learn how bad payback can be.",/8Bqlv2kbOyZFqfiPNgzdBscqYPn.jpg,1999-02-05,6.819,"['Action', 'Drama', 'Crime', 'Thriller']"
2491,Simply Irresistible (1999),Comedy|Romance,16172.0,"After her mother's death, mediocre chef Amanda Shelton is having trouble attracting customers to her family's restaurant. While shopping for ingredients, she is given a magical crab by mysterious Gene O'Reilly. Afterward, Amanda's dishes suddenly become excellent, inducing strong emotional reactions in everyone who eats them. Tom Bartlett, who is preparing to open his own eatery, tries her cooking and falls in love.",/zFsqqPQUz69wPaLBqQeiGbGiW7J.jpg,1999-02-05,5.4,"['Comedy', 'Romance']"
2492,20 Dates (1998),Comedy|Romance,111794.0,"Myles is divorced in L.A. He wants a love life and a film career. So he decides to go on 20 dates and find true love in front of a camera, making his first feature. His patient agent, Richard, finds a $60,000 investor, the shadowy Elie. Myles starts his search, sometimes telling his date she's being filmed, sometimes not. Elie wants sex and titillation, Myles wants it ""real."" Myles regularly talks with his old film teacher, Robert McKee, who wonders if love is possible in modern life. Half-way through the 20 dates, Myles meets Elisabeth; she's everything he desires and she likes him. Can he finish the 20 dates, satisfy Elie, and complete his film without losing Elisabeth?",/79TTGQZrOAzwuWxcOy8y6k6Ldm0.jpg,1998-01-01,5.0,"['Romance', 'Comedy']"
2493,"Harmonists, The (1997)",Drama,9524.0,"Comedian Harmonists tells the story of a famous, German male sextet, five vocals and piano, the ""Comedian Harmonists"", from the day they meet first in 1927 to the day in 1934, when they become banned by the upcoming Nazis, because three of them are Jewish.",/9jUWDGEOZ6MFy9gSfYZ69KLjPLY.jpg,1997-12-25,6.7,"['Music', 'Drama']"
2494,"Last Days, The (1998)",Documentary,20595.0,"Five Jewish Hungarians, now US citizens, tell their stories: before March 1944, when Nazis began to exterminate Hungarian Jews, months in concentration camps, and visiting childhood homes more than 50 years later. An historian, a Sonderkommando, a doctor who experimented on Auschwitz prisoners, and US soldiers who were part of the liberation in April 1945.",/kWr6QDDcO2HHKqvJvgsJ1hQz4Gs.jpg,1998-10-23,7.5,"['Documentary', 'History']"
2495,"Fantastic Planet, The (Planète sauvage, La) (1973)",Animation|Sci-Fi,16306.0,"On the planet Ygam, the Draags, extremely technologically and spiritually advanced blue humanoids, consider the tiny Oms, human beings descendants of Terra's inhabitants, as ignorant animals. Those who live in slavery are treated as simple pets and used to entertain Draag children; those who live hidden in the hostile wilderness of the planet are periodically hunted and ruthlessly slaughtered as if they were vermin.",/prq0j1S0K07UjwLZLF6oMGflRUI.jpg,1973-12-01,7.628,"['Animation', 'Science Fiction']"
2496,Blast from the Past (1999),Comedy|Romance,11622.0,"Following a bomb scare in the 1960s that locked the Webers into their bomb shelter for 35 years, Adam now ventures forth into Los Angeles to obtain food and supplies for his family, and a non-mutant wife for himself.",/qVN4bbVX2tzaNbAdEJT5eOPq26c.jpg,1999-02-12,6.774,"['Drama', 'Romance', 'Comedy']"
2497,Message in a Bottle (1999),Romance,10207.0,"A woman finds a romantic letter in a bottle washed ashore and tracks down the author, a widowed shipbuilder whose wife died tragically early. As a deep and mutual attraction blossoms, the man struggles to make peace with his past so that he can move on and find happiness.",/ulUjszY6YJFsDUd0E3WolJg6sOp.jpg,1999-02-22,6.263,"['Romance', 'Drama']"
2498,My Favorite Martian (1999),Comedy|Sci-Fi,9849.0,"Ambitious television reporter Tim O'Hara stumbles upon a martian whose spaceship has accidentally crashed on Earth. Thinking this is his ticket to a Pulitzer Prize, Tim makes plans to expose the martian, who, posing as Tim's Uncle Martin, takes human form and has plans of his own. In fact, all of Tim's efforts to divulge the truth are systematically thwarted by the resourceful alien, who ultimately recruits Tim to help him repair his ship for a return to Mars.",/pOp4xriDEFUy2uN0BfnHJcjzqWt.jpg,1999-02-11,5.6,"['Comedy', 'Family', 'Science Fiction']"
2500,Jawbreaker (1999),Comedy,18892.0,"When an exclusive clique of teenage socialites accidentally murder their best friend on the morning of her birthday, the three girls responsible conspire to hide the truth.",/7YrxXoG25hVCK4nYDHQv9YIk3Ye.jpg,1999-01-30,6.388,"['Comedy', 'Crime', 'Thriller']"
2501,October Sky (1999),Drama,13466.0,"The true story of Homer Hickam, a coal miner's son who was inspired by the first Sputnik launch to take up rocketry against his father's wishes.",/umWrXCIWdcYPf764ruvMRCpG3cA.jpg,1999-02-19,7.672,"['Drama', 'History']"
2502,Office Space (1999),Comedy|Crime,1542.0,"A depressed white-collar worker tries hypnotherapy, only to find himself in a perpetual state of devil-may-care bliss that prompts him to start living by his own rules, and hatch a hapless attempt to embezzle money from his soul-killing employers.",/iEmTwOkUaLziMQCUZii5wPQBIAO.jpg,1999-02-19,7.37,['Comedy']
2503,"Apple, The (Sib) (1998)",Drama,43978.0,"After twelve years of imprisonment by their own parents, two Iranian sisters are finally released by social workers to face the outside world for the first time.",/5QC5xzyWIkGK2NcnpZUXThZYK66.jpg,1998-05-27,6.3,['Drama']
2504,200 Cigarettes (1999),Comedy|Drama,15256.0,"In 1981 New York City, a collection of twentysomethings try to cope with relationships, loneliness, desire and their individual neuroses on New Years Eve.",/ssbx2Mk5ZCJWpXALuP2AdG0GFIT.jpg,1999-02-26,5.8,"['Comedy', 'Drama', 'Romance']"
2505,8MM (1999),Drama|Mystery|Thriller,8224.0,"A small, seemingly innocuous plastic reel of film leads surveillance specialist Tom Welles down an increasingly dark and frightening path. With the help of the streetwise Max, he relentlessly follows a bizarre trail of evidence to determine the fate of a complete stranger. As his work turns into obsession, he drifts farther and farther away from his wife, family and simple life as a small-town PI.",/mhr9xRpjOBqlBjgDwtiOx6FsLvV.jpg,1999-02-26,6.474,"['Thriller', 'Crime', 'Mystery']"
2506,"Other Sister, The (1999)",Comedy|Drama|Romance,18417.0,"A mentally challenged girl proves herself to be every bit as capable as her ""perfect"" sister when she moves into an apartment and begins going to college.",/4rBrYRkB7btGex5Bs0yOpqBZgsR.jpg,1999-02-26,6.3,"['Comedy', 'Drama', 'Romance']"
2511,"Long Goodbye, The (1973)",Crime|Film-Noir,1847.0,"In 1970s Hollywood, Detective Philip Marlowe tries to help a friend who is accused of murdering his wife.",/oBhUK54yBJ0aH6u9zCzSV5iV7OP.jpg,1973-03-08,7.394,"['Mystery', 'Drama', 'Crime']"
2512,"Ballad of Narayama, The (Narayama bushiko) (1983)",Drama,42113.0,In a small village in a valley everyone who reaches the age of 70 must leave the village and go to a certain mountain top to die. If anyone should refuse they would disgrace their family. Old Orin is 69. This winter it is her turn to go to the mountain. But first she must make sure that her eldest son Tatsuhei finds a wife.,/h3iNimtw6HsFTtAvEDF3XYZ4Y5T.jpg,1983-04-29,7.5,['Drama']
2513,Pet Sematary (1989),Horror,8913.0,"After the Creed family's cat is accidentally killed, a friendly neighbor advises its burial in a mysterious nearby cemetery.",/a1gIACZb04bL8EvLqMpofW2Eqeo.jpg,1989-04-21,6.64,['Horror']
2514,Pet Sematary II (1992),Comedy|Horror,10906.0,"The ""sematary"" is up to its old zombie-raising tricks again. This time, the protagonists are Jeff Matthews, whose mother died in a Hollywood stage accident, and Drew Gilbert, a boy coping with an abusive stepfather.",/9g6ngNlHOfMfQnaKkw9468p67d4.jpg,1992-08-28,5.5,['Horror']
2515,Children of the Corn II: The Final Sacrifice (1993),Horror,25748.0,"When a tabloid reporter and his son travel to a quiet Midwestern town to investigate a gruesome massacre, they fall victim to a possessed orphan named Micah.",/5UaH4zhfKT1taJGHUwPxm29ZENf.jpg,1992-01-29,4.777,['Horror']
2516,Children of the Corn III (1994),Horror,25749.0,"After a couple adopts a pair of orphaned brothers, it becomes alarmingly clear the boys are much more than they seem.",/xTNGI3MGTlOTiYU9ucfWd79kV2k.jpg,1995-09-12,4.8,"['Horror', 'Thriller']"
2517,Christine (1983),Horror,8769.0,"Nerdy high schooler Arnie Cunningham falls for Christine, a rusty 1958 Plymouth Fury, and becomes obsessed with restoring the classic automobile to her former glory. As the car changes, so does Arnie, whose newfound confidence turns to arrogance behind the wheel of his exotic beauty. Arnie's girlfriend Leigh and best friend Dennis reach out to him, only to be met by a Fury like no other.",/mMtUJke2TtIoT6JB9hkvERmsSu8.jpg,1983-12-09,6.874,['Horror']
2518,Night Shift (1982),Comedy,14742.0,"A nebbish of a morgue attendant gets shunted back to the night shift where he is shackled with an obnoxious neophyte partner who dreams of the ""one great idea"" for success. His life takes a bizarre turn when a prostitute neighbor complains about the loss of her pimp. His partner, upon hearing the situation, suggests that they fill that opening themselves using the morgue at night.",/iS78MFtMDwWDP748juZQBK57C9o.jpg,1982-07-30,6.0,['Comedy']
2520,Airport (1970),Drama,10671.0,"An airport manager tries to keep his terminals open during a snowstorm, while a suicide bomber plots to blow up a Boeing 707 airliner in flight.",/6iOKluJfyiU1SLZbGYrY7Z0i6k0.jpg,1970-03-25,6.476,"['Action', 'Drama', 'Thriller']"
2521,Airport 1975 (1974),Action|Drama|Thriller,27932.0,"When an in-flight collision incapacitates the pilots of an airplane bound for Los Angeles, stewardess Nancy Pryor is forced to take over the controls. From the ground, her boyfriend Alan Murdock, a retired test pilot, tries to talk her through piloting and landing the 747 aircraft. Worse yet, the anxious passengers — among which are a noisy nun and a cranky man — are aggravating the already tense atmosphere.",/etfUuwVCvywq8mGspT94CBeLpSz.jpg,1974-10-18,5.8,"['Drama', 'Thriller', 'Action']"
2522,Airport '77 (1977),Drama,7227.0,"Flight 23 has crashed in the Bermuda Triangle after a hijacking gone wrong. Now the surviving passengers must brave panic, slow leaks, oxygen depletion, and more while attempting a daring plan, all while 200 feet underwater.",/m9b3frZR0Wu8I3ayN3QPrxfZMvC.jpg,1977-03-11,5.6,"['Action', 'Drama', 'Thriller']"
2523,Rollercoaster (1977),Drama|Thriller,10670.0,"A young terrorist kills and injures patrons of a Norfolk amusement park by placing homemade explosives on the track of one of its roller coasters. After staging a similar incident in Pittsburgh, he sends a tape to a meeting of major amusement park executives in Chicago, demanding $1 million to make him stop.",/dy23SSGZDp3dftzhDvHXOEM6OaN.jpg,1977-06-10,5.974,"['Action', 'Thriller']"
2524,"Towering Inferno, The (1974)",Action|Adventure|Drama|Thriller,5919.0,"At the opening party of a colossal—but poorly constructed—skyscraper, a massive fire breaks out, threatening to destroy the tower and everyone in it.",/mFM1GbrRrT3DWUFFo8koSITFnYe.jpg,1974-12-14,7.0,"['Action', 'Drama', 'Thriller']"
2525,Alligator (1980),Action|Horror|Sci-Fi,33518.0,"A baby alligator is flushed down a toilet and survives by eating discarded lab animals that have been injected with growth hormones. The now gigantic animal escapes the city sewers and goes on a rampage, pursued by a cop and a big-game hunter.",/bWANAIIeNPzwEmrYUvZFECTbBX6.jpg,1980-11-14,6.1,"['Horror', 'Science Fiction', 'Thriller']"
2526,Meteor (1979),Sci-Fi,40160.0,"After a collision with a comet, a nearly 8km wide piece of the asteroid ""Orpheus"" is heading towards Earth. If it hits it will cause an incredible catastrophe which will probably extinguish mankind. To stop the meteor NASA wants to use the illegal nuclear weapon satellite ""Hercules"" but discovers soon that it doesn't have enough firepower. Their only chance to save the world is to join forces with the USSR who have also launched such an illegal satellite. But will both governments agree?",/xMUuS1KFHRTFSf3PAY2tsbBdqkL.jpg,1979-10-19,5.2,"['Science Fiction', 'Thriller', 'Action']"
2527,Westworld (1973),Action|Sci-Fi|Thriller|Western,2362.0,"Delos is a futuristic amusement park that features themed worlds populated by human-like androids. After two patrons have a run-in with a menacing gunslinger in West World, the androids at Delos all begin to malfunction, causing havoc throughout the park.",/qNt29HzxwZ4jGTgSRxdA34ino9Q.jpg,1973-08-15,6.767,"['Adventure', 'Science Fiction', 'Western']"
2528,Logan's Run (1976),Action|Adventure|Sci-Fi,10803.0,"In the 23rd century, inhabitants of a domed city freely experience all of life's pleasures — but no one is allowed to live past 30. Citizens can try for a chance at being ""renewed"" in a civic ceremony on their 30th birthday. Escape is the only other option.",/v3ILN8ROPcrNRJ8S7GH24JyihH8.jpg,1976-06-23,6.6,"['Action', 'Science Fiction']"
2529,Planet of the Apes (1968),Action|Drama|Sci-Fi,871.0,"Astronaut Taylor crash lands on a distant planet ruled by apes who use a primitive race of humans for experimentation and sport. Soon Taylor finds himself among the hunted, his life in the hands of a benevolent chimpanzee scientist.",/2r9iKnlSYEk4daQadsXfcjHfIjQ.jpg,1968-02-07,7.649,"['Science Fiction', 'Adventure', 'Drama', 'Action']"
2530,Beneath the Planet of the Apes (1970),Action|Sci-Fi,1685.0,"The sole survivor of an interplanetary rescue mission lands on the planet of the apes, and uncovers a horrible secret beneath the surface.",/szHCeYwi4ubewuYnlnz0YGqWnQC.jpg,1970-04-23,6.145,"['Adventure', 'Science Fiction', 'Mystery']"
2531,Battle for the Planet of the Apes (1973),Action|Sci-Fi,1705.0,"The fifth and final episode in the Planet of the Apes series. After the collapse of human civilization, a community of intelligent apes led by Caesar lives in harmony with a group of humans. Gorilla General Aldo tries to cause an ape civil war and a community of human mutants who live beneath a destroyed city try to conquer those whom they perceive as enemies. All leading to the finale.",/dP5dYjLp5p2CG103cJMio4Nj29d.jpg,1973-06-15,5.68,"['Action', 'Science Fiction']"
2532,Conquest of the Planet of the Apes (1972),Action|Sci-Fi,1688.0,"In a futuristic world that has embraced ape slavery, a chimpanzee named Caesar resurfaces after almost twenty years of hiding from the authorities, and prepares for a revolt against humanity.",/lZ1pUxJCO14ObrhDuxTBuYm0tjN.jpg,1972-06-29,6.158,"['Action', 'Science Fiction']"
2533,Escape from the Planet of the Apes (1971),Action|Sci-Fi,1687.0,"The world is shocked by the appearance of three talking chimpanzees, who arrived mysteriously in a spacecraft. Intrigued by their intelligence, humans use them for research - until the apes attempt to escape.",/AnbLVdUEroTfHTUVAJCxkL4R0IH.jpg,1971-05-20,6.371,"['Action', 'Science Fiction']"
2534,Avalanche (1978),Action,166680.0,"After an avalanche of snow crashes into their ski resort, a holiday at a winter wonderland turns into a game of survival for a group of vacationers.",/zMORD6VDGIWo5thfMuA4Edb1mbj.jpg,1978-09-29,3.562,"['Action', 'Adventure', 'Drama']"
2535,Earthquake (1974),Action|Drama|Thriller,11123.0,"Various interconnected people struggle to survive when an earthquake of unimaginable magnitude hits Los Angeles, California.",/6hJorsInxNpj1dIekh6dK6Kh9S6.jpg,1974-11-15,6.1,"['Action', 'Drama', 'Thriller']"
2537,Beyond the Poseidon Adventure (1979),Adventure,31638.0,"After ""The Poseidon Adventure"", in which the ship got flipped over by a tidal wave, the ship drifts bottom-up in the sea. While the passengers are still on board waiting to be rescued, two rivaling salvage parties enter the ship on search for money, gold and a small amount of plutonium.",/hTsUNXz38lIvDlJt7z8wzctuEFV.jpg,1979-05-18,5.074,"['Action', 'Adventure', 'Drama']"
2538,Dancemaker (1998),Documentary,113286.0,"A look at Paul Taylor and his dance company over several months in 1997. Preparation of Taylor's piece, ""Piazzolla Caldera,"" from conception and rehearsals to opening night at City Center, frames the film. The troupe's trip to India falls in the middle. Included are black and white footage of rehearsals, and, in color, interviews with Taylor, his dancers, dance critics and scholars, and those who manage the business side. There is also footage of a younger Taylor dancing and film of the troupe performing a dozen Taylor pieces. His genius, his roots, his method of working with dancers, and his sometimes difficult nature draw the attention of those who comment.",/iR6z334jcMEv2hQoEu2xX0JzJMy.jpg,1998-12-01,4.5,['Documentary']
2539,Analyze This (1999),Comedy,9535.0,"Countless wiseguy films are spoofed in this film that centers on the neuroses and angst of a powerful Mafia racketeer who suffers from panic attacks. When Paul Vitti needs help dealing with his role in the ""family,"" unlucky shrink Dr. Ben Sobel is given just days to resolve Vitti's emotional crisis and turn him into a happy, well-adjusted gangster.",/eqa4TEgkx63WRhqyD8eTwmL7bUi.jpg,1999-03-05,6.511,"['Comedy', 'Crime']"
2540,"Corruptor, The (1999)",Action|Crime|Drama|Thriller,9455.0,"Danny is a young cop partnered with Nick, a seasoned but ethically tainted veteran. As the two try to stop a gang war in Chinatown, Danny relies on Nick but grows increasingly uncomfortable with the way Nick gets things done.",/1Eg34AuZG1jtAvdM8xGHW5jiwCF.jpg,1999-03-12,6.1,"['Action', 'Crime', 'Thriller', 'Drama']"
2541,Cruel Intentions (1999),Drama,796.0,"Slaking a thirst for dangerous games, Kathryn challenges her stepbrother, Sebastian, to deflower their headmaster's daughter before the summer ends. If he succeeds, the prize is the chance to bed Kathryn. But if he loses, Kathryn will claim his most prized possession.",/76cCsRtQ5MJBAqoigojXsLXLJwh.jpg,1999-03-05,6.798,"['Drama', 'Romance']"
2542,"Lock, Stock & Two Smoking Barrels (1998)",Comedy|Crime|Thriller,100.0,A card shark and his unwillingly-enlisted friends need to make a lot of cash quick after losing a sketchy poker match. To do this they decide to pull a heist on a small-time gang who happen to be operating out of the flat next door.,/6pJB2t3MbQUy9m5pFIBHXLqnqNd.jpg,1998-08-28,8.096,"['Comedy', 'Crime']"
2544,"School of Flesh, The (École de la chair, L') (1998)",Drama|Romance,77936.0,"Fashion executive Dominique's obsession for Quentin, a young bisexual hustler, fills her desire for physical love but leaves her taxed emotionally. Twists and turns in the relationship, along with the man's violent and abusive nature, force Dominique to reconcile the conflicts created by her passion. In this quest, Dominique is aided, and sometimes hindered, by friends, clients, and Quentin's former and current acquaintances.",/esyIrOG6cjRYIAfjI3Sj9ijA8LQ.jpg,1998-11-18,5.3,"['Drama', 'Mystery', 'Romance']"
2546,"Deep End of the Ocean, The (1999)",Drama,30943.0,"A three-year-old boy disappears during his mother's high school reunion. Nine years later, by chance, he turns up in the town in which the family has just relocated.",/4Q8g9CfW7EiwxRCpLSDpOmcaEZb.jpg,1999-03-12,6.555,"['Drama', 'Mystery']"
2548,"Rage: Carrie 2, The (1999)",Horror,7341.0,"A horrible massacre strikes up after an outcast teenage girl is taunted by a group of high school jocks, all of them unaware of her cutthroat telekinetic powers.",/jJmIf22gwwQPAFJfZ6Tr1MwSpRg.jpg,1999-03-12,5.64,"['Horror', 'Thriller', 'Science Fiction']"
2549,Wing Commander (1999),Action|Sci-Fi,10350.0,"In the mid-27th century, the Terran Confederation is at war with the vicious alien Kilrathi Empire. When the Kilrathi capture a crucial navigational device that could lead them to Earth, the Confederation’s only hope rests with a small group of young fighter pilots. Lieutenant Christopher Blair, along with his wingman Todd 'Maniac' Marshall and Commander Jeanette 'Angel' Deveraux, must intercept the alien fleet and prevent the destruction of mankind. Battling overwhelming odds and racing against time, they face not only external threats but also inner fears and rivalries as they fight to save Earth from annihilation.",/e3p2vkA4mnFaBlyAIntkZWkzOJW.jpg,1999-03-11,4.8,"['Science Fiction', 'Action', 'Adventure']"
2550,"Haunting, The (1963)",Horror|Thriller,11772.0,"Dr. John Markway recruits three strangers for a sleep-disorder study at the eerie and isolated Hill House. It soon becomes clear his real interest lies in the mansion itself and its sinister history, as they are forced to confront the nature of its horror…",/fmpTnUKTcrpuxLSY23gQMUf9qu7.jpg,1963-03-28,7.07,['Horror']
2551,Dead Ringers (1988),Drama|Horror|Thriller,9540.0,"Elliot, a successful gynecologist, works at the same practice as his identical twin, Beverly. Elliot is attracted to many of his patients and has affairs with them. When he inevitably loses interest, he will give the woman over to Beverly, the meeker of the two, without the woman knowing the difference. Beverly falls hard for one of the patients, Claire, but when she inadvertently deceives him, he slips into a state of madness.",/ofXwDfM8uYAaftD7cBPcIWdCpMn.jpg,1988-09-23,7.117,"['Thriller', 'Horror']"
2552,My Boyfriend's Back (1993),Comedy,31503.0,"Missy McCloud is the most beautiful girl in school and Johnny Dingle has been in love with her for years. One night, as Johnny tries to stop an armed robbery and save Missy from danger, he's killed, but resurrected as a zombie not long after. Now, with the help of his mentor, self-proclaimed Zombie Expert Maggie, Johnny must control his flesh-eating urges while trying to win the heart of Missy.",/euXyMbBT2QaxiYZf1jJrsa5yGon.jpg,1993-08-06,5.7,"['Comedy', 'Romance', 'Horror']"
2553,Village of the Damned (1960),Horror|Sci-Fi|Thriller,11773.0,"In a small English village everyone suddenly falls unconscious. When they awake every woman of child bearing age is pregnant. The resulting children have the same strange blond hair, eyes and a strong connection to each other.",/qcpXud1UjQzlSe9A062w8Wqgira.jpg,1960-06-16,7.185,"['Horror', 'Science Fiction']"
2554,Children of the Damned (1963),Horror|Sci-Fi|Thriller,30202.0,"Six children are found spread through out the world that not only have enormous intelligence, but identical intelligence and have a strange bond to each other.",/l8zpr1tq03YPqdOz6aAmnSpD7o6.jpg,1964-01-10,6.1,"['Drama', 'Horror', 'Mystery', 'Science Fiction']"
2555,Baby Geniuses (1999),Comedy,22345.0,"BabyCo is the world's leading manufacturer in baby products. However, what the public doesn't know, is that Drs Kinder and Heep, two of its most brilliant scientists, are tirelessly working in complete secrecy to crack the indecipherable code to 'baby talk': a highly sophisticated language, and the key to the secrets of the universe. Before long, problems arise when mischievous Sly, the smartest of the toddlers, escapes confinement, bent on uniting all babies to free those trapped in the laboratory. Now, Kinder and Heep must find Sly before it is too late.",/7zvPhjHkz5YEMUMPyvANCR96RJA.jpg,1999-03-12,4.122,"['Science Fiction', 'Comedy', 'Family']"
2557,I Stand Alone (Seul contre tous) (1998),Drama|Thriller,1567.0,"After completing jail time for beating up a man who tried to seduce his mentally-handicapped teenage daughter, the Butcher wants to start life anew. He institutionalizes his daughter and moves to the Lille suburbs with his mistress, who promises him a new butcher shop. Learning that she lied, the Butcher returns to Paris to find his daughter.",/4kMB2AAcDQ5diRuh7NTxuS90bx7.jpg,1999-02-17,7.402,"['Drama', 'Thriller']"
2558,Forces of Nature (1999),Comedy|Romance,1641.0,"Ben Holmes, a professional book-jacket blurbologist, is trying to get to Savannah for his wedding. He just barely catches the last plane, but a seagull flies into the engine as the plane is taking off. All later flights are cancelled because of an approaching hurricane, so he is forced to hitch a ride in a Geo Metro with an attractive but eccentric woman named Sara.",/etmjiee84g6G9WALmLkJ1DhenAu.jpg,1999-03-12,5.5,"['Romance', 'Comedy']"
2559,"King and I, The (1999)",Animation|Children,47288.0,"Widowed Welsh mother Anna Loenowens becomes a governess and English tutor to the wives and many children of the stubborn King Mongkut of Siam. Anna and the King have a clash of personalities as she works to teach the royal family about the English language, customs and etiquette, and rushes to prepare a party for a group of European diplomats who must change their opinions about the King.",/kbEA2LEFh1MX9EraNQSiq9ajs24.jpg,1999-03-19,5.4,"['Animation', 'Family', 'Music', 'Romance']"
2560,Ravenous (1999),Horror|Thriller,10212.0,"After arriving at his new, remote Army outpost, Capt. John Boyd and his regiment aid a wounded frontiersman who recounts a horrifying tale of a wagon train murdered by its supposed guide – a vicious U.S. Army colonel gone rogue. Fearing the worst, the regiment heads out into the wilderness to verify the gruesome claims.",/6tJc9vIVYctNCajC1dU1oVcmIsD.jpg,1999-03-16,6.847,"['Adventure', 'Western', 'Horror', 'Comedy']"
2561,True Crime (1999),Crime|Thriller,10354.0,"Boozer, skirt chaser, careless father. You could create your own list of reporter Steve Everett's faults but there's no time. A San Quentin Death Row prisoner is slated to die at midnight – a man Everett has suddenly realized is innocent.",/5usB2gQSiIsj5l2ybzoypgX55HG.jpg,1999-03-19,6.526,"['Crime', 'Thriller', 'Mystery']"
2563,Dangerous Beauty (1998),Drama,8583.0,"Veronica is brilliant, gifted and beautiful, but the handsome aristocrat she loves, Marco Venier, cannot marry her because she is penniless and of questionable family. So Veronica's mother, Paola, teaches her to become a courtesan, one of the exotic companions favored by the richest and most powerful Venetian men. Veronica courageously uses her charms to change destiny -- and to give herself a chance at true love.",/7uHX8qIr8VYPwdpVv4TCjXcVxDo.jpg,1998-02-20,7.0,"['Drama', 'Romance']"
2565,"King and I, The (1956)",Drama|Musical|Romance,16520.0,"Widowed Welsh mother Anna Leonowens becomes a governess and English tutor to the wives and many children of the stubborn King Mongkut of Siam. Anna and the King have a clash of personalities as she works to teach the royal family about the English language, customs and etiquette, and rushes to prepare a party for a group of European diplomats who must change their opinions about the King.",/wUfaP0lLaMpZzp5CrHyII5Vd7cp.jpg,1956-06-29,7.1,"['Romance', 'History', 'Drama']"
2566,Doug's 1st Movie (1999),Animation|Children,16508.0,Doug and his pal Skeeter set's out to find the monster of Lucky Duck Lake. Though things get really out of hand when some one blurts out that the monster is real.,/hZduJdSSWCkmvnBpNyRaIszubVm.jpg,1999-03-26,5.5,"['Animation', 'Family', 'Comedy']"
2567,EDtv (1999),Comedy,11374.0,Video store clerk Ed agrees to have his life filmed by a camera crew for a tv network.,/xnnjoMONNamGU6ZX6acbcxyOKv1.jpg,1999-03-26,5.9,['Comedy']
2568,"Mod Squad, The (1999)",Action|Crime,16379.0,Three youthful delinquents escape conviction for their crimes by teaming with the LAPD.,/7c20VEblNKkDiBuA6bE6kbeHqHa.jpg,1999-03-26,4.4,"['Action', 'Mystery', 'Thriller', 'Drama']"
2570,"Walk on the Moon, A (1999)",Drama|Romance,28029.0,The world of a young housewife is turned upside down when she has an affair with a free-spirited blouse salesman.,/6aNMyAP82sDoVFmopFzGDWeVVne.jpg,1999-01-29,6.023,"['Drama', 'Romance']"
2571,"Matrix, The (1999)",Action|Sci-Fi|Thriller,603.0,"Set in the 22nd century, The Matrix tells the story of a computer hacker who joins a group of underground insurgents fighting the vast and powerful computers who now rule the earth.",/aOIuZAjPaRIE6CMzbazvcHuHXDc.jpg,1999-03-31,8.241,"['Action', 'Science Fiction']"
2572,10 Things I Hate About You (1999),Comedy|Romance,4951.0,"On the first day at his new school, Cameron instantly falls for Bianca, the gorgeous girl of his dreams. The only problem is that Bianca is forbidden to date until her ill-tempered, completely un-dateable older sister Kat goes out, too. In an attempt to solve his problem, Cameron singles out the only guy who could possibly be a match for Kat: a mysterious bad boy with a nasty reputation of his own.",/ujERk3aKABXU3NDXOAxEQYTHe9A.jpg,1999-03-30,7.6,"['Comedy', 'Romance', 'Drama']"
2573,Tango (1998),Drama|Musical,65749.0,A dangerous love affair inspires a director to create the most spectacular and boldly seductive dance film ever made.,/87Ze0JLbWYuYbWc1qf6aGxHipnI.jpg,1998-08-06,6.5,"['Music', 'Romance', 'Drama']"
2574,"Out-of-Towners, The (1999)",Comedy,8970.0,"The adventures of married couple Henry and Nancy Clark, vexed by misfortune while in New York City for Henry's job interview.",/wOmLJYh7oOfATE236XpoDfcXhOh.jpg,1999-04-02,5.8,"['Comedy', 'Romance', 'Adventure']"
2575,"Dreamlife of Angels, The (Vie rêvée des anges, La) (1998)",Drama,9840.0,"Isa and Marie bond while working in a French sweatshop and soon begin sharing an apartment that Marie is watching for a hospitalized mother and daughter. Marie, hoping to avoid a life of struggle and poverty, takes up with Chriss, a nightclub owner whose most attractive asset is his money. Isa recognizes the ultimate futility of the relationship and tries to keep Marie away from him, but her interference puts their friendship at risk.",/1yxr5KJHJk5aPCbapJaBS8Znx8V.jpg,1998-10-16,6.858,['Drama']
2577,Metroland (1997),Comedy|Drama,30950.0,"In late-1970s suburban London, Chris and Marion have settled into a comfortable yet all-too-predictable middle-class existence. Chris receives an unexpected visit from his free-spirited friend Toni, a reunion that reminds him of a more carefree time in 1960s Paris. Now, with lingering doubts about his marriage bubbling up, Chris must make the choice between revisiting his youthful abandon with Toni or facing the here and now with Marion.",/qUFYBfOY3Ec2S6PR6apgFwfR6je.jpg,1997-08-30,5.8,"['Comedy', 'Drama']"
2579,Following (1998),Crime|Mystery|Thriller,11660.0,"Bill, an idle, unemployed aspiring writer, walks the crowded streets of London following randomly chosen strangers, a seemingly innocent entertainment that becomes dangerous when he crosses paths with a mysterious character.",/3bX6VVSMf0dvzk5pMT4ALG5A92d.jpg,1999-04-02,7.128,"['Drama', 'Thriller']"
2580,Go (1999),Comedy|Crime,9430.0,"A supermarket clerk decides to step in for an absent drug dealer, setting off an explosive, comedic chain of events.",/kP0OOAa4GTZSUPW8fgPbk1OmKEW.jpg,1999-04-09,7.0,"['Crime', 'Comedy', 'Thriller']"
2581,Never Been Kissed (1999),Comedy|Romance,11355.0,"Josie Geller, a baby-faced junior copywriter at the Chicago Sun-Times, must pose as a student at her former high school to research contemporary teenage culture. With the help of her brother, Rob, Josie infiltrates the inner circle of the most popular clique on campus. But she hits a major snag in her investigation -- not to mention her own failed love life -- when she falls for her dreamy English teacher, Sam Coulson.",/6BngDhDNfbBjhVFWDT2yMve32vi.jpg,1999-04-09,6.158,"['Romance', 'Comedy', 'Drama']"
2582,Twin Dragons (Shuang long hui) (1992),Action|Comedy,18764.0,"Identical twins are separated at birth, one becoming a streetwise mechanic, and the other an acclaimed classical concert conductor. Finally meeting in adulthood, they're mistaken for the other and entangled in each other's worlds.",/tm153lMrHy6HykEYwoP0EI3dQ8k.jpg,1992-01-15,6.742,"['Action', 'Comedy', 'Crime']"
2583,Cookie's Fortune (1999),Comedy|Drama,9465.0,Conflict arises in the small town of Holly Springs when an old woman's death causes a variety of reactions among family and friends.,/tskbsm57aWqU4wsf8sX4ClM77Kf.jpg,1999-03-24,6.3,"['Comedy', 'Drama']"
2585,"Lovers of the Arctic Circle, The (Los Amantes del Círculo Polar) (1998)",Drama|Romance,1414.0,"As young children, Otto and Ana become best friends, leading to the marriage of Ana's mother to Otto's father. When Otto and Ana become teenagers, they begin a sexual relationship, which they hide from their parents. The two fall deeply in love and seem destined to spend the rest of their lives together. However, their relationship is tested when Otto's mother dies and the two are separated.",/1hUFwXtUIJQdayIkaTR835QyaKT.jpg,1998-09-04,7.291,"['Drama', 'Mystery', 'Romance']"
2586,Goodbye Lover (1999),Comedy|Crime|Thriller,49981.0,Police investigate when a man having an affair with his brother's wife disappears suddenly.,/gWwdtbnObvajziUGvXoLYskNSDr.jpg,1999-04-16,5.564,"['Thriller', 'Comedy', 'Crime', 'Mystery']"
2587,Life (1999),Comedy|Crime|Drama,6522.0,Two men in 1930s Mississippi become friends after being sentenced to life in prison together for a crime they did not commit.,/saWYpX3ADdmdByQZVrSYUNbQ9GC.jpg,1999-04-16,6.664,"['Comedy', 'Crime']"
2589,Friends & Lovers (1999),Comedy|Drama|Romance,114719.0,"Friends for ten years, a group of twenty-somethings head for the ski slopes as guests of Ian's father. (Ian and dad are estranged because dad worked too many hours when Ian was a lad.) Dad has something to say, but Ian won't listen. Meanwhile, David is gay and virginal; Ian's business partner, Keaton, is unhappy that his sister Jane is pregnant with no plans to tell the father; Lisa is everybody's pal and no one's lover; John, stuck in adolescence, is always on the make. He brings German-born stunner, Carla, and promptly loses her affection to Hans, a fast-talking ski instructor. David meets Manny: they have chess in common. Soon, surprises abound as relationships take new turns.",/5zh1PQPN7dl8BX2zdaEYyiNRNXp.jpg,1999-04-16,4.8,"['Comedy', 'Romance', 'Drama']"
2590,Hideous Kinky (1998),Drama,10209.0,"In 1972, disenchanted about the dreary conventions of English life, 25-year-old Julia heads for Morocco with her daughters, six-year-old Lucy and precocious eight-year-old Bea.",/qupB9wwFZgjy7DHs9rvvloVZOUw.jpg,1999-02-05,6.0,"['Romance', 'Drama']"
2593,"Monster, The (Mostro, Il) (1994)",Comedy,22826.0,"A vicious serial sex killer is on the loose, and landscape gardener and shop-window outfitter Loris is the prime suspect, thanks to his unfortunate habit of getting caught in compromising situations (for which there is always a totally innocent explanation that the police fail to spot). Undercover policewoman Jessica is assigned by eccentric police psychologist Taccone to follow Loris.",/6h6ahipPd84QcyFbnsEikLt7w3Z.jpg,1994-10-22,6.939,['Comedy']
2594,Open Your Eyes (Abre los ojos) (1997),Drama|Romance|Sci-Fi|Thriller,1902.0,"Handsome 25-year-old Cesar had it all -- a successful career, expensive cars, a swank bachelor's pad, and an endless string of beautiful and willing women -- until he is thrown into a strange psychological mystery after a car accident scars his face and lands him in prison.",/x6g4veF2EUZHEu6hrW8TfTTzjU0.jpg,1997-12-19,7.453,"['Drama', 'Thriller', 'Science Fiction']"
2596,SLC Punk! (1998),Comedy|Drama,6396.0,"Two former geeks become 1980s punks, then party and go to concerts while deciding what to do with their lives.",/7u3IZPuIOPjICi55K7cJgzV3e3B.jpg,1998-09-24,7.115,"['Comedy', 'Drama', 'Crime', 'Music']"
2597,Lost & Found (1999),Comedy|Romance,39964.0,"In order to impress his beautiful French neighbor, Dylan Ramsey dognaps her pet pooch so he can return him and become a hero.",/jaylLo7TsJrJriNVGf72Asen1Fr.jpg,1999-04-23,5.0,"['Comedy', 'Romance']"
2598,Pushing Tin (1999),Comedy,12596.0,Two air traffic controllers who thrive on living dangerously compete to outdo each other on several levels.,/61FWajJNKeS27DO4KgvS5LUgcHh.jpg,1999-04-23,5.9,"['Comedy', 'Drama']"
2599,Election (1999),Comedy,9451.0,"Tracy Flick is running unopposed for this year’s high school student election. But Jim McAllister has a different plan. Partly to establish a more democratic election, and partly to satisfy some deep personal anger toward Tracy, Jim talks football player Paul Metzler to run for president as well.",/fbo0IYzBc32dD5SjFzKIgfp4O4F.jpg,1999-04-23,6.859,"['Comedy', 'Drama']"
2600,eXistenZ (1999),Action|Sci-Fi|Thriller,1946.0,A game designer on the run from assassins must play her latest virtual reality creation with a marketing trainee to determine if the game has been damaged.,/kETKF0JhdTPn1knci8CAdYL0d79.jpg,1999-04-14,6.8,"['Action', 'Thriller', 'Science Fiction']"
2605,Entrapment (1999),Crime|Thriller,1844.0,"Two thieves, who travel in elegant circles, try to outsmart each other and, in the process, end up falling in love.",/psrm7DToacaxQvgViBAcrYiLKzH.jpg,1999-04-29,6.235,"['Romance', 'Drama', 'Mystery']"
2606,Idle Hands (1999),Comedy|Horror,6552.0,"Anton is a cheerful but exceedingly non-ambitious 17-year-old stoner who lives to stay buzzed, watch TV, and moon over Molly, the beautiful girl who lives next door. However, it turns out that the old cliché about idle hands being the devil's playground has a kernel of truth after all.",/mCO4gU1lkViGXTkoRBEYrvjDIJu.jpg,1999-04-30,6.179,"['Comedy', 'Horror', 'Fantasy', 'Romance']"
2607,Get Real (1998),Drama|Romance,24584.0,"Sensitive rural town model student Steven Carter hides his gay feelings, except with his neighbor and best friend Linda. Suddenly his desperate search for partners leads to a blind date with golden boy John Dixon, bound for an Oxbridge career.",/k7KCBnt1VXFhPjoTSt4MePr1MpI.jpg,1998-08-16,7.0,"['Drama', 'Romance']"
2609,"King of Masks, The (Bian Lian) (1996)",Drama,25471.0,Wang Bianlian is an aging street performer known as the King of Mask for his mastery of Sichuan Change Art in a true story. His wife left him with and infant son over 30 years ago. The son died from illness at age 10. This left Wang a melancholy loner aching for a male descendent to learn his rare and dying art.,/w3fOMjcR74WdZlYOyug6Q7H1XmU.jpg,1995-06-09,7.373,['Drama']
2611,"Winslow Boy, The (1999)",Drama,28519.0,"Early 20th century England: while toasting his daughter Catherine's engagement, Arthur Winslow learns the royal naval academy expelled his 14-year-old son, Ronnie, for stealing five shillings. Father asks son if it is true; when the lad denies it, Arthur risks fortune, health, domestic peace, and Catherine's prospects to pursue justice.",/qKUUT3QKsShXloZiF88IdT5g64N.jpg,1999-03-18,6.7,['Drama']
2612,Mildred Pierce (1945),Drama|Film-Noir,3309.0,A hard-working mother inches towards disaster as she divorces her husband and starts a successful restaurant business to support her spoiled daughter.,/3bqF5bJPjeITNeC8ydbUOQZfuqP.jpg,1945-10-20,7.6,"['Crime', 'Drama']"
2613,Night of the Comet (1984),Comedy|Horror|Sci-Fi,18462.0,"After a comet wipes out most of life on Earth, two Valley Girls find themselves fighting against cannibal zombies and a sinister group of scientists.",/xNXnLXu73LotJ9APaJZZXflBelQ.jpg,1984-11-16,6.223,"['Comedy', 'Horror', 'Science Fiction']"
2614,Chopping Mall (a.k.a. Killbots) (1986),Action|Horror|Sci-Fi,28941.0,"High-tech robots equipped with state-of-the-art security devices have been recruited as the new mechanical ""night watchmen"" for the Park Plaza Mall. When a jolting bolt of lightning short-circuits the main computer control, the robots turn into ""killbots"" on the loose after unsuspecting shoppers!",/ggHbJPYJsjiJnEwHi4xUyJxWpmS.jpg,1986-11-14,5.8,"['Horror', 'Science Fiction']"
2615,My Science Project (1985),Adventure|Sci-Fi,18252.0,"His high school teacher issues an ultimatum: turn in a science project or flunk. So Mike Harlan scavenges a military base's junk pile for a suitable gizmo. He finds one... and unwittingly unleashes the awesome power and energy of the unknown. Twisted dimensions. Time warps. A fantastic realm where the past, present, and future collide in a whirling vortex of startling adventure and superlative special effects.",/1fbVPx5VVEsgJ7M9sTzvbDjhgks.jpg,1985-08-09,6.2,"['Comedy', 'Family', 'Fantasy', 'Science Fiction']"
2616,Dick Tracy (1990),Action|Crime,8592.0,The comic strip detective finds his life vastly complicated when Breathless Mahoney makes advances towards him while he is trying to battle Big Boy Caprice's united mob.,/sjeP4bpgsUvAGE8oFcICy2GaHxw.jpg,1990-06-15,6.1,"['Adventure', 'Comedy', 'Crime']"
2617,"Mummy, The (1999)",Action|Adventure|Comedy|Fantasy|Horror|Thriller,564.0,Dashing legionnaire Rick O'Connell stumbles upon the hidden ruins of Hamunaptra while in the midst of a battle to claim the area in 1920s Egypt. It has been over three thousand years since former High Priest Imhotep suffered a fate worse than death as a punishment for a forbidden love—along with a curse that guarantees eternal doom upon the world if he is ever awoken.,/yhIsVvcUm7QxzLfT6HW2wLf5ajY.jpg,1999-04-16,6.963,"['Adventure', 'Action', 'Fantasy']"
2618,"Castle, The (1997)",Comedy,13852.0,"The quirky Kerrigan family lives together in a makeshift home they built themselves – with great pride and a bizarre attention to detail – a few yards from the edge of Melbourne, Australia's busy Tullamarine Airport. When a building inspector condemns the building and reveals that the government plans to use their land for an airport expansion, Darryl Kerrigan and his brood recruit hack attorney Dennis Denuto and prepare themselves for the fight of their lives.",/3QKTPz9gpIIt9Po091LfG0CASfk.jpg,1997-04-10,7.067,"['Drama', 'Comedy']"
2620,This Is My Father (1998),Drama|Romance,25232.0,"When schoolteacher Kieran Johnson discovers that his father was not a French sailor (as he had been led to believe) but rather an Irish farmer, he looks to his mother for answers. When she refuses to provide any, Kieran travels to Ireland.",/xKOdv0qSUFLcMpHftpk19M0G5DA.jpg,1999-05-07,5.4,"['Drama', 'Romance']"
2622,William Shakespeare's A Midsummer Night's Dream (1999),Comedy|Fantasy,10210.0,"The lovely Hermia is to wed Demetrius, but she truly cares for Lysander. Hermia's friend, Helena, is in love with Demetrius, while other romantic entanglements abound in the woods, with married fairy rulers Titania and Oberon toying with various lovers and each other.",/5KTYh2gXmsHUzsRsrstBGy0QfXf.jpg,1999-05-20,6.4,"['Fantasy', 'Comedy', 'Romance']"
2623,Trippin' (1999),Comedy,53862.0,"Greg is near the end of his senior year in high school, wanting to go to the prom, eyeing Cinny (the school's beauty with brains) from afar, and regularly trippin', daydreaming about being a big success as a poet, a student, a lover. His mom wants him to apply to colleges, but Greg hasn't a clue. One of his teachers, Mr. Shapic, tries to inspire him, too. He finally figures out he can get close to Cinny if he asks her for help with college applications. But friendship isn't enough, he wants romance and a prom date. So, he tells a few lies and, for awhile, it seems to be working. Then, things fall apart and Greg has to figure out how to put the trippin aside and get real.",/gKdbdPg6Ye8TOpGGDFQ0NeVVSSI.jpg,1999-05-12,4.7,"['Comedy', 'Romance']"
2624,After Life (Wandafuru raifu) (1998),Drama|Fantasy,17962.0,"On a cold Monday morning, a group of counselors clock in at an old-fashioned social services office. Their task is to interview the recently deceased, record their personal details, then, over the course of the week, assist them in choosing a single memory to keep for eternity.",/bs2M1hqAQl5LeAOPPRV4drwouZS.jpg,1999-04-17,7.2,"['Fantasy', 'Drama']"
2625,Black Mask (Hak hap) (1996),Action|Adventure|Crime|Sci-Fi|Thriller,9460.0,"Super-soldier recruit Tsui Chik is forced to escape with his comrades after the project is canceled. Months later, he's trying to have a quiet life as a librarian with his best friend, Inspector Shek Wai-Ho. However, a string of vicious gangland murders begins that has all the markings of Tsui's former compatriots who seem to have turned to crime. Realizing that the police are helpless, he decides to take them on himself. With a disguise, Tsui becomes the mysterious superhero known only as Black Mask.",/eEmG43S9o5C6XeFschoFQU4Bcub.jpg,1996-11-07,6.2,['Action']
2628,Star Wars: Episode I - The Phantom Menace (1999),Action|Adventure|Sci-Fi,1893.0,"Anakin Skywalker, a young slave strong with the Force, is discovered on Tatooine. Meanwhile, the evil Sith have returned, enacting their plot for revenge against the Jedi.",/6wkfovpn7Eq8dYNKaG5PY3q2oq6.jpg,1999-05-19,6.571,"['Adventure', 'Action', 'Science Fiction']"
2629,"Love Letter, The (1999)",Comedy|Romance,31342.0,"In the sleepy New England town of Loblolly By The Sea, a letter has arrived that is going to wake things up. It is a love letter - ardent, sensual... and unsigned. As the letter falls into different hands, residents of the small town to eye one another with renewed interest - wondering who it's for and who it's from. Determined to find the letter's author, Helen MacFarquhar begins a quest that will open her life to a new chapter involving two decidedly different men: George, an old friend from her past, and Johnny, a young man very much in her present. Unexpectedly, one mysterious love note has the power to unlock some startling secrets, leaving a trail of wonderful surprises as it turns an entire town upside down.",/7w8QCvKDFn1cJ3sW3RGWcwlitgX.jpg,1999-05-21,5.1,"['Comedy', 'Romance']"
2630,Besieged (a.k.a. L' Assedio) (1998),Drama,44297.0,"While in exile in Italy, an African woman finds herself trying to get back home and free her imprisoned husband. But the only man that can help her do so is in love with her.",/ZV18CMRVkUT119mmkGCz6mj6AD.jpg,1998-02-05,6.6,"['Drama', 'Romance']"
2632,"Saragossa Manuscript, The (Rekopis znaleziony w Saragossie) (1965)",Adventure|Drama|Mystery,8785.0,"During the Napoleonic wars, a Spanish officer and an opposing officer find a book written by the former's grandfather.",/r6LnCMQUwsHWPTNDuUuuKR5zgjt.jpg,1966-02-27,7.8,"['Fantasy', 'Mystery', 'History']"
2633,"Mummy, The (1932)",Horror|Romance,15849.0,An ancient Egyptian priest named Imhotep is revived when a British archaeological expedition finds his mummy and one of the researchers accidentally reads an ancient life-giving spell. Imhotep escapes from the field site and searches for the reincarnation of the soul of his lover.,/vSKpbZVvzqQcw6htiyEinbCY9vq.jpg,1932-12-22,6.749,"['Horror', 'Fantasy']"
2634,"Mummy, The (1959)",Horror,18990.0,"One by one the archaeologists who discover the 4,000-year-old tomb of Princess Ananka are brutally murdered. Kharis, high priest in Egypt 40 centuries ago, has been brought to life by the power of the ancient gods and his sole purpose is to destroy those responsible for the desecration of the sacred tomb. But Isobel, wife of one of the explorers, resembles the beautiful princess, forcing the speechless and tormented monster to defy commands and abduct Isobel to an unknown fate.",/w3XEtgi8W9tuPQnLVFCPVxtweyC.jpg,1959-08-01,6.723,['Horror']
2639,Mommie Dearest (1981),Drama,15660.0,"Renowned film star Joan Crawford's abuse towards Christina, her adopted daughter, intensifies as her professional and romantic relationships turn sour.",/3Amv5uQfadEonn7SmYLfNnoeOSu.jpg,1981-09-16,6.345,['Drama']
2640,Superman (1978),Action|Adventure|Sci-Fi,1924.0,"Mild-mannered Clark Kent works as a reporter at the Daily Planet alongside his crush, Lois Lane. Clark must summon his superhero alter-ego when the nefarious Lex Luthor launches a plan to take over the world.",/d7px1FQxW4tngdACVRsCSaZq0Xl.jpg,1978-12-14,7.16,"['Science Fiction', 'Action', 'Adventure']"
2641,Superman II (1980),Action|Sci-Fi,8536.0,"Three Kryptonian criminals led by General Zod team up with Lex Luthor to conquer Earth, forcing a depowered Superman to regain his strength and stop them.",/3xk5cno9BHcnwc97XO9k21aI1Zi.jpg,1980-12-12,6.753,"['Science Fiction', 'Action', 'Adventure']"
2642,Superman III (1983),Action|Adventure|Sci-Fi,9531.0,"Aiming to defeat the Man of Steel, wealthy executive Ross Webster hires bumbling but brilliant Gus Gorman to develop synthetic kryptonite, which yields some unexpected psychological effects. Between rekindling romance with his high school sweetheart and saving himself, Superman must contend with a powerful supercomputer.",/icE00hFNg86z3OrWyyRop7khwii.jpg,1983-06-17,5.5,"['Comedy', 'Science Fiction', 'Action', 'Adventure']"
2643,Superman IV: The Quest for Peace (1987),Action|Adventure|Sci-Fi,11411.0,"With global superpowers engaged in an increasingly hostile arms race, Superman leads a crusade to rid the world of nuclear weapons. But Lex Luthor, recently sprung from jail, is declaring war on the Man of Steel and his quest to save the planet. Using a strand of Superman's hair, Luthor synthesizes a powerful ally known as Nuclear Man and ignites an epic battle spanning Earth and space.",/vhs3P0JwqzlgfBqhjnCWDEOtDmS.jpg,1987-07-24,4.591,"['Action', 'Adventure', 'Science Fiction']"
2644,Dracula (1931),Horror,138.0,"A British estate agent travels to Transylvania to meet the mysterious Count Dracula, who is interested in leasing a London castle. After Dracula enslaves the agent and drives him to insanity, the pair return to London together, where Dracula, a secret bloodsucker, begins preying on socialites.",/ueVSPt7vAba0XScHWTDWS5tNxYX.jpg,1931-02-12,7.2,['Horror']
2648,Frankenstein (1931),Drama|Horror|Sci-Fi,3035.0,Henry Frankenstein pieces together body parts in the hope of bringing a human-like creature to life. The mad scientist’s dreams are shattered by his monstrous creation awakening with rage to a world that hates and fears him.,/mu6wHwH0IwCCaEYtpqujuPJYat1.jpg,1931-11-21,7.466,"['Drama', 'Horror', 'Science Fiction']"
2651,Frankenstein Meets the Wolf Man (1943),Horror,3076.0,"Grave robbers open the grave of the wolf man and awaken him. He doesn't like the idea of being immortal and killing people when the moon is full so tries to find Dr. Frankenstein, in the hopes that the doctor can cure him. Dr. Frankenstein has died; however, his monster is found.",/eitxewmvmZXY7qoKpiVhdaFmwMz.jpg,1943-03-12,6.2,"['Horror', 'Science Fiction']"
2652,"Curse of Frankenstein, The (1957)",Horror,3079.0,Baron Victor Frankenstein has discovered life's secret and unleashed a blood-curdling chain of events resulting from his creation: a cursed creature with a horrid face — and a tendency to kill.,/r9PDkqKhzdo54aqnOL88wUJY49B.jpg,1957-05-20,6.789,"['Horror', 'Science Fiction']"
2654,"Wolf Man, The (1941)",Drama|Fantasy|Horror,13666.0,"After his brother's death, Larry Talbot returns home to his father and the family estate. Events soon take a turn for the worse when Larry is bitten by a werewolf.",/tyEke5KSZa02l4MAAQsWu7clHrb.jpg,1941-12-09,7.018,"['Horror', 'Drama']"
2655,Howling II: Your Sister Is a Werewolf (1985),Horror,29794.0,"When a young journalist dies in violent circumstances, her brother soon learns, by way of the mysterious Stefan Crosscoe, that his sister has succumbed to the werewolf curse.",/e72qjJ4Qf6zuQCqpwdjH5IZ5WH5.jpg,1985-08-28,4.9,"['Thriller', 'Horror', 'Comedy']"
2656,Tarantula (1955),Horror|Sci-Fi,9077.0,"A rogue scientist near a small desert town arouses the suspicion of the town's doctor when his lab assistant is found dead from a case of acromegaly, which took only four days to develop.  As the doctor investigates, aided by the scientist's new female assistant, they discover that something is devouring local cattle and humans in increasingly large quantities.",/gPjlVSys2CJP1aQKXnhj4kKDxrB.jpg,1955-10-29,6.5,"['Science Fiction', 'Horror']"
2657,"Rocky Horror Picture Show, The (1975)",Comedy|Horror|Musical|Sci-Fi,36685.0,"After getting a flat tire in the middle of nowhere, newly engaged couple Brad and Janet encounter the eerie mansion of the flamboyant, seductive Dr. Frank-N-Furter and a variety of eccentric characters. Through elaborate dance and rock music, the mad scientist unveils his latest creation: a perfect, muscular man.",/3pyE6ZqDbuJi7zrNzzQzcKTWdmN.jpg,1975-08-14,7.438,"['Comedy', 'Science Fiction', 'Fantasy', 'Horror']"
2659,It Came from Hollywood (1982),Comedy|Documentary,30168.0,"Dan Aykroyd, John Candy, Gilda Radner and Cheech and Chong present this compilation of classic bad films from the 50's, 60's and 70's. Special features on gorilla pictures, anti-marijuana films and a special tribute to the worst film maker of all-time, Ed Wood.",/jf65NC2N5JsKj5h8iM8bXRnVdI5.jpg,1982-10-29,5.2,"['Comedy', 'Documentary']"
2660,"Thing from Another World, The (1951)",Horror|Sci-Fi,10785.0,Scientists and US Air Force officials fend off a blood-thirsty alien organism while investigating at a remote arctic outpost.,/rm2w8dEhOGDuckB6i0Spz9lTzpR.jpg,1951-04-05,6.7,"['Drama', 'Horror', 'Science Fiction']"
